
Welcome to the light, powerful, text window manager, Byobu.
You can toggle the launch of Byobu at login with:
  'byobu-disable' and 'byobu-enable'

For tips, tricks, and more information, see:
 * https://bit.ly/byobu-tips

nixos@nixos ~/Documents-Linux/star-proverif main @ cat rate-limitability.pv
set preciseActions = true.

letfun ServiceAuthCore(r1: bitstring, r2: bitstring, target: bitstring) =
  if r1 <> target && r2 <> target then 0.

letfun ServiceAuthCore4(r1: bitstring, r2: bitstring, r3: bitstring, r4: bitstring, target: bitstring) =
  let a = ServiceAuthCore(r1, r2, target) in
  let b = ServiceAuthCore(r3, r4, target) in
  0.

letfun ServiceAuthCore8(r1: bitstring, r2: bitstring, r3: bitstring, r4: bitstring,
  r5: bitstring, r6: bitstring, r7: bitstring, r8: bitstring, target: bitstring) =
  let a = ServiceAuthCore(r1, r2, target) in
  let b = ServiceAuthCore(r3, r4, target) in
  let c = ServiceAuthCore(r5, r6, target) in
  let d = ServiceAuthCore(r7, r8, target) in
  0.

event access_count(counter).


query event(access_count(c5)).
query event(access_count(c6)).

let ServerAuthSix(sk: key) =
  in(auth_net, authReq: cipher);
  let (h0:bitstring, uid:bitstring) = LibAuthCoreWithUid(authReq, today, sk) in
  let _ = ServiceAuthCore4(null, null, null, null, h0) in
  event access_count(c0);

  in(auth_net, authReq: cipher);
  let (h1:bitstring, =uid) = LibAuthCoreWithUid(authReq, today, sk) in
  let _ = ServiceAuthCore4(null, null, null, h0, h1) in
  event access_count(c1);

  in(auth_net, authReq: cipher);
  let (h2:bitstring, =uid) = LibAuthCoreWithUid(authReq, today, sk) in
  let _ = ServiceAuthCore4(null, null, h0, h1, h2) in
  event access_count(c2);

  in(auth_net, authReq: cipher);
  let (h3:bitstring, =uid) = LibAuthCoreWithUid(authReq, today, sk) in
  let _ = ServiceAuthCore4(null, h0, h1, h2, h3) in
  event access_count(c3);

  in(auth_net, authReq: cipher);
  let (h4:bitstring, =uid) = LibAuthCoreWithUid(authReq, today, sk) in
  let _ = ServiceAuthCore4(h0, h1, h2, h3, h4) in
  event access_count(c4);

  in(auth_net, authReq: cipher);
  let (h5:bitstring, =uid) = LibAuthCoreWithUid(authReq, today, sk) in
  let _ = ServiceAuthCore8(null, null, null, h0, h1, h2, h3, h4, h5) in
  event access_count(c5);

  in(auth_net, authReq: cipher);
  let (h6:bitstring, =uid) = LibAuthCoreWithUid(authReq, today, sk) in
  let _ = ServiceAuthCore8(null, null, h0, h1, h2, h3, h4, h5, h6) in
  event access_count(c6).

let Server(sk: key, pk: pkey) =
  !ServerRegister(sk)
  | !ServerAuth(sk)
  | !ServerAuthSix(sk).

let System =
  new skAuth: key;
  let pkAuth: pkey = pk(skAuth) in
  (
  Server(skAuth, pkAuth)
  | !(
      new id: identity;
      UserRegister(pkAuth, id)
    )
  | !UserAuth(pkAuth)
  ).

process
  System
nixos@nixos ~/Documents-Linux/star-proverif main @ make rate_limiting
proverif -lib ./protocol/core.pvl -lib ./protocol/server.pvl -lib ./protocol/honest_server.pvl -lib ./protocol/user.pvl  ./rate-limitability.pv
File "./protocol/core.pvl", line 50, characters 7-12:
Warning: identifier cipher rebound.
File "./protocol/core.pvl", line 54, characters 17-21:
Warning: identifier nonce rebound.
File "./protocol/core.pvl", line 64, characters 7-12:
Warning: identifier cipher rebound.
File "./protocol/user.pvl", line 5, characters 7-12:
Warning: identifier cipher rebound.
File "./rate-limitability.pv", line 31, characters 16-22:
Warning: identifier authReq rebound.
File "./rate-limitability.pv", line 36, characters 16-22:
Warning: identifier authReq rebound.
File "./rate-limitability.pv", line 41, characters 16-22:
Warning: identifier authReq rebound.
File "./rate-limitability.pv", line 46, characters 16-22:
Warning: identifier authReq rebound.
File "./rate-limitability.pv", line 51, characters 16-22:
Warning: identifier authReq rebound.
File "./rate-limitability.pv", line 56, characters 16-22:
Warning: identifier authReq rebound.
Process 0 (that is, the initial process):
{1}new skAuth: key;
{2}let pkAuth: pkey = pk(skAuth) in
(
    {3}let sk: key = skAuth in
    (
        {4}!
        {5}in(reg_net, regReq: bitstring);
        {6}let RegisterRequest(id: identity,cipherIn: cipher) = regReq in
        {44}get registered(=id) in
        (
            {7}let cipherIn_1: cipher = fail_cipher in
            {8}let v: cipher = cipherIn_1 in
            {9}let v_1: bool = success?(1-proj-Cipher(v)) in
            {10}let nonce_1: nonce = (if v_1 then 2-proj-Cipher(v) else caught-fail) in
            {11}let c: bitstring = (if v_1 then 1-proj-Cipher(v) else caught-fail) in
            {12}let plain: bitstring = (if v_1 then catch-fail(adec_internal(c,nonce_1,sk)) else caught-fail) in
            {13}let v_2: bool = not-caught-fail(plain) in
            {14}let ck: bitstring = (if v_1 then (if v_2 then plain else fail-any_type) else fail-any_type) in
            {15}new uid: bitstring;
            {16}let code: bitstring = mac(uid,sk) in
            {17}let cred: bitstring = Credential(code,uid) in
            {18}new n: nonce;
            {19}let c_1: bitstring = senc_internal(cred,n,ck) in
            {20}let cipher_1: cipher = Cipher(c_1,n) in
            {21}let cipherOut: cipher = cipher_1 in
            {22}event user_registered(uid);
            {23}let cipherOut_1: cipher = cipherOut in
            {24}out(reg_net, cipherOut_1)
        )
        else
            {25}insert registered(id);
            {26}let cipherIn_2: cipher = cipherIn in
            {27}let v_3: cipher = cipherIn_2 in
            {28}let v_4: bool = success?(1-proj-Cipher(v_3)) in
            {29}let nonce_2: nonce = (if v_4 then 2-proj-Cipher(v_3) else caught-fail) in
            {30}let c_2: bitstring = (if v_4 then 1-proj-Cipher(v_3) else caught-fail) in
            {31}let plain_1: bitstring = (if v_4 then catch-fail(adec_internal(c_2,nonce_2,sk)) else caught-fail) in
            {32}let v_5: bool = not-caught-fail(plain_1) in
            {33}let ck_1: bitstring = (if v_4 then (if v_5 then plain_1 else fail-any_type) else fail-any_type) in
            {34}new uid_1: bitstring;
            {35}let code_1: bitstring = mac(uid_1,sk) in
            {36}let cred_1: bitstring = Credential(code_1,uid_1) in
            {37}new n_1: nonce;
            {38}let c_3: bitstring = senc_internal(cred_1,n_1,ck_1) in
            {39}let cipher_2: cipher = Cipher(c_3,n_1) in
            {40}let cipherOut_2: cipher = cipher_2 in
            {41}event user_registered(uid_1);
            {42}let cipherOut_3: cipher = cipherOut_2 in
            {43}out(reg_net, cipherOut_3)
    ) | (
        {45}!
        {46}in(auth_net, authReq: cipher);
        {47}let t: period = today in
        {48}let v_6: cipher = authReq in
        {49}let v_7: bool = success?(1-proj-Cipher(v_6)) in
        {50}let nonce_3: nonce = (if v_7 then 2-proj-Cipher(v_6) else caught-fail) in
        {51}let c_4: bitstring = (if v_7 then 1-proj-Cipher(v_6) else caught-fail) in
        {52}let plain_2: bitstring = (if v_7 then catch-fail(adec_internal(c_4,nonce_3,sk)) else caught-fail) in
        {53}let v_8: bool = not-caught-fail(plain_2) in
        {54}let payload: bitstring = (if v_7 then (if v_8 then plain_2 else fail-any_type) else fail-any_type) in
        {55}let AuthRequestPlain(=t,cnt: counter,cred_2: bitstring) = payload in
        {56}let Credential(code_2: bitstring,uid_2: bitstring) = cred_2 in
        {57}if ((code_2 = mac(uid_2,sk)) && ((cnt = c0) || ((cnt = c1) || ((cnt = c2) || ((cnt = c3) || ((cnt = c4) || (cnt = c5))))))) then
        {58}let prfK: key = prfKey(cnt,uid_2) in
        {59}let prfT: bitstring = prfTag(t) in
        {60}let h: bitstring = prf(prfT,prfK) in
        {61}let nym: bitstring = h in
        {62}event user_authenticated(uid_2);
        {63}let v_9: bitstring = (nym,uid_2) in
        {64}let v_10: bool = success?(1-proj-2-tuple(v_9)) in
        {65}let ignored_v: bitstring = (if v_10 then 2-proj-2-tuple(v_9) else caught-fail) in
        {66}let nym_1: bitstring = (if v_10 then 1-proj-2-tuple(v_9) else caught-fail) in
        {67}let h_1: bitstring = (if v_10 then nym_1 else fail-any_type) in
        {68}event checkpoint
    ) | (
        {69}!
        {70}in(auth_net, authReq_1: cipher);
        {71}let t_1: period = today in
        {72}let v_11: cipher = authReq_1 in
        {73}let v_12: bool = success?(1-proj-Cipher(v_11)) in
        {74}let nonce_4: nonce = (if v_12 then 2-proj-Cipher(v_11) else caught-fail) in
        {75}let c_5: bitstring = (if v_12 then 1-proj-Cipher(v_11) else caught-fail) in
        {76}let plain_3: bitstring = (if v_12 then catch-fail(adec_internal(c_5,nonce_4,sk)) else caught-fail) in
        {77}let v_13: bool = not-caught-fail(plain_3) in
        {78}let payload_1: bitstring = (if v_12 then (if v_13 then plain_3 else fail-any_type) else fail-any_type) in
        {79}let AuthRequestPlain(=t_1,cnt_1: counter,cred_3: bitstring) = payload_1 in
        {80}let Credential(code_3: bitstring,uid_3: bitstring) = cred_3 in
        {81}if ((code_3 = mac(uid_3,sk)) && ((cnt_1 = c0) || ((cnt_1 = c1) || ((cnt_1 = c2) || ((cnt_1 = c3) || ((cnt_1 = c4) || (cnt_1 = c5))))))) then
        {82}let prfK_1: key = prfKey(cnt_1,uid_3) in
        {83}let prfT_1: bitstring = prfTag(t_1) in
        {84}let h_2: bitstring = prf(prfT_1,prfK_1) in
        {85}let nym_2: bitstring = h_2 in
        {86}event user_authenticated(uid_3);
        {87}let (h0: bitstring,uid_4: bitstring) = (nym_2,uid_3) in
        {88}let r1: bitstring = null in
        {89}let r2: bitstring = null in
        {90}let r3: bitstring = null in
        {91}let r4: bitstring = null in
        {92}let a: nat = catch-fail((if ((r1 ≠ h0) && (r2 ≠ h0)) then 0 else fail-any_type)) in
        {93}let v_14: bool = not-caught-fail(a) in
        {94}let b: nat = (if v_14 then catch-fail((if ((r3 ≠ h0) && (r4 ≠ h0)) then 0 else fail-any_type)) else caught-fail) in
        {95}let v_15: bool = not-caught-fail(b) in
        {96}let ignored_v_1: nat = (if v_14 then (if v_15 then 0 else fail-any_type) else fail-any_type) in
        {97}event access_count(c0);
        {98}in(auth_net, authReq_2: cipher);
        {99}let t_2: period = today in
        {100}let v_16: cipher = authReq_2 in
        {101}let v_17: bool = success?(1-proj-Cipher(v_16)) in
        {102}let nonce_5: nonce = (if v_17 then 2-proj-Cipher(v_16) else caught-fail) in
        {103}let c_6: bitstring = (if v_17 then 1-proj-Cipher(v_16) else caught-fail) in
        {104}let plain_4: bitstring = (if v_17 then catch-fail(adec_internal(c_6,nonce_5,sk)) else caught-fail) in
        {105}let v_18: bool = not-caught-fail(plain_4) in
        {106}let payload_2: bitstring = (if v_17 then (if v_18 then plain_4 else fail-any_type) else fail-any_type) in
        {107}let AuthRequestPlain(=t_2,cnt_2: counter,cred_4: bitstring) = payload_2 in
        {108}let Credential(code_4: bitstring,uid_5: bitstring) = cred_4 in
        {109}if ((code_4 = mac(uid_5,sk)) && ((cnt_2 = c0) || ((cnt_2 = c1) || ((cnt_2 = c2) || ((cnt_2 = c3) || ((cnt_2 = c4) || (cnt_2 = c5))))))) then
        {110}let prfK_2: key = prfKey(cnt_2,uid_5) in
        {111}let prfT_2: bitstring = prfTag(t_2) in
        {112}let h_3: bitstring = prf(prfT_2,prfK_2) in
        {113}let nym_3: bitstring = h_3 in
        {114}event user_authenticated(uid_5);
        {115}let (h1: bitstring,=uid_4) = (nym_3,uid_5) in
        {116}let r1_1: bitstring = null in
        {117}let r2_1: bitstring = null in
        {118}let r3_1: bitstring = null in
        {119}let a_1: nat = catch-fail((if ((r1_1 ≠ h1) && (r2_1 ≠ h1)) then 0 else fail-any_type)) in
        {120}let v_19: bool = not-caught-fail(a_1) in
        {121}let b_1: nat = (if v_19 then catch-fail((if ((r3_1 ≠ h1) && (h0 ≠ h1)) then 0 else fail-any_type)) else caught-fail) in
        {122}let v_20: bool = not-caught-fail(b_1) in
        {123}let ignored_v_2: nat = (if v_19 then (if v_20 then 0 else fail-any_type) else fail-any_type) in
        {124}event access_count(c1);
        {125}in(auth_net, authReq_3: cipher);
        {126}let t_3: period = today in
        {127}let v_21: cipher = authReq_3 in
        {128}let v_22: bool = success?(1-proj-Cipher(v_21)) in
        {129}let nonce_6: nonce = (if v_22 then 2-proj-Cipher(v_21) else caught-fail) in
        {130}let c_7: bitstring = (if v_22 then 1-proj-Cipher(v_21) else caught-fail) in
        {131}let plain_5: bitstring = (if v_22 then catch-fail(adec_internal(c_7,nonce_6,sk)) else caught-fail) in
        {132}let v_23: bool = not-caught-fail(plain_5) in
        {133}let payload_3: bitstring = (if v_22 then (if v_23 then plain_5 else fail-any_type) else fail-any_type) in
        {134}let AuthRequestPlain(=t_3,cnt_3: counter,cred_5: bitstring) = payload_3 in
        {135}let Credential(code_5: bitstring,uid_6: bitstring) = cred_5 in
        {136}if ((code_5 = mac(uid_6,sk)) && ((cnt_3 = c0) || ((cnt_3 = c1) || ((cnt_3 = c2) || ((cnt_3 = c3) || ((cnt_3 = c4) || (cnt_3 = c5))))))) then
        {137}let prfK_3: key = prfKey(cnt_3,uid_6) in
        {138}let prfT_3: bitstring = prfTag(t_3) in
        {139}let h_4: bitstring = prf(prfT_3,prfK_3) in
        {140}let nym_4: bitstring = h_4 in
        {141}event user_authenticated(uid_6);
        {142}let (h2: bitstring,=uid_4) = (nym_4,uid_6) in
        {143}let r1_2: bitstring = null in
        {144}let r2_2: bitstring = null in
        {145}let a_2: nat = catch-fail((if ((r1_2 ≠ h2) && (r2_2 ≠ h2)) then 0 else fail-any_type)) in
        {146}let v_24: bool = not-caught-fail(a_2) in
        {147}let b_2: nat = (if v_24 then catch-fail((if ((h0 ≠ h2) && (h1 ≠ h2)) then 0 else fail-any_type)) else caught-fail) in
        {148}let v_25: bool = not-caught-fail(b_2) in
        {149}let ignored_v_3: nat = (if v_24 then (if v_25 then 0 else fail-any_type) else fail-any_type) in
        {150}event access_count(c2);
        {151}in(auth_net, authReq_4: cipher);
        {152}let t_4: period = today in
        {153}let v_26: cipher = authReq_4 in
        {154}let v_27: bool = success?(1-proj-Cipher(v_26)) in
        {155}let nonce_7: nonce = (if v_27 then 2-proj-Cipher(v_26) else caught-fail) in
        {156}let c_8: bitstring = (if v_27 then 1-proj-Cipher(v_26) else caught-fail) in
        {157}let plain_6: bitstring = (if v_27 then catch-fail(adec_internal(c_8,nonce_7,sk)) else caught-fail) in
        {158}let v_28: bool = not-caught-fail(plain_6) in
        {159}let payload_4: bitstring = (if v_27 then (if v_28 then plain_6 else fail-any_type) else fail-any_type) in
        {160}let AuthRequestPlain(=t_4,cnt_4: counter,cred_6: bitstring) = payload_4 in
        {161}let Credential(code_6: bitstring,uid_7: bitstring) = cred_6 in
        {162}if ((code_6 = mac(uid_7,sk)) && ((cnt_4 = c0) || ((cnt_4 = c1) || ((cnt_4 = c2) || ((cnt_4 = c3) || ((cnt_4 = c4) || (cnt_4 = c5))))))) then
        {163}let prfK_4: key = prfKey(cnt_4,uid_7) in
        {164}let prfT_4: bitstring = prfTag(t_4) in
        {165}let h_5: bitstring = prf(prfT_4,prfK_4) in
        {166}let nym_5: bitstring = h_5 in
        {167}event user_authenticated(uid_7);
        {168}let (h3: bitstring,=uid_4) = (nym_5,uid_7) in
        {169}let r1_3: bitstring = null in
        {170}let a_3: nat = catch-fail((if ((r1_3 ≠ h3) && (h0 ≠ h3)) then 0 else fail-any_type)) in
        {171}let v_29: bool = not-caught-fail(a_3) in
        {172}let b_3: nat = (if v_29 then catch-fail((if ((h1 ≠ h3) && (h2 ≠ h3)) then 0 else fail-any_type)) else caught-fail) in
        {173}let v_30: bool = not-caught-fail(b_3) in
        {174}let ignored_v_4: nat = (if v_29 then (if v_30 then 0 else fail-any_type) else fail-any_type) in
        {175}event access_count(c3);
        {176}in(auth_net, authReq_5: cipher);
        {177}let t_5: period = today in
        {178}let v_31: cipher = authReq_5 in
        {179}let v_32: bool = success?(1-proj-Cipher(v_31)) in
        {180}let nonce_8: nonce = (if v_32 then 2-proj-Cipher(v_31) else caught-fail) in
        {181}let c_9: bitstring = (if v_32 then 1-proj-Cipher(v_31) else caught-fail) in
        {182}let plain_7: bitstring = (if v_32 then catch-fail(adec_internal(c_9,nonce_8,sk)) else caught-fail) in
        {183}let v_33: bool = not-caught-fail(plain_7) in
        {184}let payload_5: bitstring = (if v_32 then (if v_33 then plain_7 else fail-any_type) else fail-any_type) in
        {185}let AuthRequestPlain(=t_5,cnt_5: counter,cred_7: bitstring) = payload_5 in
        {186}let Credential(code_7: bitstring,uid_8: bitstring) = cred_7 in
        {187}if ((code_7 = mac(uid_8,sk)) && ((cnt_5 = c0) || ((cnt_5 = c1) || ((cnt_5 = c2) || ((cnt_5 = c3) || ((cnt_5 = c4) || (cnt_5 = c5))))))) then
        {188}let prfK_5: key = prfKey(cnt_5,uid_8) in
        {189}let prfT_5: bitstring = prfTag(t_5) in
        {190}let h_6: bitstring = prf(prfT_5,prfK_5) in
        {191}let nym_6: bitstring = h_6 in
        {192}event user_authenticated(uid_8);
        {193}let (h4: bitstring,=uid_4) = (nym_6,uid_8) in
        {194}let a_4: nat = catch-fail((if ((h0 ≠ h4) && (h1 ≠ h4)) then 0 else fail-any_type)) in
        {195}let v_34: bool = not-caught-fail(a_4) in
        {196}let b_4: nat = (if v_34 then catch-fail((if ((h2 ≠ h4) && (h3 ≠ h4)) then 0 else fail-any_type)) else caught-fail) in
        {197}let v_35: bool = not-caught-fail(b_4) in
        {198}let ignored_v_5: nat = (if v_34 then (if v_35 then 0 else fail-any_type) else fail-any_type) in
        {199}event access_count(c4);
        {200}in(auth_net, authReq_6: cipher);
        {201}let t_6: period = today in
        {202}let v_36: cipher = authReq_6 in
        {203}let v_37: bool = success?(1-proj-Cipher(v_36)) in
        {204}let nonce_9: nonce = (if v_37 then 2-proj-Cipher(v_36) else caught-fail) in
        {205}let c_10: bitstring = (if v_37 then 1-proj-Cipher(v_36) else caught-fail) in
        {206}let plain_8: bitstring = (if v_37 then catch-fail(adec_internal(c_10,nonce_9,sk)) else caught-fail) in
        {207}let v_38: bool = not-caught-fail(plain_8) in
        {208}let payload_6: bitstring = (if v_37 then (if v_38 then plain_8 else fail-any_type) else fail-any_type) in
        {209}let AuthRequestPlain(=t_6,cnt_6: counter,cred_8: bitstring) = payload_6 in
        {210}let Credential(code_8: bitstring,uid_9: bitstring) = cred_8 in
        {211}if ((code_8 = mac(uid_9,sk)) && ((cnt_6 = c0) || ((cnt_6 = c1) || ((cnt_6 = c2) || ((cnt_6 = c3) || ((cnt_6 = c4) || (cnt_6 = c5))))))) then
        {212}let prfK_6: key = prfKey(cnt_6,uid_9) in
        {213}let prfT_6: bitstring = prfTag(t_6) in
        {214}let h_7: bitstring = prf(prfT_6,prfK_6) in
        {215}let nym_7: bitstring = h_7 in
        {216}event user_authenticated(uid_9);
        {217}let (h5: bitstring,=uid_4) = (nym_7,uid_9) in
        {218}let r1_4: bitstring = null in
        {219}let r2_3: bitstring = null in
        {220}let r3_2: bitstring = null in
        {221}let a_5: nat = catch-fail((if ((r1_4 ≠ h5) && (r2_3 ≠ h5)) then 0 else fail-any_type)) in
        {222}let v_39: bool = not-caught-fail(a_5) in
        {223}let b_5: nat = (if v_39 then catch-fail((if ((r3_2 ≠ h5) && (h0 ≠ h5)) then 0 else fail-any_type)) else caught-fail) in
        {224}let v_40: bool = not-caught-fail(b_5) in
        {225}let c_11: nat = (if v_40 then catch-fail((if ((h1 ≠ h5) && (h2 ≠ h5)) then 0 else fail-any_type)) else caught-fail) in
        {226}let v_41: bool = not-caught-fail(c_11) in
        {227}let d: nat = (if v_41 then catch-fail((if ((h3 ≠ h5) && (h4 ≠ h5)) then 0 else fail-any_type)) else caught-fail) in
        {228}let v_42: bool = not-caught-fail(d) in
        {229}let ignored_v_6: nat = (if v_39 then (if v_40 then (if v_41 then (if v_42 then 0 else fail-any_type) else fail-any_type) else fail-any_type) else fail-any_type) in
        {230}event access_count(c5);
        {231}in(auth_net, authReq_7: cipher);
        {232}let t_7: period = today in
        {233}let v_43: cipher = authReq_7 in
        {234}let v_44: bool = success?(1-proj-Cipher(v_43)) in
        {235}let nonce_10: nonce = (if v_44 then 2-proj-Cipher(v_43) else caught-fail) in
        {236}let c_12: bitstring = (if v_44 then 1-proj-Cipher(v_43) else caught-fail) in
        {237}let plain_9: bitstring = (if v_44 then catch-fail(adec_internal(c_12,nonce_10,sk)) else caught-fail) in
        {238}let v_45: bool = not-caught-fail(plain_9) in
        {239}let payload_7: bitstring = (if v_44 then (if v_45 then plain_9 else fail-any_type) else fail-any_type) in
        {240}let AuthRequestPlain(=t_7,cnt_7: counter,cred_9: bitstring) = payload_7 in
        {241}let Credential(code_9: bitstring,uid_10: bitstring) = cred_9 in
        {242}if ((code_9 = mac(uid_10,sk)) && ((cnt_7 = c0) || ((cnt_7 = c1) || ((cnt_7 = c2) || ((cnt_7 = c3) || ((cnt_7 = c4) || (cnt_7 = c5))))))) then
        {243}let prfK_7: key = prfKey(cnt_7,uid_10) in
        {244}let prfT_7: bitstring = prfTag(t_7) in
        {245}let h_8: bitstring = prf(prfT_7,prfK_7) in
        {246}let nym_8: bitstring = h_8 in
        {247}event user_authenticated(uid_10);
        {248}let (h6: bitstring,=uid_4) = (nym_8,uid_10) in
        {249}let r1_5: bitstring = null in
        {250}let r2_4: bitstring = null in
        {251}let a_6: nat = catch-fail((if ((r1_5 ≠ h6) && (r2_4 ≠ h6)) then 0 else fail-any_type)) in
        {252}let v_46: bool = not-caught-fail(a_6) in
        {253}let b_6: nat = (if v_46 then catch-fail((if ((h0 ≠ h6) && (h1 ≠ h6)) then 0 else fail-any_type)) else caught-fail) in
        {254}let v_47: bool = not-caught-fail(b_6) in
        {255}let c_13: nat = (if v_47 then catch-fail((if ((h2 ≠ h6) && (h3 ≠ h6)) then 0 else fail-any_type)) else caught-fail) in
        {256}let v_48: bool = not-caught-fail(c_13) in
        {257}let d_1: nat = (if v_48 then catch-fail((if ((h4 ≠ h6) && (h5 ≠ h6)) then 0 else fail-any_type)) else caught-fail) in
        {258}let v_49: bool = not-caught-fail(d_1) in
        {259}let ignored_v_7: nat = (if v_46 then (if v_47 then (if v_48 then (if v_49 then 0 else fail-any_type) else fail-any_type) else fail-any_type) else fail-any_type) in
        {260}event access_count(c6)
    )
) | (
    {261}!
    {262}new id_1: identity;
    {263}let id_2: identity = id_1 in
    {264}new ck_2: bitstring;
    {265}let plain_10: bitstring = ck_2 in
    {266}new n_2: nonce;
    {267}let c_14: bitstring = aenc_internal(plain_10,n_2,pkAuth) in
    {268}let cipher_3: cipher = Cipher(c_14,n_2) in
    {269}let cipher1: cipher = cipher_3 in
    {270}let request: bitstring = RegisterRequest(id_2,cipher1) in
    {271}let (ck_3: bitstring,request_1: bitstring) = (ck_2,request) in
    {272}out(reg_net, request_1);
    {273}in(reg_net, regResp: cipher);
    {274}let v_50: cipher = regResp in
    {275}let v_51: bool = success?(1-proj-Cipher(v_50)) in
    {276}let n_3: nonce = (if v_51 then 2-proj-Cipher(v_50) else caught-fail) in
    {277}let c_15: bitstring = (if v_51 then 1-proj-Cipher(v_50) else caught-fail) in
    {278}let plain_11: bitstring = (if v_51 then catch-fail(sdec_internal(c_15,n_3,ck_3)) else caught-fail) in
    {279}let v_52: bool = not-caught-fail(plain_11) in
    {280}let cred_10: bitstring = catch-fail((if v_51 then (if v_52 then plain_11 else fail-any_type) else fail-any_type)) in
    {281}let v_53: bool = not-caught-fail(cred_10) in
    {282}let cred_11: bitstring = (if v_53 then cred_10 else fail-any_type) in
    {283}out(user_secure, (id_2,cred_11,c0))
) | (
    {284}!
    {285}in(user_secure, (id_3: identity,cred_12: bitstring,cnt_8: counter));
    {286}let t_8: period = today in
    {287}let authPayload: bitstring = AuthRequestPlain(t_8,cnt_8,cred_12) in
    {288}new n_4: nonce;
    {289}let c_16: bitstring = aenc_internal(authPayload,n_4,pkAuth) in
    {290}let cipher_4: cipher = Cipher(c_16,n_4) in
    {291}let cipher_5: cipher = cipher_4 in
    {292}let Credential(code_10: bitstring,uid_11: bitstring) = cred_12 in
    {293}event user_authenticating(uid_11);
    {294}let authCipher: cipher = cipher_5 in
    (
        {295}out(auth_net, authCipher)
    ) | (
        {296}let next: counter = counter_next(cnt_8) in
        {297}out(user_secure, (id_3,cred_12,next))
    )
)

--  Process 1 (that is, process 0, with let moved downwards):
{1}new skAuth: key;
(
    {3}let sk: key = skAuth in
    (
        {4}!
        {5}in(reg_net, regReq: bitstring);
        {6}let RegisterRequest(id: identity,cipherIn: cipher) = regReq in
        {44}get registered(=id) in
        (
            {7}let cipherIn_1: cipher = fail_cipher in
            {8}let v: cipher = cipherIn_1 in
            {9}let v_1: bool = success?(1-proj-Cipher(v)) in
            {10}let nonce_1: nonce = (if v_1 then 2-proj-Cipher(v) else caught-fail) in
            {11}let c: bitstring = (if v_1 then 1-proj-Cipher(v) else caught-fail) in
            {12}let plain: bitstring = (if v_1 then catch-fail(adec_internal(c,nonce_1,sk)) else caught-fail) in
            {13}let v_2: bool = not-caught-fail(plain) in
            {14}let ck: bitstring = (if v_1 then (if v_2 then plain else fail-any_type) else fail-any_type) in
            {15}new uid: bitstring;
            {18}new n: nonce;
            {22}event user_registered(uid);
            {16}let code: bitstring = mac(uid,sk) in
            {17}let cred: bitstring = Credential(code,uid) in
            {19}let c_1: bitstring = senc_internal(cred,n,ck) in
            {20}let cipher_1: cipher = Cipher(c_1,n) in
            {21}let cipherOut: cipher = cipher_1 in
            {23}let cipherOut_1: cipher = cipherOut in
            {24}out(reg_net, cipherOut_1)
        )
        else
            {25}insert registered(id);
            {26}let cipherIn_2: cipher = cipherIn in
            {27}let v_3: cipher = cipherIn_2 in
            {28}let v_4: bool = success?(1-proj-Cipher(v_3)) in
            {29}let nonce_2: nonce = (if v_4 then 2-proj-Cipher(v_3) else caught-fail) in
            {30}let c_2: bitstring = (if v_4 then 1-proj-Cipher(v_3) else caught-fail) in
            {31}let plain_1: bitstring = (if v_4 then catch-fail(adec_internal(c_2,nonce_2,sk)) else caught-fail) in
            {32}let v_5: bool = not-caught-fail(plain_1) in
            {33}let ck_1: bitstring = (if v_4 then (if v_5 then plain_1 else fail-any_type) else fail-any_type) in
            {34}new uid_1: bitstring;
            {37}new n_1: nonce;
            {41}event user_registered(uid_1);
            {35}let code_1: bitstring = mac(uid_1,sk) in
            {36}let cred_1: bitstring = Credential(code_1,uid_1) in
            {38}let c_3: bitstring = senc_internal(cred_1,n_1,ck_1) in
            {39}let cipher_2: cipher = Cipher(c_3,n_1) in
            {40}let cipherOut_2: cipher = cipher_2 in
            {42}let cipherOut_3: cipher = cipherOut_2 in
            {43}out(reg_net, cipherOut_3)
    ) | (
        {45}!
        {46}in(auth_net, authReq: cipher);
        {48}let v_6: cipher = authReq in
        {49}let v_7: bool = success?(1-proj-Cipher(v_6)) in
        {50}let nonce_3: nonce = (if v_7 then 2-proj-Cipher(v_6) else caught-fail) in
        {51}let c_4: bitstring = (if v_7 then 1-proj-Cipher(v_6) else caught-fail) in
        {52}let plain_2: bitstring = (if v_7 then catch-fail(adec_internal(c_4,nonce_3,sk)) else caught-fail) in
        {53}let v_8: bool = not-caught-fail(plain_2) in
        {54}let payload: bitstring = (if v_7 then (if v_8 then plain_2 else fail-any_type) else fail-any_type) in
        {47}let t: period = today in
        {55}let AuthRequestPlain(=t,cnt: counter,cred_2: bitstring) = payload in
        {56}let Credential(code_2: bitstring,uid_2: bitstring) = cred_2 in
        {57}if ((code_2 = mac(uid_2,sk)) && ((cnt = c0) || ((cnt = c1) || ((cnt = c2) || ((cnt = c3) || ((cnt = c4) || (cnt = c5))))))) then
        {62}event user_authenticated(uid_2);
        {59}let prfT: bitstring = prfTag(t) in
        {58}let prfK: key = prfKey(cnt,uid_2) in
        {60}let h: bitstring = prf(prfT,prfK) in
        {61}let nym: bitstring = h in
        {63}let v_9: bitstring = (nym,uid_2) in
        {64}let v_10: bool = success?(1-proj-2-tuple(v_9)) in
        {65}let ignored_v: bitstring = (if v_10 then 2-proj-2-tuple(v_9) else caught-fail) in
        {66}let nym_1: bitstring = (if v_10 then 1-proj-2-tuple(v_9) else caught-fail) in
        {67}let h_1: bitstring = (if v_10 then nym_1 else fail-any_type) in
        {68}event checkpoint
    ) | (
        {69}!
        {70}in(auth_net, authReq_1: cipher);
        {72}let v_11: cipher = authReq_1 in
        {73}let v_12: bool = success?(1-proj-Cipher(v_11)) in
        {74}let nonce_4: nonce = (if v_12 then 2-proj-Cipher(v_11) else caught-fail) in
        {75}let c_5: bitstring = (if v_12 then 1-proj-Cipher(v_11) else caught-fail) in
        {76}let plain_3: bitstring = (if v_12 then catch-fail(adec_internal(c_5,nonce_4,sk)) else caught-fail) in
        {77}let v_13: bool = not-caught-fail(plain_3) in
        {78}let payload_1: bitstring = (if v_12 then (if v_13 then plain_3 else fail-any_type) else fail-any_type) in
        {71}let t_1: period = today in
        {79}let AuthRequestPlain(=t_1,cnt_1: counter,cred_3: bitstring) = payload_1 in
        {80}let Credential(code_3: bitstring,uid_3: bitstring) = cred_3 in
        {81}if ((code_3 = mac(uid_3,sk)) && ((cnt_1 = c0) || ((cnt_1 = c1) || ((cnt_1 = c2) || ((cnt_1 = c3) || ((cnt_1 = c4) || (cnt_1 = c5))))))) then
        {86}event user_authenticated(uid_3);
        {83}let prfT_1: bitstring = prfTag(t_1) in
        {82}let prfK_1: key = prfKey(cnt_1,uid_3) in
        {84}let h_2: bitstring = prf(prfT_1,prfK_1) in
        {85}let nym_2: bitstring = h_2 in
        {87}let (h0: bitstring,uid_4: bitstring) = (nym_2,uid_3) in
        {89}let r2: bitstring = null in
        {88}let r1: bitstring = null in
        {92}let a: nat = catch-fail((if ((r1 ≠ h0) && (r2 ≠ h0)) then 0 else fail-any_type)) in
        {93}let v_14: bool = not-caught-fail(a) in
        {91}let r4: bitstring = null in
        {90}let r3: bitstring = null in
        {94}let b: nat = (if v_14 then catch-fail((if ((r3 ≠ h0) && (r4 ≠ h0)) then 0 else fail-any_type)) else caught-fail) in
        {95}let v_15: bool = not-caught-fail(b) in
        {96}let ignored_v_1: nat = (if v_14 then (if v_15 then 0 else fail-any_type) else fail-any_type) in
        {97}event access_count(c0);
        {98}in(auth_net, authReq_2: cipher);
        {100}let v_16: cipher = authReq_2 in
        {101}let v_17: bool = success?(1-proj-Cipher(v_16)) in
        {102}let nonce_5: nonce = (if v_17 then 2-proj-Cipher(v_16) else caught-fail) in
        {103}let c_6: bitstring = (if v_17 then 1-proj-Cipher(v_16) else caught-fail) in
        {104}let plain_4: bitstring = (if v_17 then catch-fail(adec_internal(c_6,nonce_5,sk)) else caught-fail) in
        {105}let v_18: bool = not-caught-fail(plain_4) in
        {106}let payload_2: bitstring = (if v_17 then (if v_18 then plain_4 else fail-any_type) else fail-any_type) in
        {99}let t_2: period = today in
        {107}let AuthRequestPlain(=t_2,cnt_2: counter,cred_4: bitstring) = payload_2 in
        {108}let Credential(code_4: bitstring,uid_5: bitstring) = cred_4 in
        {109}if ((code_4 = mac(uid_5,sk)) && ((cnt_2 = c0) || ((cnt_2 = c1) || ((cnt_2 = c2) || ((cnt_2 = c3) || ((cnt_2 = c4) || (cnt_2 = c5))))))) then
        {114}event user_authenticated(uid_5);
        {111}let prfT_2: bitstring = prfTag(t_2) in
        {110}let prfK_2: key = prfKey(cnt_2,uid_5) in
        {112}let h_3: bitstring = prf(prfT_2,prfK_2) in
        {113}let nym_3: bitstring = h_3 in
        {115}let (h1: bitstring,=uid_4) = (nym_3,uid_5) in
        {117}let r2_1: bitstring = null in
        {116}let r1_1: bitstring = null in
        {119}let a_1: nat = catch-fail((if ((r1_1 ≠ h1) && (r2_1 ≠ h1)) then 0 else fail-any_type)) in
        {120}let v_19: bool = not-caught-fail(a_1) in
        {118}let r3_1: bitstring = null in
        {121}let b_1: nat = (if v_19 then catch-fail((if ((r3_1 ≠ h1) && (h0 ≠ h1)) then 0 else fail-any_type)) else caught-fail) in
        {122}let v_20: bool = not-caught-fail(b_1) in
        {123}let ignored_v_2: nat = (if v_19 then (if v_20 then 0 else fail-any_type) else fail-any_type) in
        {124}event access_count(c1);
        {125}in(auth_net, authReq_3: cipher);
        {127}let v_21: cipher = authReq_3 in
        {128}let v_22: bool = success?(1-proj-Cipher(v_21)) in
        {129}let nonce_6: nonce = (if v_22 then 2-proj-Cipher(v_21) else caught-fail) in
        {130}let c_7: bitstring = (if v_22 then 1-proj-Cipher(v_21) else caught-fail) in
        {131}let plain_5: bitstring = (if v_22 then catch-fail(adec_internal(c_7,nonce_6,sk)) else caught-fail) in
        {132}let v_23: bool = not-caught-fail(plain_5) in
        {133}let payload_3: bitstring = (if v_22 then (if v_23 then plain_5 else fail-any_type) else fail-any_type) in
        {126}let t_3: period = today in
        {134}let AuthRequestPlain(=t_3,cnt_3: counter,cred_5: bitstring) = payload_3 in
        {135}let Credential(code_5: bitstring,uid_6: bitstring) = cred_5 in
        {136}if ((code_5 = mac(uid_6,sk)) && ((cnt_3 = c0) || ((cnt_3 = c1) || ((cnt_3 = c2) || ((cnt_3 = c3) || ((cnt_3 = c4) || (cnt_3 = c5))))))) then
        {141}event user_authenticated(uid_6);
        {138}let prfT_3: bitstring = prfTag(t_3) in
        {137}let prfK_3: key = prfKey(cnt_3,uid_6) in
        {139}let h_4: bitstring = prf(prfT_3,prfK_3) in
        {140}let nym_4: bitstring = h_4 in
        {142}let (h2: bitstring,=uid_4) = (nym_4,uid_6) in
        {144}let r2_2: bitstring = null in
        {143}let r1_2: bitstring = null in
        {145}let a_2: nat = catch-fail((if ((r1_2 ≠ h2) && (r2_2 ≠ h2)) then 0 else fail-any_type)) in
        {146}let v_24: bool = not-caught-fail(a_2) in
        {147}let b_2: nat = (if v_24 then catch-fail((if ((h0 ≠ h2) && (h1 ≠ h2)) then 0 else fail-any_type)) else caught-fail) in
        {148}let v_25: bool = not-caught-fail(b_2) in
        {149}let ignored_v_3: nat = (if v_24 then (if v_25 then 0 else fail-any_type) else fail-any_type) in
        {150}event access_count(c2);
        {151}in(auth_net, authReq_4: cipher);
        {153}let v_26: cipher = authReq_4 in
        {154}let v_27: bool = success?(1-proj-Cipher(v_26)) in
        {155}let nonce_7: nonce = (if v_27 then 2-proj-Cipher(v_26) else caught-fail) in
        {156}let c_8: bitstring = (if v_27 then 1-proj-Cipher(v_26) else caught-fail) in
        {157}let plain_6: bitstring = (if v_27 then catch-fail(adec_internal(c_8,nonce_7,sk)) else caught-fail) in
        {158}let v_28: bool = not-caught-fail(plain_6) in
        {159}let payload_4: bitstring = (if v_27 then (if v_28 then plain_6 else fail-any_type) else fail-any_type) in
        {152}let t_4: period = today in
        {160}let AuthRequestPlain(=t_4,cnt_4: counter,cred_6: bitstring) = payload_4 in
        {161}let Credential(code_6: bitstring,uid_7: bitstring) = cred_6 in
        {162}if ((code_6 = mac(uid_7,sk)) && ((cnt_4 = c0) || ((cnt_4 = c1) || ((cnt_4 = c2) || ((cnt_4 = c3) || ((cnt_4 = c4) || (cnt_4 = c5))))))) then
        {167}event user_authenticated(uid_7);
        {164}let prfT_4: bitstring = prfTag(t_4) in
        {163}let prfK_4: key = prfKey(cnt_4,uid_7) in
        {165}let h_5: bitstring = prf(prfT_4,prfK_4) in
        {166}let nym_5: bitstring = h_5 in
        {168}let (h3: bitstring,=uid_4) = (nym_5,uid_7) in
        {169}let r1_3: bitstring = null in
        {170}let a_3: nat = catch-fail((if ((r1_3 ≠ h3) && (h0 ≠ h3)) then 0 else fail-any_type)) in
        {171}let v_29: bool = not-caught-fail(a_3) in
        {172}let b_3: nat = (if v_29 then catch-fail((if ((h1 ≠ h3) && (h2 ≠ h3)) then 0 else fail-any_type)) else caught-fail) in
        {173}let v_30: bool = not-caught-fail(b_3) in
        {174}let ignored_v_4: nat = (if v_29 then (if v_30 then 0 else fail-any_type) else fail-any_type) in
        {175}event access_count(c3);
        {176}in(auth_net, authReq_5: cipher);
        {178}let v_31: cipher = authReq_5 in
        {179}let v_32: bool = success?(1-proj-Cipher(v_31)) in
        {180}let nonce_8: nonce = (if v_32 then 2-proj-Cipher(v_31) else caught-fail) in
        {181}let c_9: bitstring = (if v_32 then 1-proj-Cipher(v_31) else caught-fail) in
        {182}let plain_7: bitstring = (if v_32 then catch-fail(adec_internal(c_9,nonce_8,sk)) else caught-fail) in
        {183}let v_33: bool = not-caught-fail(plain_7) in
        {184}let payload_5: bitstring = (if v_32 then (if v_33 then plain_7 else fail-any_type) else fail-any_type) in
        {177}let t_5: period = today in
        {185}let AuthRequestPlain(=t_5,cnt_5: counter,cred_7: bitstring) = payload_5 in
        {186}let Credential(code_7: bitstring,uid_8: bitstring) = cred_7 in
        {187}if ((code_7 = mac(uid_8,sk)) && ((cnt_5 = c0) || ((cnt_5 = c1) || ((cnt_5 = c2) || ((cnt_5 = c3) || ((cnt_5 = c4) || (cnt_5 = c5))))))) then
        {192}event user_authenticated(uid_8);
        {189}let prfT_5: bitstring = prfTag(t_5) in
        {188}let prfK_5: key = prfKey(cnt_5,uid_8) in
        {190}let h_6: bitstring = prf(prfT_5,prfK_5) in
        {191}let nym_6: bitstring = h_6 in
        {193}let (h4: bitstring,=uid_4) = (nym_6,uid_8) in
        {194}let a_4: nat = catch-fail((if ((h0 ≠ h4) && (h1 ≠ h4)) then 0 else fail-any_type)) in
        {195}let v_34: bool = not-caught-fail(a_4) in
        {196}let b_4: nat = (if v_34 then catch-fail((if ((h2 ≠ h4) && (h3 ≠ h4)) then 0 else fail-any_type)) else caught-fail) in
        {197}let v_35: bool = not-caught-fail(b_4) in
        {198}let ignored_v_5: nat = (if v_34 then (if v_35 then 0 else fail-any_type) else fail-any_type) in
        {199}event access_count(c4);
        {200}in(auth_net, authReq_6: cipher);
        {202}let v_36: cipher = authReq_6 in
        {203}let v_37: bool = success?(1-proj-Cipher(v_36)) in
        {204}let nonce_9: nonce = (if v_37 then 2-proj-Cipher(v_36) else caught-fail) in
        {205}let c_10: bitstring = (if v_37 then 1-proj-Cipher(v_36) else caught-fail) in
        {206}let plain_8: bitstring = (if v_37 then catch-fail(adec_internal(c_10,nonce_9,sk)) else caught-fail) in
        {207}let v_38: bool = not-caught-fail(plain_8) in
        {208}let payload_6: bitstring = (if v_37 then (if v_38 then plain_8 else fail-any_type) else fail-any_type) in
        {201}let t_6: period = today in
        {209}let AuthRequestPlain(=t_6,cnt_6: counter,cred_8: bitstring) = payload_6 in
        {210}let Credential(code_8: bitstring,uid_9: bitstring) = cred_8 in
        {211}if ((code_8 = mac(uid_9,sk)) && ((cnt_6 = c0) || ((cnt_6 = c1) || ((cnt_6 = c2) || ((cnt_6 = c3) || ((cnt_6 = c4) || (cnt_6 = c5))))))) then
        {216}event user_authenticated(uid_9);
        {213}let prfT_6: bitstring = prfTag(t_6) in
        {212}let prfK_6: key = prfKey(cnt_6,uid_9) in
        {214}let h_7: bitstring = prf(prfT_6,prfK_6) in
        {215}let nym_7: bitstring = h_7 in
        {217}let (h5: bitstring,=uid_4) = (nym_7,uid_9) in
        {219}let r2_3: bitstring = null in
        {218}let r1_4: bitstring = null in
        {221}let a_5: nat = catch-fail((if ((r1_4 ≠ h5) && (r2_3 ≠ h5)) then 0 else fail-any_type)) in
        {222}let v_39: bool = not-caught-fail(a_5) in
        {220}let r3_2: bitstring = null in
        {223}let b_5: nat = (if v_39 then catch-fail((if ((r3_2 ≠ h5) && (h0 ≠ h5)) then 0 else fail-any_type)) else caught-fail) in
        {224}let v_40: bool = not-caught-fail(b_5) in
        {225}let c_11: nat = (if v_40 then catch-fail((if ((h1 ≠ h5) && (h2 ≠ h5)) then 0 else fail-any_type)) else caught-fail) in
        {226}let v_41: bool = not-caught-fail(c_11) in
        {227}let d: nat = (if v_41 then catch-fail((if ((h3 ≠ h5) && (h4 ≠ h5)) then 0 else fail-any_type)) else caught-fail) in
        {228}let v_42: bool = not-caught-fail(d) in
        {229}let ignored_v_6: nat = (if v_39 then (if v_40 then (if v_41 then (if v_42 then 0 else fail-any_type) else fail-any_type) else fail-any_type) else fail-any_type) in
        {230}event access_count(c5);
        {231}in(auth_net, authReq_7: cipher);
        {233}let v_43: cipher = authReq_7 in
        {234}let v_44: bool = success?(1-proj-Cipher(v_43)) in
        {235}let nonce_10: nonce = (if v_44 then 2-proj-Cipher(v_43) else caught-fail) in
        {236}let c_12: bitstring = (if v_44 then 1-proj-Cipher(v_43) else caught-fail) in
        {237}let plain_9: bitstring = (if v_44 then catch-fail(adec_internal(c_12,nonce_10,sk)) else caught-fail) in
        {238}let v_45: bool = not-caught-fail(plain_9) in
        {239}let payload_7: bitstring = (if v_44 then (if v_45 then plain_9 else fail-any_type) else fail-any_type) in
        {232}let t_7: period = today in
        {240}let AuthRequestPlain(=t_7,cnt_7: counter,cred_9: bitstring) = payload_7 in
        {241}let Credential(code_9: bitstring,uid_10: bitstring) = cred_9 in
        {242}if ((code_9 = mac(uid_10,sk)) && ((cnt_7 = c0) || ((cnt_7 = c1) || ((cnt_7 = c2) || ((cnt_7 = c3) || ((cnt_7 = c4) || (cnt_7 = c5))))))) then
        {247}event user_authenticated(uid_10);
        {244}let prfT_7: bitstring = prfTag(t_7) in
        {243}let prfK_7: key = prfKey(cnt_7,uid_10) in
        {245}let h_8: bitstring = prf(prfT_7,prfK_7) in
        {246}let nym_8: bitstring = h_8 in
        {248}let (h6: bitstring,=uid_4) = (nym_8,uid_10) in
        {250}let r2_4: bitstring = null in
        {249}let r1_5: bitstring = null in
        {251}let a_6: nat = catch-fail((if ((r1_5 ≠ h6) && (r2_4 ≠ h6)) then 0 else fail-any_type)) in
        {252}let v_46: bool = not-caught-fail(a_6) in
        {253}let b_6: nat = (if v_46 then catch-fail((if ((h0 ≠ h6) && (h1 ≠ h6)) then 0 else fail-any_type)) else caught-fail) in
        {254}let v_47: bool = not-caught-fail(b_6) in
        {255}let c_13: nat = (if v_47 then catch-fail((if ((h2 ≠ h6) && (h3 ≠ h6)) then 0 else fail-any_type)) else caught-fail) in
        {256}let v_48: bool = not-caught-fail(c_13) in
        {257}let d_1: nat = (if v_48 then catch-fail((if ((h4 ≠ h6) && (h5 ≠ h6)) then 0 else fail-any_type)) else caught-fail) in
        {258}let v_49: bool = not-caught-fail(d_1) in
        {259}let ignored_v_7: nat = (if v_46 then (if v_47 then (if v_48 then (if v_49 then 0 else fail-any_type) else fail-any_type) else fail-any_type) else fail-any_type) in
        {260}event access_count(c6)
    )
) | (
    {2}let pkAuth: pkey = pk(skAuth) in
    (
        {261}!
        {262}new id_1: identity;
        {264}new ck_2: bitstring;
        {266}new n_2: nonce;
        {265}let plain_10: bitstring = ck_2 in
        {267}let c_14: bitstring = aenc_internal(plain_10,n_2,pkAuth) in
        {268}let cipher_3: cipher = Cipher(c_14,n_2) in
        {269}let cipher1: cipher = cipher_3 in
        {263}let id_2: identity = id_1 in
        {270}let request: bitstring = RegisterRequest(id_2,cipher1) in
        {271}let (ck_3: bitstring,request_1: bitstring) = (ck_2,request) in
        {272}out(reg_net, request_1);
        {273}in(reg_net, regResp: cipher);
        {274}let v_50: cipher = regResp in
        {275}let v_51: bool = success?(1-proj-Cipher(v_50)) in
        {276}let n_3: nonce = (if v_51 then 2-proj-Cipher(v_50) else caught-fail) in
        {277}let c_15: bitstring = (if v_51 then 1-proj-Cipher(v_50) else caught-fail) in
        {278}let plain_11: bitstring = (if v_51 then catch-fail(sdec_internal(c_15,n_3,ck_3)) else caught-fail) in
        {279}let v_52: bool = not-caught-fail(plain_11) in
        {280}let cred_10: bitstring = catch-fail((if v_51 then (if v_52 then plain_11 else fail-any_type) else fail-any_type)) in
        {281}let v_53: bool = not-caught-fail(cred_10) in
        {282}let cred_11: bitstring = (if v_53 then cred_10 else fail-any_type) in
        {283}out(user_secure, (id_2,cred_11,c0))
    ) | (
        {284}!
        {285}in(user_secure, (id_3: identity,cred_12: bitstring,cnt_8: counter));
        {288}new n_4: nonce;
        {292}let Credential(code_10: bitstring,uid_11: bitstring) = cred_12 in
        {293}event user_authenticating(uid_11);
        (
            {286}let t_8: period = today in
            {287}let authPayload: bitstring = AuthRequestPlain(t_8,cnt_8,cred_12) in
            {289}let c_16: bitstring = aenc_internal(authPayload,n_4,pkAuth) in
            {290}let cipher_4: cipher = Cipher(c_16,n_4) in
            {291}let cipher_5: cipher = cipher_4 in
            {294}let authCipher: cipher = cipher_5 in
            {295}out(auth_net, authCipher)
        ) | (
            {296}let next: counter = counter_next(cnt_8) in
            {297}out(user_secure, (id_3,cred_12,next))
        )
    )
)

-- Query not event(access_count(c5)) in process 1.
Translating the process into Horn clauses...
Completing...
200 rules inserted. Base: 200 rules (32 with conclusion selected). Queue: 1967 rules.
400 rules inserted. Base: 400 rules (32 with conclusion selected). Queue: 1967 rules.
600 rules inserted. Base: 600 rules (32 with conclusion selected). Queue: 1967 rules.
800 rules inserted. Base: 800 rules (32 with conclusion selected). Queue: 1967 rules.
1000 rules inserted. Base: 1000 rules (32 with conclusion selected). Queue: 1967 rules.
1200 rules inserted. Base: 1200 rules (32 with conclusion selected). Queue: 1967 rules.
1400 rules inserted. Base: 1400 rules (32 with conclusion selected). Queue: 1967 rules.
1600 rules inserted. Base: 1600 rules (32 with conclusion selected). Queue: 1967 rules.
1800 rules inserted. Base: 1800 rules (32 with conclusion selected). Queue: 1967 rules.
2000 rules inserted. Base: 2000 rules (32 with conclusion selected). Queue: 1967 rules.
2200 rules inserted. Base: 2200 rules (33 with conclusion selected). Queue: 1970 rules.
2400 rules inserted. Base: 2400 rules (33 with conclusion selected). Queue: 1970 rules.
2600 rules inserted. Base: 2600 rules (33 with conclusion selected). Queue: 1970 rules.
2800 rules inserted. Base: 2800 rules (33 with conclusion selected). Queue: 1970 rules.
3000 rules inserted. Base: 3000 rules (33 with conclusion selected). Queue: 1970 rules.
3200 rules inserted. Base: 3200 rules (33 with conclusion selected). Queue: 1970 rules.
3400 rules inserted. Base: 3400 rules (33 with conclusion selected). Queue: 1970 rules.
3600 rules inserted. Base: 3600 rules (33 with conclusion selected). Queue: 1970 rules.
3800 rules inserted. Base: 3800 rules (33 with conclusion selected). Queue: 1970 rules.
4000 rules inserted. Base: 4000 rules (35 with conclusion selected). Queue: 1961 rules.
4200 rules inserted. Base: 4200 rules (35 with conclusion selected). Queue: 1961 rules.
4400 rules inserted. Base: 4400 rules (35 with conclusion selected). Queue: 1961 rules.
4600 rules inserted. Base: 4600 rules (35 with conclusion selected). Queue: 1961 rules.
4800 rules inserted. Base: 4800 rules (35 with conclusion selected). Queue: 1961 rules.
5000 rules inserted. Base: 5000 rules (35 with conclusion selected). Queue: 1961 rules.
5200 rules inserted. Base: 5200 rules (35 with conclusion selected). Queue: 1961 rules.
5400 rules inserted. Base: 5400 rules (35 with conclusion selected). Queue: 1961 rules.
5600 rules inserted. Base: 5600 rules (35 with conclusion selected). Queue: 1961 rules.
5800 rules inserted. Base: 5800 rules (35 with conclusion selected). Queue: 1961 rules.
6000 rules inserted. Base: 5998 rules (36 with conclusion selected). Queue: 1961 rules.
6200 rules inserted. Base: 6195 rules (36 with conclusion selected). Queue: 1961 rules.
6400 rules inserted. Base: 6391 rules (36 with conclusion selected). Queue: 1961 rules.
6600 rules inserted. Base: 6588 rules (36 with conclusion selected). Queue: 1961 rules.
6800 rules inserted. Base: 6784 rules (36 with conclusion selected). Queue: 1961 rules.
7000 rules inserted. Base: 6979 rules (36 with conclusion selected). Queue: 1961 rules.
7200 rules inserted. Base: 7176 rules (36 with conclusion selected). Queue: 1961 rules.
7400 rules inserted. Base: 7372 rules (36 with conclusion selected). Queue: 1961 rules.
7600 rules inserted. Base: 7568 rules (36 with conclusion selected). Queue: 1961 rules.
7800 rules inserted. Base: 7765 rules (36 with conclusion selected). Queue: 1961 rules.
8000 rules inserted. Base: 7958 rules (38 with conclusion selected). Queue: 3230 rules.
8200 rules inserted. Base: 8146 rules (38 with conclusion selected). Queue: 3238 rules.
8400 rules inserted. Base: 8334 rules (38 with conclusion selected). Queue: 3253 rules.
8600 rules inserted. Base: 8522 rules (38 with conclusion selected). Queue: 3276 rules.
8800 rules inserted. Base: 8709 rules (38 with conclusion selected). Queue: 3276 rules.
9000 rules inserted. Base: 8897 rules (38 with conclusion selected). Queue: 3299 rules.
9200 rules inserted. Base: 9085 rules (38 with conclusion selected). Queue: 3315 rules.
9400 rules inserted. Base: 9272 rules (38 with conclusion selected). Queue: 3322 rules.
9600 rules inserted. Base: 9460 rules (38 with conclusion selected). Queue: 3365 rules.
9800 rules inserted. Base: 9648 rules (38 with conclusion selected). Queue: 3439 rules.
10000 rules inserted. Base: 9844 rules (40 with conclusion selected). Queue: 5002 rules.
10200 rules inserted. Base: 10044 rules (40 with conclusion selected). Queue: 5033 rules.
10400 rules inserted. Base: 10244 rules (40 with conclusion selected). Queue: 5068 rules.
10600 rules inserted. Base: 10444 rules (40 with conclusion selected). Queue: 5098 rules.
10800 rules inserted. Base: 10644 rules (40 with conclusion selected). Queue: 5145 rules.
11000 rules inserted. Base: 10844 rules (41 with conclusion selected). Queue: 5178 rules.
11200 rules inserted. Base: 11029 rules (41 with conclusion selected). Queue: 5212 rules.
11400 rules inserted. Base: 11177 rules (41 with conclusion selected). Queue: 5212 rules.
11600 rules inserted. Base: 11330 rules (41 with conclusion selected). Queue: 5212 rules.
11800 rules inserted. Base: 11482 rules (41 with conclusion selected). Queue: 5212 rules.
12000 rules inserted. Base: 11632 rules (41 with conclusion selected). Queue: 5212 rules.
12200 rules inserted. Base: 11786 rules (41 with conclusion selected). Queue: 5212 rules.
12400 rules inserted. Base: 11934 rules (41 with conclusion selected). Queue: 5212 rules.
12600 rules inserted. Base: 12088 rules (41 with conclusion selected). Queue: 5233 rules.
12800 rules inserted. Base: 12236 rules (41 with conclusion selected). Queue: 5307 rules.
13000 rules inserted. Base: 12397 rules (41 with conclusion selected). Queue: 5385 rules.
13200 rules inserted. Base: 12559 rules (41 with conclusion selected). Queue: 5439 rules.
13400 rules inserted. Base: 12734 rules (43 with conclusion selected). Queue: 7394 rules.
13600 rules inserted. Base: 12934 rules (43 with conclusion selected). Queue: 7440 rules.
13800 rules inserted. Base: 13134 rules (43 with conclusion selected). Queue: 7496 rules.
14000 rules inserted. Base: 13334 rules (43 with conclusion selected). Queue: 7560 rules.
14200 rules inserted. Base: 13534 rules (43 with conclusion selected). Queue: 7636 rules.
14400 rules inserted. Base: 13734 rules (43 with conclusion selected). Queue: 7707 rules.
14600 rules inserted. Base: 13934 rules (44 with conclusion selected). Queue: 7779 rules.
14800 rules inserted. Base: 14134 rules (44 with conclusion selected). Queue: 7865 rules.
15000 rules inserted. Base: 14274 rules (44 with conclusion selected). Queue: 7913 rules.
15200 rules inserted. Base: 14473 rules (44 with conclusion selected). Queue: 7943 rules.
15400 rules inserted. Base: 14654 rules (44 with conclusion selected). Queue: 8016 rules.
15600 rules inserted. Base: 14854 rules (44 with conclusion selected). Queue: 8057 rules.
15800 rules inserted. Base: 15054 rules (44 with conclusion selected). Queue: 8127 rules.
16000 rules inserted. Base: 15254 rules (45 with conclusion selected). Queue: 8194 rules.
16200 rules inserted. Base: 15454 rules (45 with conclusion selected). Queue: 8260 rules.
16400 rules inserted. Base: 15631 rules (45 with conclusion selected). Queue: 8328 rules.
16600 rules inserted. Base: 15720 rules (45 with conclusion selected). Queue: 8325 rules.
16800 rules inserted. Base: 15823 rules (45 with conclusion selected). Queue: 8322 rules.
17000 rules inserted. Base: 15916 rules (45 with conclusion selected). Queue: 8319 rules.
17200 rules inserted. Base: 16014 rules (45 with conclusion selected). Queue: 8316 rules.
17400 rules inserted. Base: 16115 rules (45 with conclusion selected). Queue: 8314 rules.
17600 rules inserted. Base: 16206 rules (45 with conclusion selected). Queue: 8311 rules.
17800 rules inserted. Base: 16316 rules (45 with conclusion selected). Queue: 8308 rules.
18000 rules inserted. Base: 16435 rules (45 with conclusion selected). Queue: 8306 rules.
18200 rules inserted. Base: 16566 rules (45 with conclusion selected). Queue: 8304 rules.
18400 rules inserted. Base: 16673 rules (45 with conclusion selected). Queue: 8302 rules.
18600 rules inserted. Base: 16766 rules (45 with conclusion selected). Queue: 8300 rules.
18800 rules inserted. Base: 16860 rules (45 with conclusion selected). Queue: 8299 rules.
19000 rules inserted. Base: 17054 rules (47 with conclusion selected). Queue: 10723 rules.
19200 rules inserted. Base: 17254 rules (48 with conclusion selected). Queue: 10801 rules.
19400 rules inserted. Base: 17454 rules (48 with conclusion selected). Queue: 10868 rules.
19600 rules inserted. Base: 17654 rules (48 with conclusion selected). Queue: 10949 rules.
19800 rules inserted. Base: 17854 rules (48 with conclusion selected). Queue: 11053 rules.
20000 rules inserted. Base: 18054 rules (48 with conclusion selected). Queue: 11161 rules.
20200 rules inserted. Base: 18254 rules (48 with conclusion selected). Queue: 11267 rules.
20400 rules inserted. Base: 18454 rules (48 with conclusion selected). Queue: 11392 rules.
20600 rules inserted. Base: 18654 rules (49 with conclusion selected). Queue: 11498 rules.
20800 rules inserted. Base: 18810 rules (49 with conclusion selected). Queue: 11576 rules.
21000 rules inserted. Base: 18934 rules (49 with conclusion selected). Queue: 11576 rules.
21200 rules inserted. Base: 19074 rules (49 with conclusion selected). Queue: 11624 rules.
21400 rules inserted. Base: 19274 rules (49 with conclusion selected). Queue: 11672 rules.
21600 rules inserted. Base: 19454 rules (49 with conclusion selected). Queue: 11780 rules.
21800 rules inserted. Base: 19654 rules (49 with conclusion selected). Queue: 11854 rules.
22000 rules inserted. Base: 19854 rules (49 with conclusion selected). Queue: 11950 rules.
22200 rules inserted. Base: 20054 rules (49 with conclusion selected). Queue: 12055 rules.
22400 rules inserted. Base: 20254 rules (51 with conclusion selected). Queue: 12158 rules.
22600 rules inserted. Base: 20454 rules (51 with conclusion selected). Queue: 12262 rules.
22800 rules inserted. Base: 20594 rules (51 with conclusion selected). Queue: 12358 rules.
23000 rules inserted. Base: 20702 rules (51 with conclusion selected). Queue: 12358 rules.
23200 rules inserted. Base: 20826 rules (51 with conclusion selected). Queue: 12360 rules.
23400 rules inserted. Base: 21002 rules (51 with conclusion selected). Queue: 12428 rules.
23600 rules inserted. Base: 21178 rules (51 with conclusion selected). Queue: 12468 rules.
23800 rules inserted. Base: 21370 rules (51 with conclusion selected). Queue: 12548 rules.
24000 rules inserted. Base: 21562 rules (51 with conclusion selected). Queue: 12639 rules.
24200 rules inserted. Base: 21758 rules (51 with conclusion selected). Queue: 12711 rules.
24400 rules inserted. Base: 21958 rules (52 with conclusion selected). Queue: 12815 rules.
24600 rules inserted. Base: 22158 rules (52 with conclusion selected). Queue: 12908 rules.
24800 rules inserted. Base: 22245 rules (52 with conclusion selected). Queue: 12957 rules.
25000 rules inserted. Base: 22245 rules (52 with conclusion selected). Queue: 12957 rules.
25200 rules inserted. Base: 22245 rules (52 with conclusion selected). Queue: 12957 rules.
25400 rules inserted. Base: 22245 rules (52 with conclusion selected). Queue: 12957 rules.
25600 rules inserted. Base: 22245 rules (52 with conclusion selected). Queue: 12957 rules.
25800 rules inserted. Base: 22245 rules (52 with conclusion selected). Queue: 12957 rules.
26000 rules inserted. Base: 22245 rules (52 with conclusion selected). Queue: 12957 rules.
26200 rules inserted. Base: 22245 rules (52 with conclusion selected). Queue: 12957 rules.
26400 rules inserted. Base: 22245 rules (52 with conclusion selected). Queue: 12957 rules.
26600 rules inserted. Base: 22245 rules (52 with conclusion selected). Queue: 12957 rules.
26800 rules inserted. Base: 22245 rules (52 with conclusion selected). Queue: 12957 rules.
27000 rules inserted. Base: 22245 rules (52 with conclusion selected). Queue: 12957 rules.
27200 rules inserted. Base: 22334 rules (55 with conclusion selected). Queue: 16260 rules.
27400 rules inserted. Base: 22534 rules (56 with conclusion selected). Queue: 16354 rules.
27600 rules inserted. Base: 22734 rules (56 with conclusion selected). Queue: 16469 rules.
27800 rules inserted. Base: 22934 rules (57 with conclusion selected). Queue: 16497 rules.
28000 rules inserted. Base: 23134 rules (57 with conclusion selected). Queue: 16615 rules.
28200 rules inserted. Base: 23334 rules (57 with conclusion selected). Queue: 16695 rules.
28400 rules inserted. Base: 23534 rules (57 with conclusion selected). Queue: 16837 rules.
28600 rules inserted. Base: 23734 rules (57 with conclusion selected). Queue: 16951 rules.
28800 rules inserted. Base: 23934 rules (57 with conclusion selected). Queue: 17095 rules.
29000 rules inserted. Base: 24134 rules (57 with conclusion selected). Queue: 17251 rules.
29200 rules inserted. Base: 24334 rules (57 with conclusion selected). Queue: 17409 rules.
29400 rules inserted. Base: 24534 rules (58 with conclusion selected). Queue: 17558 rules.
29600 rules inserted. Base: 24647 rules (58 with conclusion selected). Queue: 17656 rules.
29800 rules inserted. Base: 24790 rules (60 with conclusion selected). Queue: 17745 rules.
30000 rules inserted. Base: 24954 rules (60 with conclusion selected). Queue: 17797 rules.
30200 rules inserted. Base: 25041 rules (60 with conclusion selected). Queue: 17797 rules.
30400 rules inserted. Base: 25234 rules (60 with conclusion selected). Queue: 17845 rules.
30600 rules inserted. Base: 25374 rules (60 with conclusion selected). Queue: 17893 rules.
30800 rules inserted. Base: 25574 rules (60 with conclusion selected). Queue: 17976 rules.
31000 rules inserted. Base: 25754 rules (60 with conclusion selected). Queue: 18111 rules.
31200 rules inserted. Base: 25954 rules (60 with conclusion selected). Queue: 18225 rules.
31400 rules inserted. Base: 26154 rules (60 with conclusion selected). Queue: 18358 rules.
31600 rules inserted. Base: 26354 rules (60 with conclusion selected). Queue: 18501 rules.
31800 rules inserted. Base: 26554 rules (61 with conclusion selected). Queue: 18648 rules.
32000 rules inserted. Base: 26754 rules (62 with conclusion selected). Queue: 18791 rules.
32200 rules inserted. Base: 26954 rules (63 with conclusion selected). Queue: 18941 rules.
32400 rules inserted. Base: 27038 rules (63 with conclusion selected). Queue: 19019 rules.
32600 rules inserted. Base: 27038 rules (63 with conclusion selected). Queue: 19019 rules.
32800 rules inserted. Base: 27122 rules (63 with conclusion selected). Queue: 19019 rules.
33000 rules inserted. Base: 27262 rules (63 with conclusion selected). Queue: 19019 rules.
33200 rules inserted. Base: 27414 rules (63 with conclusion selected). Queue: 19063 rules.
33400 rules inserted. Base: 27578 rules (63 with conclusion selected). Queue: 19131 rules.
33600 rules inserted. Base: 27766 rules (63 with conclusion selected). Queue: 19221 rules.
33800 rules inserted. Base: 27950 rules (63 with conclusion selected). Queue: 19288 rules.
34000 rules inserted. Base: 28142 rules (63 with conclusion selected). Queue: 19397 rules.
34200 rules inserted. Base: 28338 rules (63 with conclusion selected). Queue: 19538 rules.
34400 rules inserted. Base: 28534 rules (64 with conclusion selected). Queue: 19625 rules.
34600 rules inserted. Base: 28734 rules (65 with conclusion selected). Queue: 19770 rules.
34800 rules inserted. Base: 28934 rules (67 with conclusion selected). Queue: 19906 rules.
35000 rules inserted. Base: 29134 rules (67 with conclusion selected). Queue: 20042 rules.
35200 rules inserted. Base: 29292 rules (67 with conclusion selected). Queue: 20121 rules.
35400 rules inserted. Base: 29292 rules (67 with conclusion selected). Queue: 20121 rules.
35600 rules inserted. Base: 29356 rules (67 with conclusion selected). Queue: 20101 rules.
35800 rules inserted. Base: 29456 rules (67 with conclusion selected). Queue: 20101 rules.
36000 rules inserted. Base: 29580 rules (67 with conclusion selected). Queue: 20101 rules.
36200 rules inserted. Base: 29716 rules (67 with conclusion selected). Queue: 20129 rules.
36400 rules inserted. Base: 29879 rules (67 with conclusion selected). Queue: 20193 rules.
36600 rules inserted. Base: 30061 rules (67 with conclusion selected). Queue: 20271 rules.
36800 rules inserted. Base: 30241 rules (67 with conclusion selected). Queue: 20330 rules.
37000 rules inserted. Base: 30433 rules (67 with conclusion selected). Queue: 20423 rules.
37200 rules inserted. Base: 30628 rules (68 with conclusion selected). Queue: 20543 rules.
37400 rules inserted. Base: 30823 rules (68 with conclusion selected). Queue: 20682 rules.
37600 rules inserted. Base: 31019 rules (68 with conclusion selected). Queue: 20764 rules.
37800 rules inserted. Base: 31102 rules (68 with conclusion selected). Queue: 20780 rules.
38000 rules inserted. Base: 31146 rules (68 with conclusion selected). Queue: 20769 rules.
38200 rules inserted. Base: 31196 rules (68 with conclusion selected). Queue: 20756 rules.
38400 rules inserted. Base: 31240 rules (68 with conclusion selected). Queue: 20745 rules.
38600 rules inserted. Base: 31289 rules (68 with conclusion selected). Queue: 20733 rules.
38800 rules inserted. Base: 31334 rules (68 with conclusion selected). Queue: 20722 rules.
39000 rules inserted. Base: 31380 rules (68 with conclusion selected). Queue: 20710 rules.
39200 rules inserted. Base: 31416 rules (68 with conclusion selected). Queue: 20701 rules.
39400 rules inserted. Base: 31450 rules (68 with conclusion selected). Queue: 20693 rules.
39600 rules inserted. Base: 31476 rules (68 with conclusion selected). Queue: 20686 rules.
39800 rules inserted. Base: 31505 rules (68 with conclusion selected). Queue: 20679 rules.
40000 rules inserted. Base: 31533 rules (68 with conclusion selected). Queue: 20672 rules.
40200 rules inserted. Base: 31674 rules (71 with conclusion selected). Queue: 25382 rules.
40400 rules inserted. Base: 31874 rules (73 with conclusion selected). Queue: 25493 rules.
40600 rules inserted. Base: 32074 rules (73 with conclusion selected). Queue: 25609 rules.
40800 rules inserted. Base: 32274 rules (74 with conclusion selected). Queue: 25785 rules.
41000 rules inserted. Base: 32474 rules (76 with conclusion selected). Queue: 25914 rules.
41200 rules inserted. Base: 32674 rules (77 with conclusion selected). Queue: 26037 rules.
41400 rules inserted. Base: 32874 rules (77 with conclusion selected). Queue: 26195 rules.
41600 rules inserted. Base: 33074 rules (78 with conclusion selected). Queue: 26227 rules.
41800 rules inserted. Base: 33274 rules (78 with conclusion selected). Queue: 26387 rules.
42000 rules inserted. Base: 33474 rules (78 with conclusion selected). Queue: 26486 rules.
42200 rules inserted. Base: 33674 rules (78 with conclusion selected). Queue: 26667 rules.
42400 rules inserted. Base: 33874 rules (78 with conclusion selected). Queue: 26807 rules.
42600 rules inserted. Base: 34074 rules (78 with conclusion selected). Queue: 26990 rules.
42800 rules inserted. Base: 34274 rules (78 with conclusion selected). Queue: 27187 rules.
43000 rules inserted. Base: 34474 rules (78 with conclusion selected). Queue: 27382 rules.
43200 rules inserted. Base: 34674 rules (78 with conclusion selected). Queue: 27582 rules.
43400 rules inserted. Base: 34874 rules (80 with conclusion selected). Queue: 27759 rules.
43600 rules inserted. Base: 35055 rules (81 with conclusion selected). Queue: 27846 rules.
43800 rules inserted. Base: 35202 rules (84 with conclusion selected). Queue: 27955 rules.
44000 rules inserted. Base: 35390 rules (84 with conclusion selected). Queue: 28074 rules.
44200 rules inserted. Base: 35430 rules (84 with conclusion selected). Queue: 28074 rules.
44400 rules inserted. Base: 35598 rules (87 with conclusion selected). Queue: 28220 rules.
44600 rules inserted. Base: 35762 rules (87 with conclusion selected). Queue: 28302 rules.
44800 rules inserted. Base: 35921 rules (87 with conclusion selected). Queue: 28302 rules.
45000 rules inserted. Base: 36042 rules (87 with conclusion selected). Queue: 28326 rules.
45200 rules inserted. Base: 36242 rules (87 with conclusion selected). Queue: 28410 rules.
45400 rules inserted. Base: 36382 rules (87 with conclusion selected). Queue: 28499 rules.
45600 rules inserted. Base: 36582 rules (87 with conclusion selected). Queue: 28646 rules.
45800 rules inserted. Base: 36762 rules (87 with conclusion selected). Queue: 28783 rules.
46000 rules inserted. Base: 36962 rules (87 with conclusion selected). Queue: 28947 rules.
46200 rules inserted. Base: 37162 rules (87 with conclusion selected). Queue: 29131 rules.
46400 rules inserted. Base: 37362 rules (87 with conclusion selected). Queue: 29318 rules.
46600 rules inserted. Base: 37562 rules (87 with conclusion selected). Queue: 29506 rules.
46800 rules inserted. Base: 37762 rules (89 with conclusion selected). Queue: 29700 rules.
47000 rules inserted. Base: 37962 rules (90 with conclusion selected). Queue: 29897 rules.
47200 rules inserted. Base: 38131 rules (91 with conclusion selected). Queue: 30062 rules.
47400 rules inserted. Base: 38218 rules (93 with conclusion selected). Queue: 30132 rules.
47600 rules inserted. Base: 38409 rules (95 with conclusion selected). Queue: 30236 rules.
47800 rules inserted. Base: 38498 rules (95 with conclusion selected). Queue: 30240 rules.
48000 rules inserted. Base: 38498 rules (95 with conclusion selected). Queue: 30240 rules.
48200 rules inserted. Base: 38550 rules (95 with conclusion selected). Queue: 30240 rules.
48400 rules inserted. Base: 38642 rules (95 with conclusion selected). Queue: 30240 rules.
48600 rules inserted. Base: 38770 rules (95 with conclusion selected). Queue: 30240 rules.
48800 rules inserted. Base: 38922 rules (95 with conclusion selected). Queue: 30274 rules.
49000 rules inserted. Base: 39098 rules (95 with conclusion selected). Queue: 30358 rules.
49200 rules inserted. Base: 39274 rules (95 with conclusion selected). Queue: 30434 rules.
49400 rules inserted. Base: 39462 rules (95 with conclusion selected). Queue: 30526 rules.
49600 rules inserted. Base: 39646 rules (95 with conclusion selected). Queue: 30654 rules.
49800 rules inserted. Base: 39842 rules (95 with conclusion selected). Queue: 30806 rules.
50000 rules inserted. Base: 40038 rules (95 with conclusion selected). Queue: 30946 rules.
50200 rules inserted. Base: 40234 rules (95 with conclusion selected). Queue: 31100 rules.
50400 rules inserted. Base: 40430 rules (96 with conclusion selected). Queue: 31270 rules.
50600 rules inserted. Base: 40630 rules (98 with conclusion selected). Queue: 31454 rules.
50800 rules inserted. Base: 40830 rules (101 with conclusion selected). Queue: 31634 rules.
51000 rules inserted. Base: 41030 rules (103 with conclusion selected). Queue: 31819 rules.
51200 rules inserted. Base: 41230 rules (104 with conclusion selected). Queue: 32007 rules.
51400 rules inserted. Base: 41333 rules (104 with conclusion selected). Queue: 32107 rules.
51600 rules inserted. Base: 41333 rules (104 with conclusion selected). Queue: 32107 rules.
51800 rules inserted. Base: 41393 rules (104 with conclusion selected). Queue: 32107 rules.
52000 rules inserted. Base: 41393 rules (104 with conclusion selected). Queue: 32107 rules.
52200 rules inserted. Base: 41461 rules (104 with conclusion selected). Queue: 32107 rules.
52400 rules inserted. Base: 41589 rules (104 with conclusion selected). Queue: 32087 rules.
52600 rules inserted. Base: 41694 rules (104 with conclusion selected). Queue: 32087 rules.
52800 rules inserted. Base: 41834 rules (104 with conclusion selected). Queue: 32087 rules.
53000 rules inserted. Base: 41971 rules (104 with conclusion selected). Queue: 32100 rules.
53200 rules inserted. Base: 42150 rules (104 with conclusion selected). Queue: 32176 rules.
53400 rules inserted. Base: 42323 rules (104 with conclusion selected). Queue: 32249 rules.
53600 rules inserted. Base: 42496 rules (104 with conclusion selected). Queue: 32336 rules.
53800 rules inserted. Base: 42684 rules (104 with conclusion selected). Queue: 32420 rules.
54000 rules inserted. Base: 42866 rules (104 with conclusion selected). Queue: 32537 rules.
54200 rules inserted. Base: 43062 rules (105 with conclusion selected). Queue: 32680 rules.
54400 rules inserted. Base: 43258 rules (106 with conclusion selected). Queue: 32826 rules.
54600 rules inserted. Base: 43455 rules (108 with conclusion selected). Queue: 32966 rules.
54800 rules inserted. Base: 43652 rules (111 with conclusion selected). Queue: 33109 rules.
55000 rules inserted. Base: 43849 rules (112 with conclusion selected). Queue: 33268 rules.
55200 rules inserted. Base: 44046 rules (112 with conclusion selected). Queue: 33446 rules.
55400 rules inserted. Base: 44149 rules (112 with conclusion selected). Queue: 33404 rules.
55600 rules inserted. Base: 44149 rules (112 with conclusion selected). Queue: 33404 rules.
55800 rules inserted. Base: 44191 rules (112 with conclusion selected). Queue: 33392 rules.
56000 rules inserted. Base: 44203 rules (112 with conclusion selected). Queue: 33392 rules.
56200 rules inserted. Base: 44228 rules (112 with conclusion selected). Queue: 33391 rules.
56400 rules inserted. Base: 44345 rules (112 with conclusion selected). Queue: 33381 rules.
56600 rules inserted. Base: 44464 rules (112 with conclusion selected). Queue: 33377 rules.
56800 rules inserted. Base: 44578 rules (112 with conclusion selected). Queue: 33377 rules.
57000 rules inserted. Base: 44722 rules (112 with conclusion selected). Queue: 33373 rules.
57200 rules inserted. Base: 44856 rules (112 with conclusion selected). Queue: 33378 rules.
57400 rules inserted. Base: 45029 rules (112 with conclusion selected). Queue: 33447 rules.
57600 rules inserted. Base: 45205 rules (112 with conclusion selected). Queue: 33520 rules.
57800 rules inserted. Base: 45381 rules (112 with conclusion selected). Queue: 33588 rules.
58000 rules inserted. Base: 45561 rules (112 with conclusion selected). Queue: 33669 rules.
58200 rules inserted. Base: 45749 rules (113 with conclusion selected). Queue: 33753 rules.
58400 rules inserted. Base: 45931 rules (113 with conclusion selected). Queue: 33867 rules.
58600 rules inserted. Base: 45964 rules (113 with conclusion selected). Queue: 33897 rules.
58800 rules inserted. Base: 45964 rules (113 with conclusion selected). Queue: 33897 rules.
59000 rules inserted. Base: 45964 rules (113 with conclusion selected). Queue: 33897 rules.
59200 rules inserted. Base: 45964 rules (113 with conclusion selected). Queue: 33897 rules.
59400 rules inserted. Base: 45964 rules (113 with conclusion selected). Queue: 33897 rules.
59600 rules inserted. Base: 45964 rules (113 with conclusion selected). Queue: 33897 rules.
59800 rules inserted. Base: 45964 rules (113 with conclusion selected). Queue: 33897 rules.
60000 rules inserted. Base: 45964 rules (113 with conclusion selected). Queue: 33897 rules.
60200 rules inserted. Base: 45965 rules (113 with conclusion selected). Queue: 33897 rules.
60400 rules inserted. Base: 46009 rules (113 with conclusion selected). Queue: 33897 rules.
60600 rules inserted. Base: 46054 rules (113 with conclusion selected). Queue: 33897 rules.
60800 rules inserted. Base: 46146 rules (115 with conclusion selected). Queue: 33897 rules.
61000 rules inserted. Base: 46346 rules (119 with conclusion selected). Queue: 33973 rules.
61200 rules inserted. Base: 46546 rules (119 with conclusion selected). Queue: 34111 rules.
61400 rules inserted. Base: 46746 rules (122 with conclusion selected). Queue: 34239 rules.
61600 rules inserted. Base: 46946 rules (122 with conclusion selected). Queue: 34376 rules.
61800 rules inserted. Base: 47146 rules (125 with conclusion selected). Queue: 34501 rules.
62000 rules inserted. Base: 47346 rules (125 with conclusion selected). Queue: 34626 rules.
62200 rules inserted. Base: 47546 rules (129 with conclusion selected). Queue: 34763 rules.
62400 rules inserted. Base: 47746 rules (131 with conclusion selected). Queue: 34867 rules.
62600 rules inserted. Base: 47946 rules (131 with conclusion selected). Queue: 35013 rules.
62800 rules inserted. Base: 48146 rules (132 with conclusion selected). Queue: 35159 rules.
63000 rules inserted. Base: 48346 rules (134 with conclusion selected). Queue: 35288 rules.
63200 rules inserted. Base: 48546 rules (135 with conclusion selected). Queue: 35411 rules.
63400 rules inserted. Base: 48746 rules (135 with conclusion selected). Queue: 35581 rules.
63600 rules inserted. Base: 48946 rules (135 with conclusion selected). Queue: 35605 rules.
63800 rules inserted. Base: 49146 rules (136 with conclusion selected). Queue: 35776 rules.
64000 rules inserted. Base: 49346 rules (136 with conclusion selected). Queue: 35920 rules.
64200 rules inserted. Base: 49546 rules (136 with conclusion selected). Queue: 36041 rules.
64400 rules inserted. Base: 49746 rules (136 with conclusion selected). Queue: 36181 rules.
64600 rules inserted. Base: 49946 rules (136 with conclusion selected). Queue: 36381 rules.
64800 rules inserted. Base: 50146 rules (136 with conclusion selected). Queue: 36561 rules.
65000 rules inserted. Base: 50346 rules (136 with conclusion selected). Queue: 36761 rules.
65200 rules inserted. Base: 50546 rules (136 with conclusion selected). Queue: 36956 rules.
65400 rules inserted. Base: 50746 rules (138 with conclusion selected). Queue: 37123 rules.
65600 rules inserted. Base: 50909 rules (139 with conclusion selected). Queue: 37188 rules.
65800 rules inserted. Base: 51048 rules (142 with conclusion selected). Queue: 37241 rules.
66000 rules inserted. Base: 51236 rules (145 with conclusion selected). Queue: 37359 rules.
66200 rules inserted. Base: 51379 rules (145 with conclusion selected). Queue: 37398 rules.
66400 rules inserted. Base: 51564 rules (149 with conclusion selected). Queue: 37555 rules.
66600 rules inserted. Base: 51739 rules (149 with conclusion selected). Queue: 37658 rules.
66800 rules inserted. Base: 51892 rules (153 with conclusion selected). Queue: 37726 rules.
67000 rules inserted. Base: 52080 rules (155 with conclusion selected). Queue: 37846 rules.
67200 rules inserted. Base: 52220 rules (156 with conclusion selected). Queue: 37904 rules.
67400 rules inserted. Base: 52420 rules (159 with conclusion selected). Queue: 38067 rules.
67600 rules inserted. Base: 52577 rules (159 with conclusion selected). Queue: 38128 rules.
67800 rules inserted. Base: 52616 rules (160 with conclusion selected). Queue: 38164 rules.
68000 rules inserted. Base: 52816 rules (163 with conclusion selected). Queue: 38327 rules.
68200 rules inserted. Base: 52980 rules (163 with conclusion selected). Queue: 38388 rules.
68400 rules inserted. Base: 53165 rules (163 with conclusion selected). Queue: 38388 rules.
68600 rules inserted. Base: 53260 rules (163 with conclusion selected). Queue: 38424 rules.
68800 rules inserted. Base: 53460 rules (163 with conclusion selected). Queue: 38520 rules.
69000 rules inserted. Base: 53600 rules (163 with conclusion selected). Queue: 38583 rules.
69200 rules inserted. Base: 53800 rules (163 with conclusion selected). Queue: 38711 rules.
69400 rules inserted. Base: 54000 rules (163 with conclusion selected). Queue: 38887 rules.
69600 rules inserted. Base: 54180 rules (163 with conclusion selected). Queue: 39019 rules.
69800 rules inserted. Base: 54380 rules (163 with conclusion selected). Queue: 39195 rules.
70000 rules inserted. Base: 54580 rules (163 with conclusion selected). Queue: 39379 rules.
70200 rules inserted. Base: 54780 rules (163 with conclusion selected). Queue: 39563 rules.
70400 rules inserted. Base: 54980 rules (163 with conclusion selected). Queue: 39750 rules.
70600 rules inserted. Base: 55180 rules (165 with conclusion selected). Queue: 39944 rules.
70800 rules inserted. Base: 55380 rules (166 with conclusion selected). Queue: 40141 rules.
71000 rules inserted. Base: 55580 rules (167 with conclusion selected). Queue: 40338 rules.
71200 rules inserted. Base: 55771 rules (172 with conclusion selected). Queue: 40421 rules.
71400 rules inserted. Base: 55927 rules (172 with conclusion selected). Queue: 40436 rules.
71600 rules inserted. Base: 56014 rules (175 with conclusion selected). Queue: 40491 rules.
71800 rules inserted. Base: 56211 rules (181 with conclusion selected). Queue: 40623 rules.
72000 rules inserted. Base: 56384 rules (181 with conclusion selected). Queue: 40675 rules.
72200 rules inserted. Base: 56432 rules (181 with conclusion selected). Queue: 40675 rules.
72400 rules inserted. Base: 56526 rules (185 with conclusion selected). Queue: 40745 rules.
72600 rules inserted. Base: 56720 rules (190 with conclusion selected). Queue: 40869 rules.
72800 rules inserted. Base: 56895 rules (190 with conclusion selected). Queue: 40914 rules.
73000 rules inserted. Base: 56923 rules (190 with conclusion selected). Queue: 40914 rules.
73200 rules inserted. Base: 56923 rules (190 with conclusion selected). Queue: 40914 rules.
73400 rules inserted. Base: 57022 rules (190 with conclusion selected). Queue: 40914 rules.
73600 rules inserted. Base: 57139 rules (190 with conclusion selected). Queue: 40914 rules.
73800 rules inserted. Base: 57247 rules (190 with conclusion selected). Queue: 40914 rules.
74000 rules inserted. Base: 57394 rules (190 with conclusion selected). Queue: 40929 rules.
74200 rules inserted. Base: 57570 rules (190 with conclusion selected). Queue: 41021 rules.
74400 rules inserted. Base: 57746 rules (190 with conclusion selected). Queue: 41110 rules.
74600 rules inserted. Base: 57922 rules (190 with conclusion selected). Queue: 41185 rules.
74800 rules inserted. Base: 58098 rules (190 with conclusion selected). Queue: 41277 rules.
75000 rules inserted. Base: 58286 rules (190 with conclusion selected). Queue: 41381 rules.
75200 rules inserted. Base: 58482 rules (190 with conclusion selected). Queue: 41531 rules.
75400 rules inserted. Base: 58678 rules (190 with conclusion selected). Queue: 41693 rules.
75600 rules inserted. Base: 58874 rules (190 with conclusion selected). Queue: 41843 rules.
75800 rules inserted. Base: 59070 rules (190 with conclusion selected). Queue: 41989 rules.
76000 rules inserted. Base: 59270 rules (190 with conclusion selected). Queue: 42147 rules.
76200 rules inserted. Base: 59466 rules (192 with conclusion selected). Queue: 42320 rules.
76400 rules inserted. Base: 59666 rules (195 with conclusion selected). Queue: 42503 rules.
76600 rules inserted. Base: 59866 rules (198 with conclusion selected). Queue: 42685 rules.
76800 rules inserted. Base: 60066 rules (200 with conclusion selected). Queue: 42872 rules.
77000 rules inserted. Base: 60266 rules (202 with conclusion selected). Queue: 43059 rules.
77200 rules inserted. Base: 60466 rules (205 with conclusion selected). Queue: 43243 rules.
77400 rules inserted. Base: 60521 rules (207 with conclusion selected). Queue: 43284 rules.
77600 rules inserted. Base: 60713 rules (213 with conclusion selected). Queue: 43363 rules.
77800 rules inserted. Base: 60876 rules (214 with conclusion selected). Queue: 43378 rules.
78000 rules inserted. Base: 60946 rules (214 with conclusion selected). Queue: 43363 rules.
78200 rules inserted. Base: 60962 rules (214 with conclusion selected). Queue: 43363 rules.
78400 rules inserted. Base: 60962 rules (214 with conclusion selected). Queue: 43363 rules.
78600 rules inserted. Base: 60982 rules (214 with conclusion selected). Queue: 43363 rules.
78800 rules inserted. Base: 61022 rules (214 with conclusion selected). Queue: 43363 rules.
79000 rules inserted. Base: 61059 rules (214 with conclusion selected). Queue: 43363 rules.
79200 rules inserted. Base: 61180 rules (214 with conclusion selected). Queue: 43363 rules.
79400 rules inserted. Base: 61320 rules (214 with conclusion selected). Queue: 43343 rules.
79600 rules inserted. Base: 61446 rules (214 with conclusion selected). Queue: 43343 rules.
79800 rules inserted. Base: 61562 rules (214 with conclusion selected). Queue: 43343 rules.
80000 rules inserted. Base: 61704 rules (214 with conclusion selected). Queue: 43343 rules.
80200 rules inserted. Base: 61868 rules (214 with conclusion selected). Queue: 43381 rules.
80400 rules inserted. Base: 62047 rules (214 with conclusion selected). Queue: 43467 rules.
80600 rules inserted. Base: 62232 rules (214 with conclusion selected). Queue: 43543 rules.
80800 rules inserted. Base: 62408 rules (214 with conclusion selected). Queue: 43635 rules.
81000 rules inserted. Base: 62587 rules (214 with conclusion selected). Queue: 43723 rules.
81200 rules inserted. Base: 62769 rules (214 with conclusion selected). Queue: 43799 rules.
81400 rules inserted. Base: 62957 rules (214 with conclusion selected). Queue: 43899 rules.
81600 rules inserted. Base: 63145 rules (214 with conclusion selected). Queue: 43991 rules.
81800 rules inserted. Base: 63340 rules (217 with conclusion selected). Queue: 44117 rules.
82000 rules inserted. Base: 63537 rules (219 with conclusion selected). Queue: 44274 rules.
82200 rules inserted. Base: 63735 rules (222 with conclusion selected). Queue: 44421 rules.
82400 rules inserted. Base: 63932 rules (224 with conclusion selected). Queue: 44577 rules.
82600 rules inserted. Base: 64130 rules (226 with conclusion selected). Queue: 44736 rules.
82800 rules inserted. Base: 64328 rules (231 with conclusion selected). Queue: 44878 rules.
83000 rules inserted. Base: 64526 rules (233 with conclusion selected). Queue: 45034 rules.
83200 rules inserted. Base: 64724 rules (237 with conclusion selected). Queue: 45191 rules.
83400 rules inserted. Base: 64922 rules (240 with conclusion selected). Queue: 45350 rules.
83600 rules inserted. Base: 65052 rules (241 with conclusion selected). Queue: 45351 rules.
83800 rules inserted. Base: 65076 rules (241 with conclusion selected). Queue: 45351 rules.
84000 rules inserted. Base: 65160 rules (241 with conclusion selected). Queue: 45291 rules.
84200 rules inserted. Base: 65170 rules (241 with conclusion selected). Queue: 45286 rules.
84400 rules inserted. Base: 65196 rules (241 with conclusion selected). Queue: 45279 rules.
84600 rules inserted. Base: 65236 rules (241 with conclusion selected). Queue: 45267 rules.
84800 rules inserted. Base: 65256 rules (241 with conclusion selected). Queue: 45267 rules.
85000 rules inserted. Base: 65268 rules (241 with conclusion selected). Queue: 45267 rules.
85200 rules inserted. Base: 65389 rules (241 with conclusion selected). Queue: 45260 rules.
85400 rules inserted. Base: 65516 rules (241 with conclusion selected). Queue: 45253 rules.
85600 rules inserted. Base: 65643 rules (241 with conclusion selected). Queue: 45250 rules.
85800 rules inserted. Base: 65781 rules (241 with conclusion selected). Queue: 45243 rules.
86000 rules inserted. Base: 65906 rules (241 with conclusion selected). Queue: 45239 rules.
86200 rules inserted. Base: 66032 rules (241 with conclusion selected). Queue: 45239 rules.
86400 rules inserted. Base: 66182 rules (241 with conclusion selected). Queue: 45235 rules.
86600 rules inserted. Base: 66348 rules (241 with conclusion selected). Queue: 45248 rules.
86800 rules inserted. Base: 66528 rules (242 with conclusion selected). Queue: 45316 rules.
87000 rules inserted. Base: 66708 rules (242 with conclusion selected). Queue: 45407 rules.
87200 rules inserted. Base: 66892 rules (243 with conclusion selected). Queue: 45483 rules.
87400 rules inserted. Base: 67073 rules (243 with conclusion selected). Queue: 45567 rules.
87600 rules inserted. Base: 67257 rules (245 with conclusion selected). Queue: 45643 rules.
87800 rules inserted. Base: 67438 rules (246 with conclusion selected). Queue: 45735 rules.
88000 rules inserted. Base: 67624 rules (249 with conclusion selected). Queue: 45805 rules.
88200 rules inserted. Base: 67808 rules (250 with conclusion selected). Queue: 45903 rules.
88400 rules inserted. Base: 67996 rules (252 with conclusion selected). Queue: 45994 rules.
88600 rules inserted. Base: 68187 rules (255 with conclusion selected). Queue: 46091 rules.
88800 rules inserted. Base: 68338 rules (257 with conclusion selected). Queue: 46107 rules.
89000 rules inserted. Base: 68419 rules (257 with conclusion selected). Queue: 46107 rules.
89200 rules inserted. Base: 68485 rules (257 with conclusion selected). Queue: 46077 rules.
89400 rules inserted. Base: 68523 rules (257 with conclusion selected). Queue: 46065 rules.
89600 rules inserted. Base: 68566 rules (257 with conclusion selected). Queue: 46038 rules.
89800 rules inserted. Base: 68602 rules (257 with conclusion selected). Queue: 46023 rules.
90000 rules inserted. Base: 68637 rules (257 with conclusion selected). Queue: 46011 rules.
90200 rules inserted. Base: 68671 rules (257 with conclusion selected). Queue: 46006 rules.
90400 rules inserted. Base: 68683 rules (257 with conclusion selected). Queue: 46006 rules.
90600 rules inserted. Base: 68738 rules (257 with conclusion selected). Queue: 45999 rules.
90800 rules inserted. Base: 68868 rules (257 with conclusion selected). Queue: 45996 rules.
91000 rules inserted. Base: 68991 rules (257 with conclusion selected). Queue: 45988 rules.
91200 rules inserted. Base: 69125 rules (257 with conclusion selected). Queue: 45982 rules.
91400 rules inserted. Base: 69261 rules (257 with conclusion selected). Queue: 45974 rules.
91600 rules inserted. Base: 69393 rules (257 with conclusion selected). Queue: 45969 rules.
91800 rules inserted. Base: 69520 rules (257 with conclusion selected). Queue: 45968 rules.
92000 rules inserted. Base: 69662 rules (257 with conclusion selected). Queue: 45966 rules.
92200 rules inserted. Base: 69810 rules (257 with conclusion selected). Queue: 45963 rules.
92400 rules inserted. Base: 69967 rules (258 with conclusion selected). Queue: 45947 rules.
92600 rules inserted. Base: 70082 rules (258 with conclusion selected). Queue: 45908 rules.
92800 rules inserted. Base: 70192 rules (258 with conclusion selected). Queue: 45872 rules.
93000 rules inserted. Base: 70298 rules (258 with conclusion selected). Queue: 45836 rules.
93200 rules inserted. Base: 70418 rules (258 with conclusion selected). Queue: 45796 rules.
93400 rules inserted. Base: 70524 rules (258 with conclusion selected). Queue: 45761 rules.
93600 rules inserted. Base: 70634 rules (258 with conclusion selected). Queue: 45724 rules.
93800 rules inserted. Base: 70720 rules (258 with conclusion selected). Queue: 45696 rules.
94000 rules inserted. Base: 70807 rules (258 with conclusion selected). Queue: 45669 rules.
94200 rules inserted. Base: 70908 rules (258 with conclusion selected). Queue: 45625 rules.
94400 rules inserted. Base: 71019 rules (258 with conclusion selected). Queue: 45559 rules.
94600 rules inserted. Base: 71130 rules (258 with conclusion selected). Queue: 45492 rules.
94800 rules inserted. Base: 71254 rules (259 with conclusion selected). Queue: 45478 rules.
95000 rules inserted. Base: 71368 rules (262 with conclusion selected). Queue: 45475 rules.
95200 rules inserted. Base: 71568 rules (267 with conclusion selected). Queue: 45583 rules.
95400 rules inserted. Base: 71711 rules (267 with conclusion selected). Queue: 45594 rules.
95600 rules inserted. Base: 71852 rules (274 with conclusion selected). Queue: 45692 rules.
95800 rules inserted. Base: 72040 rules (276 with conclusion selected). Queue: 45797 rules.
96000 rules inserted. Base: 72186 rules (276 with conclusion selected). Queue: 45837 rules.
96200 rules inserted. Base: 72340 rules (283 with conclusion selected). Queue: 45931 rules.
96400 rules inserted. Base: 72528 rules (284 with conclusion selected). Queue: 46076 rules.
96600 rules inserted. Base: 72668 rules (284 with conclusion selected). Queue: 46117 rules.
96800 rules inserted. Base: 72840 rules (292 with conclusion selected). Queue: 46193 rules.
97000 rules inserted. Base: 73025 rules (294 with conclusion selected). Queue: 46279 rules.
97200 rules inserted. Base: 73144 rules (296 with conclusion selected). Queue: 46292 rules.
97400 rules inserted. Base: 73332 rules (300 with conclusion selected). Queue: 46424 rules.
97600 rules inserted. Base: 73496 rules (300 with conclusion selected). Queue: 46489 rules.
97800 rules inserted. Base: 73660 rules (304 with conclusion selected). Queue: 46606 rules.
98000 rules inserted. Base: 73848 rules (304 with conclusion selected). Queue: 46737 rules.
98200 rules inserted. Base: 73988 rules (307 with conclusion selected). Queue: 46782 rules.
98400 rules inserted. Base: 74176 rules (310 with conclusion selected). Queue: 46915 rules.
98600 rules inserted. Base: 74323 rules (310 with conclusion selected). Queue: 46959 rules.
98800 rules inserted. Base: 74516 rules (314 with conclusion selected). Queue: 47123 rules.
99000 rules inserted. Base: 74680 rules (314 with conclusion selected). Queue: 47219 rules.
99200 rules inserted. Base: 74719 rules (314 with conclusion selected). Queue: 47219 rules.
99400 rules inserted. Base: 74912 rules (318 with conclusion selected). Queue: 47383 rules.
99600 rules inserted. Base: 75076 rules (318 with conclusion selected). Queue: 47479 rules.
99800 rules inserted. Base: 75276 rules (318 with conclusion selected). Queue: 47479 rules.
100000 rules inserted. Base: 75356 rules (318 with conclusion selected). Queue: 47480 rules.
100200 rules inserted. Base: 75556 rules (318 with conclusion selected). Queue: 47584 rules.
100400 rules inserted. Base: 75756 rules (318 with conclusion selected). Queue: 47688 rules.
100600 rules inserted. Base: 75896 rules (318 with conclusion selected). Queue: 47780 rules.
100800 rules inserted. Base: 76096 rules (318 with conclusion selected). Queue: 47932 rules.
101000 rules inserted. Base: 76296 rules (318 with conclusion selected). Queue: 48103 rules.
101200 rules inserted. Base: 76476 rules (318 with conclusion selected). Queue: 48240 rules.
101400 rules inserted. Base: 76676 rules (318 with conclusion selected). Queue: 48432 rules.
101600 rules inserted. Base: 76876 rules (318 with conclusion selected). Queue: 48616 rules.
101800 rules inserted. Base: 77076 rules (318 with conclusion selected). Queue: 48799 rules.
102000 rules inserted. Base: 77276 rules (319 with conclusion selected). Queue: 48992 rules.
102200 rules inserted. Base: 77476 rules (321 with conclusion selected). Queue: 49186 rules.
102400 rules inserted. Base: 77676 rules (322 with conclusion selected). Queue: 49383 rules.
102600 rules inserted. Base: 77841 rules (325 with conclusion selected). Queue: 49423 rules.
102800 rules inserted. Base: 77964 rules (325 with conclusion selected). Queue: 49421 rules.
103000 rules inserted. Base: 78055 rules (329 with conclusion selected). Queue: 49456 rules.
103200 rules inserted. Base: 78246 rules (336 with conclusion selected). Queue: 49535 rules.
103400 rules inserted. Base: 78401 rules (337 with conclusion selected). Queue: 49543 rules.
103600 rules inserted. Base: 78467 rules (337 with conclusion selected). Queue: 49543 rules.
103800 rules inserted. Base: 78654 rules (347 with conclusion selected). Queue: 49677 rules.
104000 rules inserted. Base: 78845 rules (349 with conclusion selected). Queue: 49779 rules.
104200 rules inserted. Base: 79006 rules (349 with conclusion selected). Queue: 49815 rules.
104400 rules inserted. Base: 79074 rules (350 with conclusion selected). Queue: 49815 rules.
104600 rules inserted. Base: 79268 rules (360 with conclusion selected). Queue: 49885 rules.
104800 rules inserted. Base: 79438 rules (361 with conclusion selected). Queue: 49937 rules.
105000 rules inserted. Base: 79523 rules (361 with conclusion selected). Queue: 49937 rules.
105200 rules inserted. Base: 79694 rules (369 with conclusion selected). Queue: 50065 rules.
105400 rules inserted. Base: 79888 rules (373 with conclusion selected). Queue: 50168 rules.
105600 rules inserted. Base: 80046 rules (373 with conclusion selected). Queue: 50209 rules.
105800 rules inserted. Base: 80083 rules (373 with conclusion selected). Queue: 50209 rules.
106000 rules inserted. Base: 80194 rules (379 with conclusion selected). Queue: 50291 rules.
106200 rules inserted. Base: 80391 rules (385 with conclusion selected). Queue: 50410 rules.
106400 rules inserted. Base: 80570 rules (385 with conclusion selected). Queue: 50481 rules.
106600 rules inserted. Base: 80643 rules (385 with conclusion selected). Queue: 50481 rules.
106800 rules inserted. Base: 80643 rules (385 with conclusion selected). Queue: 50481 rules.
107000 rules inserted. Base: 80702 rules (385 with conclusion selected). Queue: 50481 rules.
107200 rules inserted. Base: 80811 rules (385 with conclusion selected). Queue: 50481 rules.
107400 rules inserted. Base: 80958 rules (385 with conclusion selected). Queue: 50481 rules.
107600 rules inserted. Base: 81050 rules (385 with conclusion selected). Queue: 50481 rules.
107800 rules inserted. Base: 81202 rules (385 with conclusion selected). Queue: 50521 rules.
108000 rules inserted. Base: 81378 rules (385 with conclusion selected). Queue: 50616 rules.
108200 rules inserted. Base: 81554 rules (385 with conclusion selected). Queue: 50696 rules.
108400 rules inserted. Base: 81730 rules (385 with conclusion selected). Queue: 50785 rules.
108600 rules inserted. Base: 81906 rules (385 with conclusion selected). Queue: 50865 rules.
108800 rules inserted. Base: 82103 rules (385 with conclusion selected). Queue: 50961 rules.
109000 rules inserted. Base: 82282 rules (385 with conclusion selected). Queue: 51104 rules.
109200 rules inserted. Base: 82478 rules (385 with conclusion selected). Queue: 51260 rules.
109400 rules inserted. Base: 82674 rules (385 with conclusion selected). Queue: 51416 rules.
109600 rules inserted. Base: 82870 rules (385 with conclusion selected). Queue: 51569 rules.
109800 rules inserted. Base: 83066 rules (385 with conclusion selected). Queue: 51728 rules.
110000 rules inserted. Base: 83266 rules (385 with conclusion selected). Queue: 51870 rules.
110200 rules inserted. Base: 83462 rules (387 with conclusion selected). Queue: 52040 rules.
110400 rules inserted. Base: 83662 rules (390 with conclusion selected). Queue: 52224 rules.
110600 rules inserted. Base: 83862 rules (393 with conclusion selected). Queue: 52408 rules.
110800 rules inserted. Base: 84062 rules (396 with conclusion selected). Queue: 52592 rules.
111000 rules inserted. Base: 84262 rules (399 with conclusion selected). Queue: 52777 rules.
111200 rules inserted. Base: 84462 rules (402 with conclusion selected). Queue: 52961 rules.
111400 rules inserted. Base: 84655 rules (407 with conclusion selected). Queue: 53093 rules.
111600 rules inserted. Base: 84812 rules (409 with conclusion selected). Queue: 53083 rules.
111800 rules inserted. Base: 84904 rules (409 with conclusion selected). Queue: 53066 rules.
112000 rules inserted. Base: 84993 rules (412 with conclusion selected). Queue: 53070 rules.
112200 rules inserted. Base: 85187 rules (421 with conclusion selected). Queue: 53152 rules.
112400 rules inserted. Base: 85367 rules (427 with conclusion selected). Queue: 53204 rules.
112600 rules inserted. Base: 85522 rules (427 with conclusion selected). Queue: 53195 rules.
112800 rules inserted. Base: 85579 rules (427 with conclusion selected). Queue: 53183 rules.
113000 rules inserted. Base: 85597 rules (428 with conclusion selected). Queue: 53190 rules.
113200 rules inserted. Base: 85791 rules (438 with conclusion selected). Queue: 53272 rules.
113400 rules inserted. Base: 85974 rules (445 with conclusion selected). Queue: 53329 rules.
113600 rules inserted. Base: 86126 rules (445 with conclusion selected). Queue: 53323 rules.
113800 rules inserted. Base: 86194 rules (445 with conclusion selected). Queue: 53308 rules.
114000 rules inserted. Base: 86201 rules (445 with conclusion selected). Queue: 53308 rules.
114200 rules inserted. Base: 86201 rules (445 with conclusion selected). Queue: 53308 rules.
114400 rules inserted. Base: 86201 rules (445 with conclusion selected). Queue: 53308 rules.
114600 rules inserted. Base: 86238 rules (445 with conclusion selected). Queue: 53308 rules.
114800 rules inserted. Base: 86261 rules (445 with conclusion selected). Queue: 53308 rules.
115000 rules inserted. Base: 86338 rules (445 with conclusion selected). Queue: 53308 rules.
115200 rules inserted. Base: 86466 rules (445 with conclusion selected). Queue: 53308 rules.
115400 rules inserted. Base: 86605 rules (445 with conclusion selected). Queue: 53308 rules.
115600 rules inserted. Base: 86734 rules (445 with conclusion selected). Queue: 53308 rules.
115800 rules inserted. Base: 86874 rules (445 with conclusion selected). Queue: 53288 rules.
116000 rules inserted. Base: 87002 rules (445 with conclusion selected). Queue: 53288 rules.
116200 rules inserted. Base: 87130 rules (445 with conclusion selected). Queue: 53288 rules.
116400 rules inserted. Base: 87285 rules (445 with conclusion selected). Queue: 53328 rules.
116600 rules inserted. Base: 87467 rules (445 with conclusion selected). Queue: 53412 rules.
116800 rules inserted. Base: 87652 rules (445 with conclusion selected). Queue: 53499 rules.
117000 rules inserted. Base: 87834 rules (445 with conclusion selected). Queue: 53583 rules.
117200 rules inserted. Base: 88013 rules (445 with conclusion selected). Queue: 53668 rules.
117400 rules inserted. Base: 88201 rules (445 with conclusion selected). Queue: 53756 rules.
117600 rules inserted. Base: 88386 rules (445 with conclusion selected). Queue: 53840 rules.
117800 rules inserted. Base: 88568 rules (445 with conclusion selected). Queue: 53928 rules.
118000 rules inserted. Base: 88753 rules (445 with conclusion selected). Queue: 54016 rules.
118200 rules inserted. Base: 88935 rules (445 with conclusion selected). Queue: 54104 rules.
118400 rules inserted. Base: 89125 rules (448 with conclusion selected). Queue: 54223 rules.
118600 rules inserted. Base: 89323 rules (451 with conclusion selected). Queue: 54380 rules.
118800 rules inserted. Base: 89521 rules (456 with conclusion selected). Queue: 54526 rules.
119000 rules inserted. Base: 89719 rules (460 with conclusion selected). Queue: 54678 rules.
119200 rules inserted. Base: 89917 rules (465 with conclusion selected). Queue: 54824 rules.
119400 rules inserted. Base: 90116 rules (469 with conclusion selected). Queue: 54977 rules.
119600 rules inserted. Base: 90314 rules (473 with conclusion selected). Queue: 55130 rules.
119800 rules inserted. Base: 90512 rules (477 with conclusion selected). Queue: 55281 rules.
120000 rules inserted. Base: 90711 rules (481 with conclusion selected). Queue: 55440 rules.
120200 rules inserted. Base: 90909 rules (486 with conclusion selected). Queue: 55585 rules.
120400 rules inserted. Base: 91107 rules (490 with conclusion selected). Queue: 55741 rules.
120600 rules inserted. Base: 91230 rules (493 with conclusion selected). Queue: 55811 rules.
120800 rules inserted. Base: 91361 rules (499 with conclusion selected). Queue: 55802 rules.
121000 rules inserted. Base: 91518 rules (501 with conclusion selected). Queue: 55791 rules.
121200 rules inserted. Base: 91589 rules (501 with conclusion selected). Queue: 55773 rules.
121400 rules inserted. Base: 91681 rules (501 with conclusion selected). Queue: 55732 rules.
121600 rules inserted. Base: 91794 rules (501 with conclusion selected). Queue: 55732 rules.
121800 rules inserted. Base: 91825 rules (501 with conclusion selected). Queue: 55732 rules.
122000 rules inserted. Base: 91906 rules (501 with conclusion selected). Queue: 55675 rules.
122200 rules inserted. Base: 91933 rules (501 with conclusion selected). Queue: 55672 rules.
122400 rules inserted. Base: 91965 rules (501 with conclusion selected). Queue: 55660 rules.
122600 rules inserted. Base: 91999 rules (501 with conclusion selected). Queue: 55648 rules.
122800 rules inserted. Base: 92011 rules (501 with conclusion selected). Queue: 55648 rules.
123000 rules inserted. Base: 92047 rules (501 with conclusion selected). Queue: 55636 rules.
123200 rules inserted. Base: 92071 rules (501 with conclusion selected). Queue: 55636 rules.
123400 rules inserted. Base: 92083 rules (501 with conclusion selected). Queue: 55636 rules.
123600 rules inserted. Base: 92206 rules (501 with conclusion selected). Queue: 55626 rules.
123800 rules inserted. Base: 92340 rules (501 with conclusion selected). Queue: 55626 rules.
124000 rules inserted. Base: 92478 rules (501 with conclusion selected). Queue: 55616 rules.
124200 rules inserted. Base: 92612 rules (501 with conclusion selected). Queue: 55616 rules.
124400 rules inserted. Base: 92757 rules (501 with conclusion selected). Queue: 55610 rules.
124600 rules inserted. Base: 92892 rules (501 with conclusion selected). Queue: 55606 rules.
124800 rules inserted. Base: 93027 rules (501 with conclusion selected). Queue: 55603 rules.
125000 rules inserted. Base: 93170 rules (501 with conclusion selected). Queue: 55593 rules.
125200 rules inserted. Base: 93315 rules (501 with conclusion selected). Queue: 55593 rules.
125400 rules inserted. Base: 93458 rules (501 with conclusion selected). Queue: 55589 rules.
125600 rules inserted. Base: 93591 rules (501 with conclusion selected). Queue: 55589 rules.
125800 rules inserted. Base: 93760 rules (502 with conclusion selected). Queue: 55639 rules.
126000 rules inserted. Base: 93946 rules (505 with conclusion selected). Queue: 55716 rules.
126200 rules inserted. Base: 94135 rules (508 with conclusion selected). Queue: 55814 rules.
126400 rules inserted. Base: 94321 rules (511 with conclusion selected). Queue: 55881 rules.
126600 rules inserted. Base: 94504 rules (513 with conclusion selected). Queue: 55972 rules.
126800 rules inserted. Base: 94692 rules (517 with conclusion selected). Queue: 56057 rules.
127000 rules inserted. Base: 94879 rules (519 with conclusion selected). Queue: 56131 rules.
127200 rules inserted. Base: 95065 rules (522 with conclusion selected). Queue: 56217 rules.
127400 rules inserted. Base: 95253 rules (526 with conclusion selected). Queue: 56305 rules.
127600 rules inserted. Base: 95438 rules (529 with conclusion selected). Queue: 56379 rules.
127800 rules inserted. Base: 95625 rules (531 with conclusion selected). Queue: 56471 rules.
128000 rules inserted. Base: 95818 rules (537 with conclusion selected). Queue: 56560 rules.
128200 rules inserted. Base: 96000 rules (542 with conclusion selected). Queue: 56634 rules.
128400 rules inserted. Base: 96189 rules (546 with conclusion selected). Queue: 56719 rules.
128600 rules inserted. Base: 96378 rules (550 with conclusion selected). Queue: 56814 rules.
128800 rules inserted. Base: 96551 rules (555 with conclusion selected). Queue: 56875 rules.
129000 rules inserted. Base: 96699 rules (555 with conclusion selected). Queue: 56755 rules.
129200 rules inserted. Base: 96778 rules (555 with conclusion selected). Queue: 56721 rules.
129400 rules inserted. Base: 96867 rules (555 with conclusion selected). Queue: 56707 rules.
129600 rules inserted. Base: 96935 rules (555 with conclusion selected). Queue: 56689 rules.
129800 rules inserted. Base: 96991 rules (555 with conclusion selected). Queue: 56671 rules.
130000 rules inserted. Base: 97061 rules (555 with conclusion selected). Queue: 56647 rules.
130200 rules inserted. Base: 97104 rules (555 with conclusion selected). Queue: 56624 rules.
130400 rules inserted. Base: 97144 rules (555 with conclusion selected). Queue: 56612 rules.
130600 rules inserted. Base: 97176 rules (555 with conclusion selected). Queue: 56600 rules.
130800 rules inserted. Base: 97211 rules (555 with conclusion selected). Queue: 56589 rules.
131000 rules inserted. Base: 97261 rules (555 with conclusion selected). Queue: 56570 rules.
131200 rules inserted. Base: 97294 rules (555 with conclusion selected). Queue: 56562 rules.
131400 rules inserted. Base: 97337 rules (555 with conclusion selected). Queue: 56553 rules.
131600 rules inserted. Base: 97361 rules (555 with conclusion selected). Queue: 56547 rules.
131800 rules inserted. Base: 97382 rules (555 with conclusion selected). Queue: 56545 rules.
132000 rules inserted. Base: 97516 rules (555 with conclusion selected). Queue: 56537 rules.
132200 rules inserted. Base: 97653 rules (555 with conclusion selected). Queue: 56533 rules.
132400 rules inserted. Base: 97801 rules (556 with conclusion selected). Queue: 56525 rules.
132600 rules inserted. Base: 97940 rules (556 with conclusion selected). Queue: 56520 rules.
132800 rules inserted. Base: 98088 rules (557 with conclusion selected). Queue: 56513 rules.
133000 rules inserted. Base: 98223 rules (557 with conclusion selected). Queue: 56506 rules.
133200 rules inserted. Base: 98359 rules (557 with conclusion selected). Queue: 56501 rules.
133400 rules inserted. Base: 98518 rules (559 with conclusion selected). Queue: 56493 rules.
133600 rules inserted. Base: 98659 rules (559 with conclusion selected). Queue: 56486 rules.
133800 rules inserted. Base: 98795 rules (559 with conclusion selected). Queue: 56478 rules.
134000 rules inserted. Base: 98956 rules (562 with conclusion selected). Queue: 56471 rules.
134200 rules inserted. Base: 99102 rules (564 with conclusion selected). Queue: 56467 rules.
134400 rules inserted. Base: 99244 rules (565 with conclusion selected). Queue: 56463 rules.
134600 rules inserted. Base: 99391 rules (567 with conclusion selected). Queue: 56459 rules.
134800 rules inserted. Base: 99553 rules (571 with conclusion selected). Queue: 56454 rules.
135000 rules inserted. Base: 99691 rules (571 with conclusion selected). Queue: 56376 rules.
135200 rules inserted. Base: 99792 rules (571 with conclusion selected). Queue: 56312 rules.
135400 rules inserted. Base: 99892 rules (571 with conclusion selected). Queue: 56268 rules.
135600 rules inserted. Base: 99978 rules (571 with conclusion selected). Queue: 56254 rules.
135800 rules inserted. Base: 100047 rules (571 with conclusion selected). Queue: 56231 rules.
136000 rules inserted. Base: 100115 rules (571 with conclusion selected). Queue: 56207 rules.
136200 rules inserted. Base: 100186 rules (571 with conclusion selected). Queue: 56180 rules.
136400 rules inserted. Base: 100234 rules (571 with conclusion selected). Queue: 56165 rules.
136600 rules inserted. Base: 100282 rules (571 with conclusion selected). Queue: 56145 rules.
136800 rules inserted. Base: 100317 rules (571 with conclusion selected). Queue: 56134 rules.
137000 rules inserted. Base: 100366 rules (571 with conclusion selected). Queue: 56117 rules.
137200 rules inserted. Base: 100407 rules (571 with conclusion selected). Queue: 56100 rules.
137400 rules inserted. Base: 100449 rules (571 with conclusion selected). Queue: 56088 rules.
137600 rules inserted. Base: 100494 rules (571 with conclusion selected). Queue: 56074 rules.
137800 rules inserted. Base: 100545 rules (571 with conclusion selected). Queue: 56061 rules.
138000 rules inserted. Base: 100574 rules (571 with conclusion selected). Queue: 56053 rules.
138200 rules inserted. Base: 100599 rules (571 with conclusion selected). Queue: 56049 rules.
138400 rules inserted. Base: 100610 rules (571 with conclusion selected). Queue: 56049 rules.
138600 rules inserted. Base: 100634 rules (571 with conclusion selected). Queue: 56049 rules.
138800 rules inserted. Base: 100651 rules (571 with conclusion selected). Queue: 56049 rules.
139000 rules inserted. Base: 100658 rules (571 with conclusion selected). Queue: 56049 rules.
139200 rules inserted. Base: 100682 rules (571 with conclusion selected). Queue: 56049 rules.
139400 rules inserted. Base: 100723 rules (571 with conclusion selected). Queue: 56049 rules.
139600 rules inserted. Base: 100790 rules (571 with conclusion selected). Queue: 56049 rules.
139800 rules inserted. Base: 100889 rules (571 with conclusion selected). Queue: 56025 rules.
140000 rules inserted. Base: 100955 rules (571 with conclusion selected). Queue: 56025 rules.
140200 rules inserted. Base: 101045 rules (571 with conclusion selected). Queue: 56011 rules.
140400 rules inserted. Base: 101072 rules (571 with conclusion selected). Queue: 56010 rules.
140600 rules inserted. Base: 101218 rules (576 with conclusion selected). Queue: 55990 rules.
140800 rules inserted. Base: 101382 rules (579 with conclusion selected). Queue: 55987 rules.
141000 rules inserted. Base: 101433 rules (579 with conclusion selected). Queue: 55979 rules.
141200 rules inserted. Base: 101582 rules (587 with conclusion selected). Queue: 56029 rules.
141400 rules inserted. Base: 101776 rules (596 with conclusion selected). Queue: 56112 rules.
141600 rules inserted. Base: 101926 rules (597 with conclusion selected). Queue: 56116 rules.
141800 rules inserted. Base: 102027 rules (597 with conclusion selected). Queue: 56116 rules.
142000 rules inserted. Base: 102132 rules (603 with conclusion selected). Queue: 56128 rules.
142200 rules inserted. Base: 102332 rules (613 with conclusion selected). Queue: 56275 rules.
142400 rules inserted. Base: 102520 rules (613 with conclusion selected). Queue: 56361 rules.
142600 rules inserted. Base: 102658 rules (613 with conclusion selected). Queue: 56377 rules.
142800 rules inserted. Base: 102748 rules (619 with conclusion selected). Queue: 56392 rules.
143000 rules inserted. Base: 102902 rules (627 with conclusion selected). Queue: 56398 rules.
143200 rules inserted. Base: 103050 rules (629 with conclusion selected). Queue: 56389 rules.
143400 rules inserted. Base: 103132 rules (629 with conclusion selected). Queue: 56387 rules.
143600 rules inserted. Base: 103278 rules (636 with conclusion selected). Queue: 56438 rules.
143800 rules inserted. Base: 103463 rules (641 with conclusion selected). Queue: 56509 rules.
144000 rules inserted. Base: 103612 rules (641 with conclusion selected). Queue: 56509 rules.
144200 rules inserted. Base: 103680 rules (644 with conclusion selected). Queue: 56543 rules.
144400 rules inserted. Base: 103879 rules (653 with conclusion selected). Queue: 56685 rules.
144600 rules inserted. Base: 104068 rules (653 with conclusion selected). Queue: 56773 rules.
144800 rules inserted. Base: 104190 rules (653 with conclusion selected). Queue: 56781 rules.
145000 rules inserted. Base: 104297 rules (660 with conclusion selected). Queue: 56791 rules.
145200 rules inserted. Base: 104490 rules (665 with conclusion selected). Queue: 56882 rules.
145400 rules inserted. Base: 104646 rules (665 with conclusion selected). Queue: 56903 rules.
145600 rules inserted. Base: 104720 rules (667 with conclusion selected). Queue: 56926 rules.
145800 rules inserted. Base: 104920 rules (677 with conclusion selected). Queue: 57073 rules.
146000 rules inserted. Base: 105108 rules (677 with conclusion selected). Queue: 57159 rules.
146200 rules inserted. Base: 105246 rules (677 with conclusion selected). Queue: 57175 rules.
146400 rules inserted. Base: 105246 rules (677 with conclusion selected). Queue: 57175 rules.
146600 rules inserted. Base: 105420 rules (686 with conclusion selected). Queue: 57301 rules.
146800 rules inserted. Base: 105611 rules (689 with conclusion selected). Queue: 57403 rules.
147000 rules inserted. Base: 105772 rules (689 with conclusion selected). Queue: 57447 rules.
147200 rules inserted. Base: 105806 rules (689 with conclusion selected). Queue: 57447 rules.
147400 rules inserted. Base: 105806 rules (689 with conclusion selected). Queue: 57447 rules.
147600 rules inserted. Base: 105902 rules (689 with conclusion selected). Queue: 57447 rules.
147800 rules inserted. Base: 106032 rules (689 with conclusion selected). Queue: 57447 rules.
148000 rules inserted. Base: 106184 rules (689 with conclusion selected). Queue: 57447 rules.
148200 rules inserted. Base: 106286 rules (689 with conclusion selected). Queue: 57447 rules.
148400 rules inserted. Base: 106428 rules (689 with conclusion selected). Queue: 57519 rules.
148600 rules inserted. Base: 106604 rules (689 with conclusion selected). Queue: 57615 rules.
148800 rules inserted. Base: 106780 rules (689 with conclusion selected). Queue: 57701 rules.
149000 rules inserted. Base: 106956 rules (689 with conclusion selected). Queue: 57783 rules.
149200 rules inserted. Base: 107132 rules (689 with conclusion selected). Queue: 57879 rules.
149400 rules inserted. Base: 107308 rules (689 with conclusion selected). Queue: 57969 rules.
149600 rules inserted. Base: 107507 rules (689 with conclusion selected). Queue: 58119 rules.
149800 rules inserted. Base: 107704 rules (689 with conclusion selected). Queue: 58277 rules.
150000 rules inserted. Base: 107900 rules (689 with conclusion selected). Queue: 58433 rules.
150200 rules inserted. Base: 108096 rules (689 with conclusion selected). Queue: 58589 rules.
150400 rules inserted. Base: 108292 rules (689 with conclusion selected). Queue: 58743 rules.
150600 rules inserted. Base: 108488 rules (689 with conclusion selected). Queue: 58885 rules.
150800 rules inserted. Base: 108688 rules (692 with conclusion selected). Queue: 59064 rules.
151000 rules inserted. Base: 108888 rules (695 with conclusion selected). Queue: 59248 rules.
151200 rules inserted. Base: 109088 rules (698 with conclusion selected). Queue: 59432 rules.
151400 rules inserted. Base: 109288 rules (701 with conclusion selected). Queue: 59616 rules.
151600 rules inserted. Base: 109488 rules (704 with conclusion selected). Queue: 59801 rules.
151800 rules inserted. Base: 109688 rules (707 with conclusion selected). Queue: 59985 rules.
152000 rules inserted. Base: 109821 rules (709 with conclusion selected). Queue: 60043 rules.
152200 rules inserted. Base: 109894 rules (709 with conclusion selected). Queue: 60026 rules.
152400 rules inserted. Base: 110007 rules (711 with conclusion selected). Queue: 60001 rules.
152600 rules inserted. Base: 110171 rules (717 with conclusion selected). Queue: 59990 rules.
152800 rules inserted. Base: 110333 rules (721 with conclusion selected). Queue: 59975 rules.
153000 rules inserted. Base: 110393 rules (721 with conclusion selected). Queue: 59954 rules.
153200 rules inserted. Base: 110496 rules (724 with conclusion selected). Queue: 59954 rules.
153400 rules inserted. Base: 110691 rules (735 with conclusion selected). Queue: 60035 rules.
153600 rules inserted. Base: 110880 rules (745 with conclusion selected). Queue: 60103 rules.
153800 rules inserted. Base: 111037 rules (745 with conclusion selected). Queue: 60097 rules.
154000 rules inserted. Base: 111136 rules (745 with conclusion selected). Queue: 60082 rules.
154200 rules inserted. Base: 111198 rules (745 with conclusion selected). Queue: 60072 rules.
154400 rules inserted. Base: 111365 rules (754 with conclusion selected). Queue: 60054 rules.
154600 rules inserted. Base: 111526 rules (757 with conclusion selected). Queue: 60043 rules.
154800 rules inserted. Base: 111616 rules (757 with conclusion selected). Queue: 60022 rules.
155000 rules inserted. Base: 111697 rules (759 with conclusion selected). Queue: 60027 rules.
155200 rules inserted. Base: 111891 rules (771 with conclusion selected). Queue: 60104 rules.
155400 rules inserted. Base: 112083 rules (781 with conclusion selected). Queue: 60177 rules.
155600 rules inserted. Base: 112238 rules (781 with conclusion selected). Queue: 60171 rules.
155800 rules inserted. Base: 112343 rules (781 with conclusion selected). Queue: 60156 rules.
156000 rules inserted. Base: 112376 rules (781 with conclusion selected). Queue: 60156 rules.
156200 rules inserted. Base: 112475 rules (787 with conclusion selected). Queue: 60193 rules.
156400 rules inserted. Base: 112669 rules (798 with conclusion selected). Queue: 60272 rules.
156600 rules inserted. Base: 112848 rules (805 with conclusion selected). Queue: 60317 rules.
156800 rules inserted. Base: 113002 rules (805 with conclusion selected). Queue: 60308 rules.
157000 rules inserted. Base: 113064 rules (805 with conclusion selected). Queue: 60296 rules.
157200 rules inserted. Base: 113088 rules (805 with conclusion selected). Queue: 60296 rules.
157400 rules inserted. Base: 113088 rules (805 with conclusion selected). Queue: 60296 rules.
157600 rules inserted. Base: 113088 rules (805 with conclusion selected). Queue: 60296 rules.
157800 rules inserted. Base: 113088 rules (805 with conclusion selected). Queue: 60296 rules.
158000 rules inserted. Base: 113090 rules (805 with conclusion selected). Queue: 60296 rules.
158200 rules inserted. Base: 113148 rules (805 with conclusion selected). Queue: 60296 rules.
158400 rules inserted. Base: 113276 rules (805 with conclusion selected). Queue: 60296 rules.
158600 rules inserted. Base: 113414 rules (805 with conclusion selected). Queue: 60296 rules.
158800 rules inserted. Base: 113554 rules (805 with conclusion selected). Queue: 60296 rules.
159000 rules inserted. Base: 113682 rules (805 with conclusion selected). Queue: 60296 rules.
159200 rules inserted. Base: 113798 rules (805 with conclusion selected). Queue: 60296 rules.
159400 rules inserted. Base: 113938 rules (805 with conclusion selected). Queue: 60296 rules.
159600 rules inserted. Base: 114080 rules (805 with conclusion selected). Queue: 60276 rules.
159800 rules inserted. Base: 114206 rules (805 with conclusion selected). Queue: 60284 rules.
160000 rules inserted. Base: 114388 rules (805 with conclusion selected). Queue: 60374 rules.
160200 rules inserted. Base: 114579 rules (805 with conclusion selected). Queue: 60464 rules.
160400 rules inserted. Base: 114757 rules (805 with conclusion selected). Queue: 60544 rules.
160600 rules inserted. Base: 114943 rules (805 with conclusion selected). Queue: 60634 rules.
160800 rules inserted. Base: 115125 rules (805 with conclusion selected). Queue: 60714 rules.
161000 rules inserted. Base: 115307 rules (805 with conclusion selected). Queue: 60798 rules.
161200 rules inserted. Base: 115489 rules (805 with conclusion selected). Queue: 60888 rules.
161400 rules inserted. Base: 115671 rules (805 with conclusion selected). Queue: 60974 rules.
161600 rules inserted. Base: 115862 rules (805 with conclusion selected). Queue: 61060 rules.
161800 rules inserted. Base: 116044 rules (805 with conclusion selected). Queue: 61150 rules.
162000 rules inserted. Base: 116226 rules (806 with conclusion selected). Queue: 61231 rules.
162200 rules inserted. Base: 116424 rules (810 with conclusion selected). Queue: 61383 rules.
162400 rules inserted. Base: 116623 rules (815 with conclusion selected). Queue: 61533 rules.
162600 rules inserted. Base: 116821 rules (820 with conclusion selected). Queue: 61682 rules.
162800 rules inserted. Base: 117020 rules (825 with conclusion selected). Queue: 61834 rules.
163000 rules inserted. Base: 117218 rules (830 with conclusion selected). Queue: 61981 rules.
163200 rules inserted. Base: 117416 rules (834 with conclusion selected). Queue: 62139 rules.
163400 rules inserted. Base: 117615 rules (839 with conclusion selected). Queue: 62289 rules.
163600 rules inserted. Base: 117813 rules (844 with conclusion selected). Queue: 62438 rules.
163800 rules inserted. Base: 118011 rules (849 with conclusion selected). Queue: 62587 rules.
164000 rules inserted. Base: 118210 rules (854 with conclusion selected). Queue: 62737 rules.
164200 rules inserted. Base: 118408 rules (859 with conclusion selected). Queue: 62886 rules.
164400 rules inserted. Base: 118607 rules (864 with conclusion selected). Queue: 63041 rules.
164600 rules inserted. Base: 118715 rules (865 with conclusion selected). Queue: 63050 rules.
164800 rules inserted. Base: 118793 rules (865 with conclusion selected). Queue: 63027 rules.
165000 rules inserted. Base: 118914 rules (865 with conclusion selected). Queue: 62975 rules.
165200 rules inserted. Base: 119082 rules (872 with conclusion selected). Queue: 62955 rules.
165400 rules inserted. Base: 119250 rules (879 with conclusion selected). Queue: 62941 rules.
165600 rules inserted. Base: 119385 rules (883 with conclusion selected). Queue: 62922 rules.
165800 rules inserted. Base: 119451 rules (883 with conclusion selected). Queue: 62901 rules.
166000 rules inserted. Base: 119560 rules (883 with conclusion selected). Queue: 62858 rules.
166200 rules inserted. Base: 119632 rules (885 with conclusion selected). Queue: 62854 rules.
166400 rules inserted. Base: 119799 rules (892 with conclusion selected). Queue: 62840 rules.
166600 rules inserted. Base: 119968 rules (899 with conclusion selected). Queue: 62825 rules.
166800 rules inserted. Base: 120074 rules (901 with conclusion selected). Queue: 62805 rules.
167000 rules inserted. Base: 120149 rules (901 with conclusion selected). Queue: 62783 rules.
167200 rules inserted. Base: 120225 rules (901 with conclusion selected). Queue: 62747 rules.
167400 rules inserted. Base: 120342 rules (901 with conclusion selected). Queue: 62747 rules.
167600 rules inserted. Base: 120369 rules (901 with conclusion selected). Queue: 62747 rules.
167800 rules inserted. Base: 120400 rules (901 with conclusion selected). Queue: 62747 rules.
168000 rules inserted. Base: 120477 rules (901 with conclusion selected). Queue: 62687 rules.
168200 rules inserted. Base: 120502 rules (901 with conclusion selected). Queue: 62687 rules.
168400 rules inserted. Base: 120543 rules (901 with conclusion selected). Queue: 62675 rules.
168600 rules inserted. Base: 120568 rules (901 with conclusion selected). Queue: 62668 rules.
168800 rules inserted. Base: 120591 rules (901 with conclusion selected). Queue: 62663 rules.
169000 rules inserted. Base: 120627 rules (901 with conclusion selected). Queue: 62651 rules.
169200 rules inserted. Base: 120645 rules (901 with conclusion selected). Queue: 62651 rules.
169400 rules inserted. Base: 120678 rules (901 with conclusion selected). Queue: 62639 rules.
169600 rules inserted. Base: 120707 rules (901 with conclusion selected). Queue: 62639 rules.
169800 rules inserted. Base: 120851 rules (901 with conclusion selected). Queue: 62633 rules.
170000 rules inserted. Base: 121001 rules (901 with conclusion selected). Queue: 62626 rules.
170200 rules inserted. Base: 121139 rules (901 with conclusion selected). Queue: 62623 rules.
170400 rules inserted. Base: 121278 rules (901 with conclusion selected). Queue: 62620 rules.
170600 rules inserted. Base: 121425 rules (901 with conclusion selected). Queue: 62613 rules.
170800 rules inserted. Base: 121558 rules (901 with conclusion selected). Queue: 62610 rules.
171000 rules inserted. Base: 121702 rules (901 with conclusion selected). Queue: 62603 rules.
171200 rules inserted. Base: 121846 rules (901 with conclusion selected). Queue: 62600 rules.
171400 rules inserted. Base: 121980 rules (901 with conclusion selected). Queue: 62597 rules.
171600 rules inserted. Base: 122123 rules (901 with conclusion selected). Queue: 62591 rules.
171800 rules inserted. Base: 122270 rules (901 with conclusion selected). Queue: 62587 rules.
172000 rules inserted. Base: 122411 rules (901 with conclusion selected). Queue: 62584 rules.
172200 rules inserted. Base: 122551 rules (901 with conclusion selected). Queue: 62579 rules.
172400 rules inserted. Base: 122696 rules (901 with conclusion selected). Queue: 62574 rules.
172600 rules inserted. Base: 122878 rules (905 with conclusion selected). Queue: 62645 rules.
172800 rules inserted. Base: 123068 rules (910 with conclusion selected). Queue: 62725 rules.
173000 rules inserted. Base: 123253 rules (914 with conclusion selected). Queue: 62811 rules.
173200 rules inserted. Base: 123441 rules (920 with conclusion selected). Queue: 62885 rules.
173400 rules inserted. Base: 123630 rules (924 with conclusion selected). Queue: 62970 rules.
173600 rules inserted. Base: 123819 rules (929 with conclusion selected). Queue: 63052 rules.
173800 rules inserted. Base: 124008 rules (934 with conclusion selected). Queue: 63133 rules.
174000 rules inserted. Base: 124196 rules (939 with conclusion selected). Queue: 63213 rules.
174200 rules inserted. Base: 124382 rules (943 with conclusion selected). Queue: 63295 rules.
174400 rules inserted. Base: 124570 rules (947 with conclusion selected). Queue: 63387 rules.
174600 rules inserted. Base: 124759 rules (952 with conclusion selected). Queue: 63476 rules.
174800 rules inserted. Base: 124947 rules (957 with conclusion selected). Queue: 63549 rules.
175000 rules inserted. Base: 125136 rules (962 with conclusion selected). Queue: 63637 rules.
175200 rules inserted. Base: 125325 rules (966 with conclusion selected). Queue: 63715 rules.
175400 rules inserted. Base: 125514 rules (972 with conclusion selected). Queue: 63801 rules.
175600 rules inserted. Base: 125702 rules (977 with conclusion selected). Queue: 63881 rules.
175800 rules inserted. Base: 125890 rules (983 with conclusion selected). Queue: 63963 rules.
176000 rules inserted. Base: 126078 rules (988 with conclusion selected). Queue: 64047 rules.
176200 rules inserted. Base: 126270 rules (994 with conclusion selected). Queue: 64126 rules.
176400 rules inserted. Base: 126462 rules (997 with conclusion selected). Queue: 64143 rules.
176600 rules inserted. Base: 126580 rules (997 with conclusion selected). Queue: 64124 rules.
176800 rules inserted. Base: 126658 rules (997 with conclusion selected). Queue: 64097 rules.
177000 rules inserted. Base: 126766 rules (997 with conclusion selected). Queue: 64055 rules.
177200 rules inserted. Base: 126904 rules (997 with conclusion selected). Queue: 64011 rules.
177400 rules inserted. Base: 127057 rules (997 with conclusion selected). Queue: 63891 rules.
177600 rules inserted. Base: 127144 rules (997 with conclusion selected). Queue: 63856 rules.
177800 rules inserted. Base: 127239 rules (997 with conclusion selected). Queue: 63819 rules.
178000 rules inserted. Base: 127322 rules (997 with conclusion selected). Queue: 63813 rules.
178200 rules inserted. Base: 127389 rules (997 with conclusion selected). Queue: 63789 rules.
178400 rules inserted. Base: 127441 rules (997 with conclusion selected). Queue: 63771 rules.
178600 rules inserted. Base: 127508 rules (997 with conclusion selected). Queue: 63747 rules.
178800 rules inserted. Base: 127585 rules (997 with conclusion selected). Queue: 63717 rules.
179000 rules inserted. Base: 127633 rules (997 with conclusion selected). Queue: 63705 rules.
179200 rules inserted. Base: 127679 rules (997 with conclusion selected). Queue: 63689 rules.
179400 rules inserted. Base: 127719 rules (997 with conclusion selected). Queue: 63679 rules.
179600 rules inserted. Base: 127763 rules (997 with conclusion selected). Queue: 63663 rules.
179800 rules inserted. Base: 127803 rules (997 with conclusion selected). Queue: 63653 rules.
180000 rules inserted. Base: 127847 rules (997 with conclusion selected). Queue: 63637 rules.
180200 rules inserted. Base: 127881 rules (997 with conclusion selected). Queue: 63630 rules.
180400 rules inserted. Base: 127929 rules (997 with conclusion selected). Queue: 63615 rules.
180600 rules inserted. Base: 127978 rules (997 with conclusion selected). Queue: 63597 rules.
180800 rules inserted. Base: 128019 rules (997 with conclusion selected). Queue: 63587 rules.
181000 rules inserted. Base: 128057 rules (997 with conclusion selected). Queue: 63579 rules.
181200 rules inserted. Base: 128100 rules (997 with conclusion selected). Queue: 63569 rules.
181400 rules inserted. Base: 128216 rules (998 with conclusion selected). Queue: 63560 rules.
181600 rules inserted. Base: 128369 rules (999 with conclusion selected). Queue: 63550 rules.
181800 rules inserted. Base: 128519 rules (1001 with conclusion selected). Queue: 63543 rules.
182000 rules inserted. Base: 128668 rules (1004 with conclusion selected). Queue: 63537 rules.
182200 rules inserted. Base: 128810 rules (1006 with conclusion selected). Queue: 63529 rules.
182400 rules inserted. Base: 128963 rules (1007 with conclusion selected). Queue: 63519 rules.
182600 rules inserted. Base: 129111 rules (1009 with conclusion selected). Queue: 63512 rules.
182800 rules inserted. Base: 129261 rules (1012 with conclusion selected). Queue: 63506 rules.
183000 rules inserted. Base: 129408 rules (1014 with conclusion selected). Queue: 63498 rules.
183200 rules inserted. Base: 129551 rules (1015 with conclusion selected). Queue: 63491 rules.
183400 rules inserted. Base: 129705 rules (1017 with conclusion selected). Queue: 63481 rules.
183600 rules inserted. Base: 129856 rules (1021 with conclusion selected). Queue: 63474 rules.
183800 rules inserted. Base: 129999 rules (1022 with conclusion selected). Queue: 63466 rules.
184000 rules inserted. Base: 130146 rules (1024 with conclusion selected). Queue: 63456 rules.
184200 rules inserted. Base: 130300 rules (1026 with conclusion selected). Queue: 63446 rules.
184400 rules inserted. Base: 130451 rules (1030 with conclusion selected). Queue: 63440 rules.
184600 rules inserted. Base: 130604 rules (1033 with conclusion selected). Queue: 63431 rules.
184800 rules inserted. Base: 130766 rules (1037 with conclusion selected). Queue: 63422 rules.
185000 rules inserted. Base: 130906 rules (1040 with conclusion selected). Queue: 63412 rules.
185200 rules inserted. Base: 131063 rules (1043 with conclusion selected). Queue: 63402 rules.
185400 rules inserted. Base: 131221 rules (1047 with conclusion selected). Queue: 63393 rules.
185600 rules inserted. Base: 131376 rules (1051 with conclusion selected). Queue: 63385 rules.
185800 rules inserted. Base: 131564 rules (1051 with conclusion selected). Queue: 63334 rules.
186000 rules inserted. Base: 131710 rules (1051 with conclusion selected). Queue: 63264 rules.
186200 rules inserted. Base: 131844 rules (1051 with conclusion selected). Queue: 63182 rules.
186400 rules inserted. Base: 131952 rules (1051 with conclusion selected). Queue: 63138 rules.
186600 rules inserted. Base: 132060 rules (1051 with conclusion selected). Queue: 63092 rules.
186800 rules inserted. Base: 132162 rules (1051 with conclusion selected). Queue: 63064 rules.
187000 rules inserted. Base: 132249 rules (1051 with conclusion selected). Queue: 63034 rules.
187200 rules inserted. Base: 132315 rules (1051 with conclusion selected). Queue: 63012 rules.
187400 rules inserted. Base: 132391 rules (1051 with conclusion selected). Queue: 62982 rules.
187600 rules inserted. Base: 132471 rules (1051 with conclusion selected). Queue: 62953 rules.
187800 rules inserted. Base: 132550 rules (1051 with conclusion selected). Queue: 62922 rules.
188000 rules inserted. Base: 132631 rules (1051 with conclusion selected). Queue: 62892 rules.
188200 rules inserted. Base: 132698 rules (1051 with conclusion selected). Queue: 62873 rules.
188400 rules inserted. Base: 132755 rules (1051 with conclusion selected). Queue: 62858 rules.
188600 rules inserted. Base: 132814 rules (1051 with conclusion selected). Queue: 62836 rules.
188800 rules inserted. Base: 132851 rules (1051 with conclusion selected). Queue: 62828 rules.
189000 rules inserted. Base: 132900 rules (1051 with conclusion selected). Queue: 62811 rules.
189200 rules inserted. Base: 132951 rules (1051 with conclusion selected). Queue: 62794 rules.
189400 rules inserted. Base: 132995 rules (1051 with conclusion selected). Queue: 62781 rules.
189600 rules inserted. Base: 133056 rules (1051 with conclusion selected). Queue: 62759 rules.
189800 rules inserted. Base: 133101 rules (1051 with conclusion selected). Queue: 62747 rules.
190000 rules inserted. Base: 133152 rules (1051 with conclusion selected). Queue: 62730 rules.
190200 rules inserted. Base: 133213 rules (1051 with conclusion selected). Queue: 62707 rules.
190400 rules inserted. Base: 133269 rules (1051 with conclusion selected). Queue: 62690 rules.
190600 rules inserted. Base: 133323 rules (1051 with conclusion selected). Queue: 62677 rules.
190800 rules inserted. Base: 133373 rules (1051 with conclusion selected). Queue: 62663 rules.
191000 rules inserted. Base: 133432 rules (1051 with conclusion selected). Queue: 62647 rules.
191200 rules inserted. Base: 133495 rules (1051 with conclusion selected). Queue: 62630 rules.
191400 rules inserted. Base: 133644 rules (1051 with conclusion selected). Queue: 62566 rules.
191600 rules inserted. Base: 133808 rules (1051 with conclusion selected). Queue: 62500 rules.
191800 rules inserted. Base: 133958 rules (1051 with conclusion selected). Queue: 62424 rules.
192000 rules inserted. Base: 134072 rules (1051 with conclusion selected). Queue: 62366 rules.
192200 rules inserted. Base: 134186 rules (1051 with conclusion selected). Queue: 62315 rules.
192400 rules inserted. Base: 134302 rules (1051 with conclusion selected). Queue: 62266 rules.
192600 rules inserted. Base: 134411 rules (1051 with conclusion selected). Queue: 62231 rules.
192800 rules inserted. Base: 134500 rules (1051 with conclusion selected). Queue: 62199 rules.
193000 rules inserted. Base: 134570 rules (1051 with conclusion selected). Queue: 62173 rules.
193200 rules inserted. Base: 134649 rules (1051 with conclusion selected). Queue: 62145 rules.
193400 rules inserted. Base: 134735 rules (1051 with conclusion selected). Queue: 62110 rules.
193600 rules inserted. Base: 134817 rules (1051 with conclusion selected). Queue: 62079 rules.
193800 rules inserted. Base: 134909 rules (1051 with conclusion selected). Queue: 62041 rules.
194000 rules inserted. Base: 134988 rules (1051 with conclusion selected). Queue: 62014 rules.
194200 rules inserted. Base: 135063 rules (1051 with conclusion selected). Queue: 61991 rules.
194400 rules inserted. Base: 135174 rules (1051 with conclusion selected). Queue: 61947 rules.
194600 rules inserted. Base: 135374 rules (1051 with conclusion selected). Queue: 61836 rules.
194800 rules inserted. Base: 135574 rules (1051 with conclusion selected). Queue: 61735 rules.
195000 rules inserted. Base: 135774 rules (1051 with conclusion selected). Queue: 61623 rules.
195200 rules inserted. Base: 135974 rules (1051 with conclusion selected). Queue: 61511 rules.
195400 rules inserted. Base: 136174 rules (1051 with conclusion selected). Queue: 61399 rules.
195600 rules inserted. Base: 136374 rules (1051 with conclusion selected). Queue: 61265 rules.
195800 rules inserted. Base: 136574 rules (1051 with conclusion selected). Queue: 61124 rules.
196000 rules inserted. Base: 136774 rules (1051 with conclusion selected). Queue: 60991 rules.
196200 rules inserted. Base: 136974 rules (1051 with conclusion selected). Queue: 60862 rules.
196400 rules inserted. Base: 137074 rules (1051 with conclusion selected). Queue: 60836 rules.
196600 rules inserted. Base: 137179 rules (1051 with conclusion selected). Queue: 60796 rules.
196800 rules inserted. Base: 137248 rules (1051 with conclusion selected). Queue: 60779 rules.
197000 rules inserted. Base: 137358 rules (1051 with conclusion selected). Queue: 60740 rules.
197200 rules inserted. Base: 137515 rules (1057 with conclusion selected). Queue: 60719 rules.
197400 rules inserted. Base: 137679 rules (1064 with conclusion selected). Queue: 60707 rules.
197600 rules inserted. Base: 137839 rules (1069 with conclusion selected). Queue: 60679 rules.
197800 rules inserted. Base: 137896 rules (1069 with conclusion selected). Queue: 60667 rules.
198000 rules inserted. Base: 137990 rules (1069 with conclusion selected). Queue: 60644 rules.
198200 rules inserted. Base: 138160 rules (1077 with conclusion selected). Queue: 60671 rules.
198400 rules inserted. Base: 138354 rules (1088 with conclusion selected). Queue: 60746 rules.
198600 rules inserted. Base: 138528 rules (1093 with conclusion selected). Queue: 60783 rules.
198800 rules inserted. Base: 138680 rules (1093 with conclusion selected). Queue: 60777 rules.
199000 rules inserted. Base: 138747 rules (1093 with conclusion selected). Queue: 60765 rules.
199200 rules inserted. Base: 138855 rules (1099 with conclusion selected). Queue: 60744 rules.
199400 rules inserted. Base: 139002 rules (1105 with conclusion selected). Queue: 60696 rules.
199600 rules inserted. Base: 139076 rules (1105 with conclusion selected). Queue: 60675 rules.
199800 rules inserted. Base: 139154 rules (1105 with conclusion selected). Queue: 60653 rules.
200000 rules inserted. Base: 139306 rules (1110 with conclusion selected). Queue: 60636 rules.
200200 rules inserted. Base: 139467 rules (1115 with conclusion selected). Queue: 60623 rules.
200400 rules inserted. Base: 139585 rules (1117 with conclusion selected). Queue: 60601 rules.
200600 rules inserted. Base: 139655 rules (1117 with conclusion selected). Queue: 60585 rules.
200800 rules inserted. Base: 139808 rules (1125 with conclusion selected). Queue: 60638 rules.
201000 rules inserted. Base: 140002 rules (1137 with conclusion selected). Queue: 60713 rules.
201200 rules inserted. Base: 140170 rules (1141 with conclusion selected). Queue: 60743 rules.
201400 rules inserted. Base: 140328 rules (1141 with conclusion selected). Queue: 60732 rules.
201600 rules inserted. Base: 140383 rules (1141 with conclusion selected). Queue: 60725 rules.
201800 rules inserted. Base: 140499 rules (1147 with conclusion selected). Queue: 60700 rules.
202000 rules inserted. Base: 140659 rules (1151 with conclusion selected). Queue: 60688 rules.
202200 rules inserted. Base: 140808 rules (1153 with conclusion selected). Queue: 60669 rules.
202400 rules inserted. Base: 140871 rules (1153 with conclusion selected). Queue: 60659 rules.
202600 rules inserted. Base: 141008 rules (1161 with conclusion selected). Queue: 60705 rules.
202800 rules inserted. Base: 141202 rules (1172 with conclusion selected). Queue: 60781 rules.
203000 rules inserted. Base: 141376 rules (1177 with conclusion selected). Queue: 60817 rules.
203200 rules inserted. Base: 141528 rules (1177 with conclusion selected). Queue: 60811 rules.
203400 rules inserted. Base: 141593 rules (1177 with conclusion selected). Queue: 60799 rules.
203600 rules inserted. Base: 141593 rules (1177 with conclusion selected). Queue: 60799 rules.
203800 rules inserted. Base: 141786 rules (1189 with conclusion selected). Queue: 60873 rules.
204000 rules inserted. Base: 141980 rules (1200 with conclusion selected). Queue: 60948 rules.
204200 rules inserted. Base: 142138 rules (1201 with conclusion selected). Queue: 60954 rules.
204400 rules inserted. Base: 142269 rules (1201 with conclusion selected). Queue: 60939 rules.
204600 rules inserted. Base: 142305 rules (1201 with conclusion selected). Queue: 60939 rules.
204800 rules inserted. Base: 142305 rules (1201 with conclusion selected). Queue: 60939 rules.
205000 rules inserted. Base: 142305 rules (1201 with conclusion selected). Queue: 60939 rules.
205200 rules inserted. Base: 142305 rules (1201 with conclusion selected). Queue: 60939 rules.
205400 rules inserted. Base: 142305 rules (1201 with conclusion selected). Queue: 60939 rules.
205600 rules inserted. Base: 142305 rules (1201 with conclusion selected). Queue: 60939 rules.
205800 rules inserted. Base: 142436 rules (1201 with conclusion selected). Queue: 60939 rules.
206000 rules inserted. Base: 142561 rules (1201 with conclusion selected). Queue: 60939 rules.
206200 rules inserted. Base: 142704 rules (1201 with conclusion selected). Queue: 60939 rules.
206400 rules inserted. Base: 142821 rules (1201 with conclusion selected). Queue: 60939 rules.
206600 rules inserted. Base: 142965 rules (1201 with conclusion selected). Queue: 60939 rules.
206800 rules inserted. Base: 143088 rules (1201 with conclusion selected). Queue: 60939 rules.
207000 rules inserted. Base: 143228 rules (1201 with conclusion selected). Queue: 60939 rules.
207200 rules inserted. Base: 143356 rules (1201 with conclusion selected). Queue: 60939 rules.
207400 rules inserted. Base: 143511 rules (1201 with conclusion selected). Queue: 60974 rules.
207600 rules inserted. Base: 143700 rules (1201 with conclusion selected). Queue: 61063 rules.
207800 rules inserted. Base: 143884 rules (1201 with conclusion selected). Queue: 61150 rules.
208000 rules inserted. Base: 144066 rules (1201 with conclusion selected). Queue: 61235 rules.
208200 rules inserted. Base: 144248 rules (1201 with conclusion selected). Queue: 61314 rules.
208400 rules inserted. Base: 144430 rules (1201 with conclusion selected). Queue: 61407 rules.
208600 rules inserted. Base: 144612 rules (1201 with conclusion selected). Queue: 61485 rules.
208800 rules inserted. Base: 144803 rules (1201 with conclusion selected). Queue: 61579 rules.
209000 rules inserted. Base: 144985 rules (1201 with conclusion selected). Queue: 61666 rules.
209200 rules inserted. Base: 145167 rules (1201 with conclusion selected). Queue: 61750 rules.
209400 rules inserted. Base: 145349 rules (1201 with conclusion selected). Queue: 61831 rules.
209600 rules inserted. Base: 145540 rules (1204 with conclusion selected). Queue: 61952 rules.
209800 rules inserted. Base: 145738 rules (1208 with conclusion selected). Queue: 62105 rules.
210000 rules inserted. Base: 145936 rules (1213 with conclusion selected). Queue: 62252 rules.
210200 rules inserted. Base: 146135 rules (1218 with conclusion selected). Queue: 62404 rules.
210400 rules inserted. Base: 146333 rules (1223 with conclusion selected). Queue: 62553 rules.
210600 rules inserted. Base: 146531 rules (1228 with conclusion selected). Queue: 62700 rules.
210800 rules inserted. Base: 146730 rules (1233 with conclusion selected). Queue: 62852 rules.
211000 rules inserted. Base: 146928 rules (1238 with conclusion selected). Queue: 63003 rules.
211200 rules inserted. Base: 147127 rules (1243 with conclusion selected). Queue: 63158 rules.
211400 rules inserted. Base: 147325 rules (1247 with conclusion selected). Queue: 63309 rules.
211600 rules inserted. Base: 147523 rules (1252 with conclusion selected). Queue: 63456 rules.
211800 rules inserted. Base: 147722 rules (1257 with conclusion selected). Queue: 63608 rules.
212000 rules inserted. Base: 147907 rules (1261 with conclusion selected). Queue: 63696 rules.
212200 rules inserted. Base: 148027 rules (1261 with conclusion selected). Queue: 63648 rules.
212400 rules inserted. Base: 148180 rules (1261 with conclusion selected). Queue: 63575 rules.
212600 rules inserted. Base: 148264 rules (1261 with conclusion selected). Queue: 63550 rules.
212800 rules inserted. Base: 148354 rules (1261 with conclusion selected). Queue: 63516 rules.
213000 rules inserted. Base: 148476 rules (1261 with conclusion selected). Queue: 63462 rules.
213200 rules inserted. Base: 148642 rules (1265 with conclusion selected). Queue: 63422 rules.
213400 rules inserted. Base: 148808 rules (1273 with conclusion selected). Queue: 63406 rules.
213600 rules inserted. Base: 148974 rules (1282 with conclusion selected). Queue: 63391 rules.
213800 rules inserted. Base: 149090 rules (1285 with conclusion selected). Queue: 63369 rules.
214000 rules inserted. Base: 149169 rules (1285 with conclusion selected). Queue: 63342 rules.
214200 rules inserted. Base: 149275 rules (1285 with conclusion selected). Queue: 63300 rules.
214400 rules inserted. Base: 149409 rules (1285 with conclusion selected). Queue: 63253 rules.
214600 rules inserted. Base: 149488 rules (1285 with conclusion selected). Queue: 63227 rules.
214800 rules inserted. Base: 149581 rules (1285 with conclusion selected). Queue: 63194 rules.
215000 rules inserted. Base: 149722 rules (1286 with conclusion selected). Queue: 63141 rules.
215200 rules inserted. Base: 149890 rules (1294 with conclusion selected). Queue: 63127 rules.
215400 rules inserted. Base: 150058 rules (1302 with conclusion selected). Queue: 63109 rules.
215600 rules inserted. Base: 150214 rules (1309 with conclusion selected). Queue: 63090 rules.
215800 rules inserted. Base: 150285 rules (1309 with conclusion selected). Queue: 63067 rules.
216000 rules inserted. Base: 150377 rules (1309 with conclusion selected). Queue: 63036 rules.
216200 rules inserted. Base: 150476 rules (1309 with conclusion selected). Queue: 63012 rules.
216400 rules inserted. Base: 150598 rules (1315 with conclusion selected). Queue: 63000 rules.
216600 rules inserted. Base: 150765 rules (1323 with conclusion selected). Queue: 62984 rules.
216800 rules inserted. Base: 150930 rules (1331 with conclusion selected). Queue: 62968 rules.
217000 rules inserted. Base: 151028 rules (1333 with conclusion selected). Queue: 62944 rules.
217200 rules inserted. Base: 151109 rules (1333 with conclusion selected). Queue: 62916 rules.
217400 rules inserted. Base: 151196 rules (1333 with conclusion selected). Queue: 62880 rules.
217600 rules inserted. Base: 151246 rules (1333 with conclusion selected). Queue: 62880 rules.
217800 rules inserted. Base: 151321 rules (1333 with conclusion selected). Queue: 62880 rules.
218000 rules inserted. Base: 151364 rules (1333 with conclusion selected). Queue: 62880 rules.
218200 rules inserted. Base: 151388 rules (1333 with conclusion selected). Queue: 62880 rules.
218400 rules inserted. Base: 151472 rules (1333 with conclusion selected). Queue: 62820 rules.
218600 rules inserted. Base: 151502 rules (1333 with conclusion selected). Queue: 62820 rules.
218800 rules inserted. Base: 151542 rules (1333 with conclusion selected). Queue: 62808 rules.
219000 rules inserted. Base: 151560 rules (1333 with conclusion selected). Queue: 62808 rules.
219200 rules inserted. Base: 151598 rules (1333 with conclusion selected). Queue: 62796 rules.
219400 rules inserted. Base: 151634 rules (1333 with conclusion selected). Queue: 62784 rules.
219600 rules inserted. Base: 151652 rules (1333 with conclusion selected). Queue: 62784 rules.
219800 rules inserted. Base: 151690 rules (1333 with conclusion selected). Queue: 62772 rules.
220000 rules inserted. Base: 151706 rules (1333 with conclusion selected). Queue: 62772 rules.
220200 rules inserted. Base: 151846 rules (1333 with conclusion selected). Queue: 62757 rules.
220400 rules inserted. Base: 151976 rules (1333 with conclusion selected). Queue: 62754 rules.
220600 rules inserted. Base: 152129 rules (1333 with conclusion selected). Queue: 62747 rules.
220800 rules inserted. Base: 152267 rules (1333 with conclusion selected). Queue: 62741 rules.
221000 rules inserted. Base: 152408 rules (1333 with conclusion selected). Queue: 62738 rules.
221200 rules inserted. Base: 152555 rules (1333 with conclusion selected). Queue: 62731 rules.
221400 rules inserted. Base: 152690 rules (1333 with conclusion selected). Queue: 62728 rules.
221600 rules inserted. Base: 152842 rules (1333 with conclusion selected). Queue: 62722 rules.
221800 rules inserted. Base: 152983 rules (1333 with conclusion selected). Queue: 62715 rules.
222000 rules inserted. Base: 153124 rules (1333 with conclusion selected). Queue: 62712 rules.
222200 rules inserted. Base: 153264 rules (1333 with conclusion selected). Queue: 62707 rules.
222400 rules inserted. Base: 153412 rules (1333 with conclusion selected). Queue: 62703 rules.
222600 rules inserted. Base: 153558 rules (1333 with conclusion selected). Queue: 62696 rules.
222800 rules inserted. Base: 153699 rules (1333 with conclusion selected). Queue: 62693 rules.
223000 rules inserted. Base: 153840 rules (1333 with conclusion selected). Queue: 62690 rules.
223200 rules inserted. Base: 153978 rules (1334 with conclusion selected). Queue: 62679 rules.
223400 rules inserted. Base: 154170 rules (1339 with conclusion selected). Queue: 62768 rules.
223600 rules inserted. Base: 154358 rules (1344 with conclusion selected). Queue: 62850 rules.
223800 rules inserted. Base: 154546 rules (1350 with conclusion selected). Queue: 62929 rules.
224000 rules inserted. Base: 154734 rules (1355 with conclusion selected). Queue: 63016 rules.
224200 rules inserted. Base: 154922 rules (1361 with conclusion selected). Queue: 63092 rules.
224400 rules inserted. Base: 155110 rules (1366 with conclusion selected). Queue: 63177 rules.
224600 rules inserted. Base: 155301 rules (1372 with conclusion selected). Queue: 63253 rules.
224800 rules inserted. Base: 155490 rules (1378 with conclusion selected). Queue: 63341 rules.
225000 rules inserted. Base: 155678 rules (1384 with conclusion selected). Queue: 63413 rules.
225200 rules inserted. Base: 155866 rules (1389 with conclusion selected). Queue: 63502 rules.
225400 rules inserted. Base: 156054 rules (1394 with conclusion selected). Queue: 63578 rules.
225600 rules inserted. Base: 156246 rules (1400 with conclusion selected). Queue: 63663 rules.
225800 rules inserted. Base: 156434 rules (1406 with conclusion selected). Queue: 63735 rules.
226000 rules inserted. Base: 156626 rules (1411 with conclusion selected). Queue: 63824 rules.
226200 rules inserted. Base: 156814 rules (1417 with conclusion selected). Queue: 63912 rules.
226400 rules inserted. Base: 157002 rules (1422 with conclusion selected). Queue: 63986 rules.
226600 rules inserted. Base: 157190 rules (1428 with conclusion selected). Queue: 64075 rules.
226800 rules inserted. Base: 157378 rules (1433 with conclusion selected). Queue: 64152 rules.
227000 rules inserted. Base: 157570 rules (1439 with conclusion selected). Queue: 64236 rules.
227200 rules inserted. Base: 157758 rules (1444 with conclusion selected). Queue: 64320 rules.
227400 rules inserted. Base: 157946 rules (1450 with conclusion selected). Queue: 64397 rules.
227600 rules inserted. Base: 158112 rules (1453 with conclusion selected). Queue: 64414 rules.
227800 rules inserted. Base: 158241 rules (1453 with conclusion selected). Queue: 64358 rules.
228000 rules inserted. Base: 158417 rules (1453 with conclusion selected). Queue: 64256 rules.
228200 rules inserted. Base: 158503 rules (1453 with conclusion selected). Queue: 64228 rules.
228400 rules inserted. Base: 158594 rules (1453 with conclusion selected). Queue: 64198 rules.
228600 rules inserted. Base: 158704 rules (1453 with conclusion selected). Queue: 64155 rules.
228800 rules inserted. Base: 158842 rules (1453 with conclusion selected). Queue: 64092 rules.
229000 rules inserted. Base: 159040 rules (1453 with conclusion selected). Queue: 64020 rules.
229200 rules inserted. Base: 159146 rules (1453 with conclusion selected). Queue: 63992 rules.
229400 rules inserted. Base: 159236 rules (1453 with conclusion selected). Queue: 63962 rules.
229600 rules inserted. Base: 159341 rules (1453 with conclusion selected). Queue: 63921 rules.
229800 rules inserted. Base: 159471 rules (1453 with conclusion selected). Queue: 63865 rules.
230000 rules inserted. Base: 159605 rules (1453 with conclusion selected). Queue: 63828 rules.
230200 rules inserted. Base: 159764 rules (1453 with conclusion selected). Queue: 63708 rules.
230400 rules inserted. Base: 159842 rules (1453 with conclusion selected). Queue: 63684 rules.
230600 rules inserted. Base: 159961 rules (1453 with conclusion selected). Queue: 63636 rules.
230800 rules inserted. Base: 160041 rules (1453 with conclusion selected). Queue: 63612 rules.
231000 rules inserted. Base: 160122 rules (1453 with conclusion selected). Queue: 63598 rules.
231200 rules inserted. Base: 160189 rules (1453 with conclusion selected). Queue: 63576 rules.
231400 rules inserted. Base: 160257 rules (1453 with conclusion selected). Queue: 63552 rules.
231600 rules inserted. Base: 160334 rules (1453 with conclusion selected). Queue: 63522 rules.
231800 rules inserted. Base: 160392 rules (1453 with conclusion selected). Queue: 63510 rules.
232000 rules inserted. Base: 160461 rules (1453 with conclusion selected). Queue: 63486 rules.
232200 rules inserted. Base: 160526 rules (1453 with conclusion selected). Queue: 63462 rules.
232400 rules inserted. Base: 160589 rules (1453 with conclusion selected). Queue: 63440 rules.
232600 rules inserted. Base: 160635 rules (1453 with conclusion selected). Queue: 63426 rules.
232800 rules inserted. Base: 160682 rules (1453 with conclusion selected). Queue: 63415 rules.
233000 rules inserted. Base: 160733 rules (1453 with conclusion selected). Queue: 63397 rules.
233200 rules inserted. Base: 160777 rules (1453 with conclusion selected). Queue: 63385 rules.
233400 rules inserted. Base: 160830 rules (1453 with conclusion selected). Queue: 63368 rules.
233600 rules inserted. Base: 160874 rules (1453 with conclusion selected). Queue: 63356 rules.
233800 rules inserted. Base: 160922 rules (1453 with conclusion selected). Queue: 63341 rules.
234000 rules inserted. Base: 160971 rules (1453 with conclusion selected). Queue: 63327 rules.
234200 rules inserted. Base: 161021 rules (1453 with conclusion selected). Queue: 63309 rules.
234400 rules inserted. Base: 161067 rules (1453 with conclusion selected). Queue: 63298 rules.
234600 rules inserted. Base: 161115 rules (1453 with conclusion selected). Queue: 63284 rules.
234800 rules inserted. Base: 161168 rules (1453 with conclusion selected). Queue: 63266 rules.
235000 rules inserted. Base: 161225 rules (1453 with conclusion selected). Queue: 63249 rules.
235200 rules inserted. Base: 161380 rules (1457 with conclusion selected). Queue: 63240 rules.
235400 rules inserted. Base: 161531 rules (1459 with conclusion selected). Queue: 63231 rules.
235600 rules inserted. Base: 161678 rules (1462 with conclusion selected). Queue: 63224 rules.
235800 rules inserted. Base: 161836 rules (1466 with conclusion selected). Queue: 63213 rules.
236000 rules inserted. Base: 161991 rules (1470 with conclusion selected). Queue: 63204 rules.
236200 rules inserted. Base: 162147 rules (1473 with conclusion selected). Queue: 63191 rules.
236400 rules inserted. Base: 162291 rules (1476 with conclusion selected). Queue: 63183 rules.
236600 rules inserted. Base: 162445 rules (1479 with conclusion selected). Queue: 63173 rules.
236800 rules inserted. Base: 162607 rules (1483 with conclusion selected). Queue: 63165 rules.
237000 rules inserted. Base: 162760 rules (1487 with conclusion selected). Queue: 63154 rules.
237200 rules inserted. Base: 162907 rules (1490 with conclusion selected). Queue: 63144 rules.
237400 rules inserted. Base: 163054 rules (1493 with conclusion selected). Queue: 63133 rules.
237600 rules inserted. Base: 163215 rules (1497 with conclusion selected). Queue: 63124 rules.
237800 rules inserted. Base: 163366 rules (1500 with conclusion selected). Queue: 63114 rules.
238000 rules inserted. Base: 163514 rules (1503 with conclusion selected). Queue: 63107 rules.
238200 rules inserted. Base: 163670 rules (1507 with conclusion selected). Queue: 63096 rules.
238400 rules inserted. Base: 163825 rules (1511 with conclusion selected). Queue: 63085 rules.
238600 rules inserted. Base: 163979 rules (1513 with conclusion selected). Queue: 63076 rules.
238800 rules inserted. Base: 164122 rules (1516 with conclusion selected). Queue: 63068 rules.
239000 rules inserted. Base: 164285 rules (1520 with conclusion selected). Queue: 63059 rules.
239200 rules inserted. Base: 164441 rules (1524 with conclusion selected). Queue: 63049 rules.
239400 rules inserted. Base: 164588 rules (1528 with conclusion selected). Queue: 63038 rules.
239600 rules inserted. Base: 164742 rules (1532 with conclusion selected). Queue: 63027 rules.
239800 rules inserted. Base: 164907 rules (1536 with conclusion selected). Queue: 63016 rules.
240000 rules inserted. Base: 165050 rules (1540 with conclusion selected). Queue: 63006 rules.
240200 rules inserted. Base: 165215 rules (1544 with conclusion selected). Queue: 62995 rules.
240400 rules inserted. Base: 165369 rules (1548 with conclusion selected). Queue: 62985 rules.
240600 rules inserted. Base: 165546 rules (1549 with conclusion selected). Queue: 62858 rules.
240800 rules inserted. Base: 165686 rules (1549 with conclusion selected). Queue: 62794 rules.
241000 rules inserted. Base: 165831 rules (1549 with conclusion selected). Queue: 62721 rules.
241200 rules inserted. Base: 166020 rules (1549 with conclusion selected). Queue: 62611 rules.
241400 rules inserted. Base: 166207 rules (1549 with conclusion selected). Queue: 62536 rules.
241600 rules inserted. Base: 166355 rules (1549 with conclusion selected). Queue: 62464 rules.
241800 rules inserted. Base: 166500 rules (1549 with conclusion selected). Queue: 62390 rules.
242000 rules inserted. Base: 166618 rules (1549 with conclusion selected). Queue: 62340 rules.
242200 rules inserted. Base: 166729 rules (1549 with conclusion selected). Queue: 62296 rules.
242400 rules inserted. Base: 166844 rules (1549 with conclusion selected). Queue: 62249 rules.
242600 rules inserted. Base: 166962 rules (1549 with conclusion selected). Queue: 62202 rules.
242800 rules inserted. Base: 167075 rules (1549 with conclusion selected). Queue: 62165 rules.
243000 rules inserted. Base: 167162 rules (1549 with conclusion selected). Queue: 62131 rules.
243200 rules inserted. Base: 167239 rules (1549 with conclusion selected). Queue: 62106 rules.
243400 rules inserted. Base: 167328 rules (1549 with conclusion selected). Queue: 62071 rules.
243600 rules inserted. Base: 167407 rules (1549 with conclusion selected). Queue: 62044 rules.
243800 rules inserted. Base: 167492 rules (1549 with conclusion selected). Queue: 62012 rules.
244000 rules inserted. Base: 167581 rules (1549 with conclusion selected). Queue: 61978 rules.
244200 rules inserted. Base: 167670 rules (1549 with conclusion selected). Queue: 61944 rules.
244400 rules inserted. Base: 167758 rules (1549 with conclusion selected). Queue: 61912 rules.
244600 rules inserted. Base: 167849 rules (1549 with conclusion selected). Queue: 61880 rules.
244800 rules inserted. Base: 167940 rules (1549 with conclusion selected). Queue: 61846 rules.
245000 rules inserted. Base: 168007 rules (1549 with conclusion selected). Queue: 61821 rules.
245200 rules inserted. Base: 168064 rules (1549 with conclusion selected). Queue: 61802 rules.
245400 rules inserted. Base: 168127 rules (1549 with conclusion selected). Queue: 61783 rules.
245600 rules inserted. Base: 168192 rules (1549 with conclusion selected). Queue: 61763 rules.
245800 rules inserted. Base: 168248 rules (1549 with conclusion selected). Queue: 61744 rules.
246000 rules inserted. Base: 168306 rules (1549 with conclusion selected). Queue: 61725 rules.
246200 rules inserted. Base: 168369 rules (1549 with conclusion selected). Queue: 61706 rules.
246400 rules inserted. Base: 168431 rules (1549 with conclusion selected). Queue: 61686 rules.
246600 rules inserted. Base: 168488 rules (1549 with conclusion selected). Queue: 61668 rules.
246800 rules inserted. Base: 168548 rules (1549 with conclusion selected). Queue: 61648 rules.
247000 rules inserted. Base: 168608 rules (1549 with conclusion selected). Queue: 61631 rules.
247200 rules inserted. Base: 168676 rules (1549 with conclusion selected). Queue: 61609 rules.
247400 rules inserted. Base: 168737 rules (1549 with conclusion selected). Queue: 61589 rules.
247600 rules inserted. Base: 168798 rules (1549 with conclusion selected). Queue: 61569 rules.
247800 rules inserted. Base: 168855 rules (1549 with conclusion selected). Queue: 61552 rules.
248000 rules inserted. Base: 168926 rules (1549 with conclusion selected). Queue: 61531 rules.
248200 rules inserted. Base: 168995 rules (1549 with conclusion selected). Queue: 61509 rules.
248400 rules inserted. Base: 169063 rules (1549 with conclusion selected). Queue: 61485 rules.
248600 rules inserted. Base: 169131 rules (1549 with conclusion selected). Queue: 61464 rules.
248800 rules inserted. Base: 169194 rules (1549 with conclusion selected). Queue: 61446 rules.
249000 rules inserted. Base: 169259 rules (1549 with conclusion selected). Queue: 61426 rules.
249200 rules inserted. Base: 169454 rules (1549 with conclusion selected). Queue: 61264 rules.
249400 rules inserted. Base: 169650 rules (1549 with conclusion selected). Queue: 61170 rules.
249600 rules inserted. Base: 169806 rules (1549 with conclusion selected). Queue: 61090 rules.
249800 rules inserted. Base: 169970 rules (1549 with conclusion selected). Queue: 61005 rules.
250000 rules inserted. Base: 170114 rules (1549 with conclusion selected). Queue: 60930 rules.
250200 rules inserted. Base: 170236 rules (1549 with conclusion selected). Queue: 60878 rules.
250400 rules inserted. Base: 170360 rules (1549 with conclusion selected). Queue: 60824 rules.
250600 rules inserted. Base: 170487 rules (1549 with conclusion selected). Queue: 60768 rules.
250800 rules inserted. Base: 170619 rules (1549 with conclusion selected). Queue: 60705 rules.
251000 rules inserted. Base: 170747 rules (1549 with conclusion selected). Queue: 60651 rules.
251200 rules inserted. Base: 170878 rules (1549 with conclusion selected). Queue: 60600 rules.
251400 rules inserted. Base: 170971 rules (1549 with conclusion selected). Queue: 60562 rules.
251600 rules inserted. Base: 171063 rules (1549 with conclusion selected). Queue: 60527 rules.
251800 rules inserted. Base: 171149 rules (1549 with conclusion selected). Queue: 60495 rules.
252000 rules inserted. Base: 171246 rules (1549 with conclusion selected). Queue: 60455 rules.
252200 rules inserted. Base: 171338 rules (1549 with conclusion selected). Queue: 60421 rules.
252400 rules inserted. Base: 171434 rules (1549 with conclusion selected). Queue: 60380 rules.
252600 rules inserted. Base: 171529 rules (1549 with conclusion selected). Queue: 60347 rules.
252800 rules inserted. Base: 171632 rules (1549 with conclusion selected). Queue: 60303 rules.
253000 rules inserted. Base: 171729 rules (1549 with conclusion selected). Queue: 60262 rules.
253200 rules inserted. Base: 171836 rules (1549 with conclusion selected). Queue: 60222 rules.
253400 rules inserted. Base: 171942 rules (1549 with conclusion selected). Queue: 60176 rules.
253600 rules inserted. Base: 172042 rules (1549 with conclusion selected). Queue: 60136 rules.
253800 rules inserted. Base: 172153 rules (1549 with conclusion selected). Queue: 60090 rules.
254000 rules inserted. Base: 172316 rules (1549 with conclusion selected). Queue: 59958 rules.
254200 rules inserted. Base: 172516 rules (1549 with conclusion selected). Queue: 59833 rules.
254400 rules inserted. Base: 172690 rules (1549 with conclusion selected). Queue: 59750 rules.
254600 rules inserted. Base: 172854 rules (1549 with conclusion selected). Queue: 59664 rules.
254800 rules inserted. Base: 173023 rules (1549 with conclusion selected). Queue: 59571 rules.
255000 rules inserted. Base: 173161 rules (1549 with conclusion selected). Queue: 59503 rules.
255200 rules inserted. Base: 173284 rules (1549 with conclusion selected). Queue: 59448 rules.
255400 rules inserted. Base: 173413 rules (1549 with conclusion selected). Queue: 59392 rules.
255600 rules inserted. Base: 173547 rules (1549 with conclusion selected). Queue: 59330 rules.
255800 rules inserted. Base: 173680 rules (1549 with conclusion selected). Queue: 59267 rules.
256000 rules inserted. Base: 173816 rules (1549 with conclusion selected). Queue: 59203 rules.
256200 rules inserted. Base: 173951 rules (1549 with conclusion selected). Queue: 59145 rules.
256400 rules inserted. Base: 174034 rules (1549 with conclusion selected). Queue: 59110 rules.
256600 rules inserted. Base: 174034 rules (1549 with conclusion selected). Queue: 59110 rules.
256800 rules inserted. Base: 174034 rules (1549 with conclusion selected). Queue: 59110 rules.
257000 rules inserted. Base: 174034 rules (1549 with conclusion selected). Queue: 59110 rules.
257200 rules inserted. Base: 174172 rules (1549 with conclusion selected). Queue: 59035 rules.
257400 rules inserted. Base: 174335 rules (1549 with conclusion selected). Queue: 58946 rules.
257600 rules inserted. Base: 174469 rules (1549 with conclusion selected). Queue: 58876 rules.
257800 rules inserted. Base: 174633 rules (1549 with conclusion selected). Queue: 58799 rules.
258000 rules inserted. Base: 174724 rules (1549 with conclusion selected). Queue: 58770 rules.
258200 rules inserted. Base: 174813 rules (1549 with conclusion selected). Queue: 58740 rules.
258400 rules inserted. Base: 174929 rules (1549 with conclusion selected). Queue: 58692 rules.
258600 rules inserted. Base: 175068 rules (1549 with conclusion selected). Queue: 58632 rules.
258800 rules inserted. Base: 175245 rules (1553 with conclusion selected). Queue: 58570 rules.
259000 rules inserted. Base: 175410 rules (1561 with conclusion selected). Queue: 58554 rules.
259200 rules inserted. Base: 175578 rules (1570 with conclusion selected). Queue: 58537 rules.
259400 rules inserted. Base: 175695 rules (1573 with conclusion selected). Queue: 58516 rules.
259600 rules inserted. Base: 175771 rules (1573 with conclusion selected). Queue: 58490 rules.
259800 rules inserted. Base: 175878 rules (1573 with conclusion selected). Queue: 58448 rules.
260000 rules inserted. Base: 176034 rules (1573 with conclusion selected). Queue: 58384 rules.
260200 rules inserted. Base: 176182 rules (1573 with conclusion selected). Queue: 58310 rules.
260400 rules inserted. Base: 176312 rules (1573 with conclusion selected). Queue: 58247 rules.
260600 rules inserted. Base: 176437 rules (1573 with conclusion selected). Queue: 58203 rules.
260800 rules inserted. Base: 176526 rules (1573 with conclusion selected). Queue: 58173 rules.
261000 rules inserted. Base: 176625 rules (1573 with conclusion selected). Queue: 58134 rules.
261200 rules inserted. Base: 176752 rules (1573 with conclusion selected). Queue: 58078 rules.
261400 rules inserted. Base: 176923 rules (1579 with conclusion selected). Queue: 58050 rules.
261600 rules inserted. Base: 177090 rules (1588 with conclusion selected). Queue: 58033 rules.
261800 rules inserted. Base: 177258 rules (1596 with conclusion selected). Queue: 58017 rules.
262000 rules inserted. Base: 177350 rules (1597 with conclusion selected). Queue: 57993 rules.
262200 rules inserted. Base: 177429 rules (1597 with conclusion selected). Queue: 57968 rules.
262400 rules inserted. Base: 177564 rules (1597 with conclusion selected). Queue: 57916 rules.
262600 rules inserted. Base: 177670 rules (1597 with conclusion selected). Queue: 57876 rules.
262800 rules inserted. Base: 177750 rules (1597 with conclusion selected). Queue: 57850 rules.
263000 rules inserted. Base: 177853 rules (1597 with conclusion selected). Queue: 57812 rules.
263200 rules inserted. Base: 178006 rules (1600 with conclusion selected). Queue: 57769 rules.
263400 rules inserted. Base: 178174 rules (1608 with conclusion selected). Queue: 57753 rules.
263600 rules inserted. Base: 178340 rules (1616 with conclusion selected). Queue: 57737 rules.
263800 rules inserted. Base: 178473 rules (1621 with conclusion selected). Queue: 57714 rules.
264000 rules inserted. Base: 178544 rules (1621 with conclusion selected). Queue: 57692 rules.
264200 rules inserted. Base: 178650 rules (1621 with conclusion selected). Queue: 57644 rules.
264400 rules inserted. Base: 178714 rules (1621 with conclusion selected). Queue: 57644 rules.
264600 rules inserted. Base: 178882 rules (1629 with conclusion selected). Queue: 57626 rules.
264800 rules inserted. Base: 179048 rules (1637 with conclusion selected). Queue: 57610 rules.
265000 rules inserted. Base: 179216 rules (1645 with conclusion selected). Queue: 57591 rules.
265200 rules inserted. Base: 179286 rules (1645 with conclusion selected). Queue: 57569 rules.
265400 rules inserted. Base: 179372 rules (1645 with conclusion selected). Queue: 57540 rules.
265600 rules inserted. Base: 179434 rules (1645 with conclusion selected). Queue: 57512 rules.
265800 rules inserted. Base: 179490 rules (1645 with conclusion selected). Queue: 57512 rules.
266000 rules inserted. Base: 179574 rules (1645 with conclusion selected). Queue: 57512 rules.
266200 rules inserted. Base: 179602 rules (1645 with conclusion selected). Queue: 57512 rules.
266400 rules inserted. Base: 179630 rules (1645 with conclusion selected). Queue: 57512 rules.
266600 rules inserted. Base: 179690 rules (1645 with conclusion selected). Queue: 57496 rules.
266800 rules inserted. Base: 179746 rules (1645 with conclusion selected). Queue: 57452 rules.
267000 rules inserted. Base: 179782 rules (1645 with conclusion selected). Queue: 57440 rules.
267200 rules inserted. Base: 179800 rules (1645 with conclusion selected). Queue: 57440 rules.
267400 rules inserted. Base: 179839 rules (1645 with conclusion selected). Queue: 57428 rules.
267600 rules inserted. Base: 179878 rules (1645 with conclusion selected). Queue: 57416 rules.
267800 rules inserted. Base: 179896 rules (1645 with conclusion selected). Queue: 57416 rules.
268000 rules inserted. Base: 179932 rules (1645 with conclusion selected). Queue: 57404 rules.
268200 rules inserted. Base: 179970 rules (1645 with conclusion selected). Queue: 57394 rules.
268400 rules inserted. Base: 180118 rules (1645 with conclusion selected). Queue: 57389 rules.
268600 rules inserted. Base: 180263 rules (1645 with conclusion selected). Queue: 57386 rules.
268800 rules inserted. Base: 180407 rules (1645 with conclusion selected). Queue: 57383 rules.
269000 rules inserted. Base: 180545 rules (1645 with conclusion selected). Queue: 57373 rules.
269200 rules inserted. Base: 180686 rules (1645 with conclusion selected). Queue: 57370 rules.
269400 rules inserted. Base: 180827 rules (1645 with conclusion selected). Queue: 57367 rules.
269600 rules inserted. Base: 180972 rules (1645 with conclusion selected). Queue: 57360 rules.
269800 rules inserted. Base: 181120 rules (1645 with conclusion selected). Queue: 57354 rules.
270000 rules inserted. Base: 181261 rules (1645 with conclusion selected). Queue: 57351 rules.
270200 rules inserted. Base: 181402 rules (1645 with conclusion selected). Queue: 57344 rules.
270400 rules inserted. Base: 181540 rules (1645 with conclusion selected). Queue: 57338 rules.
270600 rules inserted. Base: 181685 rules (1645 with conclusion selected). Queue: 57335 rules.
270800 rules inserted. Base: 181833 rules (1645 with conclusion selected). Queue: 57328 rules.
271000 rules inserted. Base: 181977 rules (1645 with conclusion selected). Queue: 57325 rules.
271200 rules inserted. Base: 182115 rules (1645 with conclusion selected). Queue: 57319 rules.
271400 rules inserted. Base: 182270 rules (1647 with conclusion selected). Queue: 57342 rules.
271600 rules inserted. Base: 182458 rules (1652 with conclusion selected). Queue: 57423 rules.
271800 rules inserted. Base: 182646 rules (1658 with conclusion selected). Queue: 57503 rules.
272000 rules inserted. Base: 182834 rules (1663 with conclusion selected). Queue: 57584 rules.
272200 rules inserted. Base: 183026 rules (1669 with conclusion selected). Queue: 57666 rules.
272400 rules inserted. Base: 183214 rules (1675 with conclusion selected). Queue: 57754 rules.
272600 rules inserted. Base: 183402 rules (1680 with conclusion selected). Queue: 57829 rules.
272800 rules inserted. Base: 183590 rules (1686 with conclusion selected). Queue: 57915 rules.
273000 rules inserted. Base: 183778 rules (1691 with conclusion selected). Queue: 57990 rules.
273200 rules inserted. Base: 183970 rules (1697 with conclusion selected). Queue: 58076 rules.
273400 rules inserted. Base: 184158 rules (1702 with conclusion selected). Queue: 58158 rules.
273600 rules inserted. Base: 184346 rules (1708 with conclusion selected). Queue: 58237 rules.
273800 rules inserted. Base: 184534 rules (1713 with conclusion selected). Queue: 58319 rules.
274000 rules inserted. Base: 184726 rules (1719 with conclusion selected). Queue: 58398 rules.
274200 rules inserted. Base: 184914 rules (1724 with conclusion selected). Queue: 58487 rules.
274400 rules inserted. Base: 185102 rules (1730 with conclusion selected). Queue: 58559 rules.
274600 rules inserted. Base: 185290 rules (1735 with conclusion selected). Queue: 58648 rules.
274800 rules inserted. Base: 185478 rules (1741 with conclusion selected). Queue: 58720 rules.
275000 rules inserted. Base: 185670 rules (1747 with conclusion selected). Queue: 58810 rules.
275200 rules inserted. Base: 185858 rules (1752 with conclusion selected). Queue: 58893 rules.
275400 rules inserted. Base: 186046 rules (1758 with conclusion selected). Queue: 58971 rules.
275600 rules inserted. Base: 186234 rules (1763 with conclusion selected). Queue: 59054 rules.
275800 rules inserted. Base: 186413 rules (1765 with conclusion selected). Queue: 59003 rules.
276000 rules inserted. Base: 186587 rules (1765 with conclusion selected). Queue: 58894 rules.
276200 rules inserted. Base: 186728 rules (1765 with conclusion selected). Queue: 58827 rules.
276400 rules inserted. Base: 186882 rules (1765 with conclusion selected). Queue: 58747 rules.
276600 rules inserted. Base: 187038 rules (1765 with conclusion selected). Queue: 58655 rules.
276800 rules inserted. Base: 187130 rules (1765 with conclusion selected). Queue: 58626 rules.
277000 rules inserted. Base: 187224 rules (1765 with conclusion selected). Queue: 58595 rules.
277200 rules inserted. Base: 187340 rules (1765 with conclusion selected). Queue: 58548 rules.
277400 rules inserted. Base: 187477 rules (1765 with conclusion selected). Queue: 58486 rules.
277600 rules inserted. Base: 187660 rules (1765 with conclusion selected). Queue: 58372 rules.
277800 rules inserted. Base: 187795 rules (1765 with conclusion selected). Queue: 58311 rules.
278000 rules inserted. Base: 187944 rules (1765 with conclusion selected). Queue: 58235 rules.
278200 rules inserted. Base: 188098 rules (1765 with conclusion selected). Queue: 58150 rules.
278400 rules inserted. Base: 188190 rules (1765 with conclusion selected). Queue: 58119 rules.
278600 rules inserted. Base: 188282 rules (1765 with conclusion selected). Queue: 58090 rules.
278800 rules inserted. Base: 188398 rules (1765 with conclusion selected). Queue: 58042 rules.
279000 rules inserted. Base: 188536 rules (1765 with conclusion selected). Queue: 57980 rules.
279200 rules inserted. Base: 188726 rules (1765 with conclusion selected). Queue: 57888 rules.
279400 rules inserted. Base: 188855 rules (1765 with conclusion selected). Queue: 57867 rules.
279600 rules inserted. Base: 188949 rules (1765 with conclusion selected). Queue: 57836 rules.
279800 rules inserted. Base: 189039 rules (1765 with conclusion selected). Queue: 57806 rules.
280000 rules inserted. Base: 189169 rules (1765 with conclusion selected). Queue: 57750 rules.
280200 rules inserted. Base: 189318 rules (1765 with conclusion selected). Queue: 57679 rules.
280400 rules inserted. Base: 189437 rules (1765 with conclusion selected). Queue: 57660 rules.
280600 rules inserted. Base: 189597 rules (1765 with conclusion selected). Queue: 57540 rules.
280800 rules inserted. Base: 189683 rules (1765 with conclusion selected). Queue: 57516 rules.
281000 rules inserted. Base: 189800 rules (1765 with conclusion selected). Queue: 57471 rules.
281200 rules inserted. Base: 189891 rules (1765 with conclusion selected). Queue: 57444 rules.
281400 rules inserted. Base: 189982 rules (1765 with conclusion selected). Queue: 57414 rules.
281600 rules inserted. Base: 190051 rules (1765 with conclusion selected). Queue: 57388 rules.
281800 rules inserted. Base: 190121 rules (1765 with conclusion selected). Queue: 57370 rules.
282000 rules inserted. Base: 190198 rules (1765 with conclusion selected). Queue: 57342 rules.
282200 rules inserted. Base: 190267 rules (1765 with conclusion selected). Queue: 57316 rules.
282400 rules inserted. Base: 190337 rules (1765 with conclusion selected). Queue: 57298 rules.
282600 rules inserted. Base: 190414 rules (1765 with conclusion selected). Queue: 57270 rules.
282800 rules inserted. Base: 190480 rules (1765 with conclusion selected). Queue: 57253 rules.
283000 rules inserted. Base: 190544 rules (1765 with conclusion selected). Queue: 57226 rules.
283200 rules inserted. Base: 190592 rules (1765 with conclusion selected). Queue: 57212 rules.
283400 rules inserted. Base: 190635 rules (1765 with conclusion selected). Queue: 57200 rules.
283600 rules inserted. Base: 190693 rules (1765 with conclusion selected). Queue: 57179 rules.
283800 rules inserted. Base: 190741 rules (1765 with conclusion selected). Queue: 57166 rules.
284000 rules inserted. Base: 190790 rules (1765 with conclusion selected). Queue: 57152 rules.
284200 rules inserted. Base: 190848 rules (1765 with conclusion selected). Queue: 57132 rules.
284400 rules inserted. Base: 190897 rules (1765 with conclusion selected). Queue: 57118 rules.
284600 rules inserted. Base: 190946 rules (1765 with conclusion selected). Queue: 57104 rules.
284800 rules inserted. Base: 191000 rules (1765 with conclusion selected). Queue: 57084 rules.
285000 rules inserted. Base: 191052 rules (1765 with conclusion selected). Queue: 57070 rules.
285200 rules inserted. Base: 191097 rules (1765 with conclusion selected). Queue: 57057 rules.
285400 rules inserted. Base: 191146 rules (1765 with conclusion selected). Queue: 57043 rules.
285600 rules inserted. Base: 191200 rules (1765 with conclusion selected). Queue: 57024 rules.
285800 rules inserted. Base: 191249 rules (1765 with conclusion selected). Queue: 57010 rules.
286000 rules inserted. Base: 191364 rules (1768 with conclusion selected). Queue: 56994 rules.
286200 rules inserted. Base: 191518 rules (1772 with conclusion selected). Queue: 56983 rules.
286400 rules inserted. Base: 191683 rules (1776 with conclusion selected). Queue: 56972 rules.
286600 rules inserted. Base: 191828 rules (1779 with conclusion selected). Queue: 56963 rules.
286800 rules inserted. Base: 191991 rules (1784 with conclusion selected). Queue: 56951 rules.
287000 rules inserted. Base: 192145 rules (1788 with conclusion selected). Queue: 56941 rules.
287200 rules inserted. Base: 192297 rules (1791 with conclusion selected). Queue: 56931 rules.
287400 rules inserted. Base: 192453 rules (1795 with conclusion selected). Queue: 56920 rules.
287600 rules inserted. Base: 192607 rules (1799 with conclusion selected). Queue: 56910 rules.
287800 rules inserted. Base: 192764 rules (1803 with conclusion selected). Queue: 56899 rules.
288000 rules inserted. Base: 192916 rules (1807 with conclusion selected). Queue: 56890 rules.
288200 rules inserted. Base: 193071 rules (1811 with conclusion selected). Queue: 56881 rules.
288400 rules inserted. Base: 193233 rules (1815 with conclusion selected). Queue: 56867 rules.
288600 rules inserted. Base: 193385 rules (1819 with conclusion selected). Queue: 56859 rules.
288800 rules inserted. Base: 193542 rules (1823 with conclusion selected). Queue: 56846 rules.
289000 rules inserted. Base: 193696 rules (1827 with conclusion selected). Queue: 56835 rules.
289200 rules inserted. Base: 193851 rules (1831 with conclusion selected). Queue: 56827 rules.
289400 rules inserted. Base: 194005 rules (1835 with conclusion selected). Queue: 56817 rules.
289600 rules inserted. Base: 194158 rules (1839 with conclusion selected). Queue: 56803 rules.
289800 rules inserted. Base: 194313 rules (1843 with conclusion selected). Queue: 56795 rules.
290000 rules inserted. Base: 194466 rules (1847 with conclusion selected). Queue: 56782 rules.
290200 rules inserted. Base: 194620 rules (1851 with conclusion selected). Queue: 56771 rules.
290400 rules inserted. Base: 194775 rules (1855 with conclusion selected). Queue: 56763 rules.
290600 rules inserted. Base: 194929 rules (1859 with conclusion selected). Queue: 56753 rules.
290800 rules inserted. Base: 195083 rules (1863 with conclusion selected). Queue: 56742 rules.
291000 rules inserted. Base: 195237 rules (1867 with conclusion selected). Queue: 56732 rules.
291200 rules inserted. Base: 195391 rules (1871 with conclusion selected). Queue: 56721 rules.
291400 rules inserted. Base: 195545 rules (1875 with conclusion selected). Queue: 56710 rules.
291600 rules inserted. Base: 195699 rules (1879 with conclusion selected). Queue: 56700 rules.
291800 rules inserted. Base: 195855 rules (1882 with conclusion selected). Queue: 56690 rules.
292000 rules inserted. Base: 196014 rules (1885 with conclusion selected). Queue: 56656 rules.
292200 rules inserted. Base: 196194 rules (1885 with conclusion selected). Queue: 56549 rules.
292400 rules inserted. Base: 196356 rules (1885 with conclusion selected). Queue: 56452 rules.
292600 rules inserted. Base: 196498 rules (1885 with conclusion selected). Queue: 56382 rules.
292800 rules inserted. Base: 196661 rules (1885 with conclusion selected). Queue: 56294 rules.
293000 rules inserted. Base: 196856 rules (1885 with conclusion selected). Queue: 56136 rules.
293200 rules inserted. Base: 197016 rules (1885 with conclusion selected). Queue: 56034 rules.
293400 rules inserted. Base: 197159 rules (1885 with conclusion selected). Queue: 55965 rules.
293600 rules inserted. Base: 197322 rules (1885 with conclusion selected). Queue: 55877 rules.
293800 rules inserted. Base: 197518 rules (1885 with conclusion selected). Queue: 55757 rules.
294000 rules inserted. Base: 197706 rules (1885 with conclusion selected). Queue: 55670 rules.
294200 rules inserted. Base: 197858 rules (1885 with conclusion selected). Queue: 55602 rules.
294400 rules inserted. Base: 198013 rules (1885 with conclusion selected). Queue: 55526 rules.
294600 rules inserted. Base: 198154 rules (1885 with conclusion selected). Queue: 55455 rules.
294800 rules inserted. Base: 198278 rules (1885 with conclusion selected). Queue: 55403 rules.
295000 rules inserted. Base: 198402 rules (1885 with conclusion selected). Queue: 55352 rules.
295200 rules inserted. Base: 198520 rules (1885 with conclusion selected). Queue: 55306 rules.
295400 rules inserted. Base: 198642 rules (1885 with conclusion selected). Queue: 55254 rules.
295600 rules inserted. Base: 198774 rules (1885 with conclusion selected). Queue: 55196 rules.
295800 rules inserted. Base: 198879 rules (1885 with conclusion selected). Queue: 55155 rules.
296000 rules inserted. Base: 198974 rules (1885 with conclusion selected). Queue: 55116 rules.
296200 rules inserted. Base: 199074 rules (1885 with conclusion selected). Queue: 55079 rules.
296400 rules inserted. Base: 199162 rules (1885 with conclusion selected). Queue: 55045 rules.
296600 rules inserted. Base: 199251 rules (1885 with conclusion selected). Queue: 55013 rules.
296800 rules inserted. Base: 199350 rules (1885 with conclusion selected). Queue: 54973 rules.
297000 rules inserted. Base: 199445 rules (1885 with conclusion selected). Queue: 54936 rules.
297200 rules inserted. Base: 199538 rules (1885 with conclusion selected). Queue: 54901 rules.
297400 rules inserted. Base: 199630 rules (1885 with conclusion selected). Queue: 54866 rules.
297600 rules inserted. Base: 199722 rules (1885 with conclusion selected). Queue: 54833 rules.
297800 rules inserted. Base: 199817 rules (1885 with conclusion selected). Queue: 54795 rules.
298000 rules inserted. Base: 199920 rules (1885 with conclusion selected). Queue: 54754 rules.
298200 rules inserted. Base: 200016 rules (1885 with conclusion selected). Queue: 54718 rules.
298400 rules inserted. Base: 200094 rules (1885 with conclusion selected). Queue: 54688 rules.
298600 rules inserted. Base: 200160 rules (1885 with conclusion selected). Queue: 54667 rules.
298800 rules inserted. Base: 200224 rules (1885 with conclusion selected). Queue: 54646 rules.
299000 rules inserted. Base: 200294 rules (1885 with conclusion selected). Queue: 54626 rules.
299200 rules inserted. Base: 200361 rules (1885 with conclusion selected). Queue: 54604 rules.
299400 rules inserted. Base: 200429 rules (1885 with conclusion selected). Queue: 54581 rules.
299600 rules inserted. Base: 200497 rules (1885 with conclusion selected). Queue: 54559 rules.
299800 rules inserted. Base: 200563 rules (1885 with conclusion selected). Queue: 54538 rules.
300000 rules inserted. Base: 200635 rules (1885 with conclusion selected). Queue: 54515 rules.
300200 rules inserted. Base: 200697 rules (1885 with conclusion selected). Queue: 54497 rules.
300400 rules inserted. Base: 200770 rules (1885 with conclusion selected). Queue: 54471 rules.
300600 rules inserted. Base: 200840 rules (1885 with conclusion selected). Queue: 54448 rules.
300800 rules inserted. Base: 200906 rules (1885 with conclusion selected). Queue: 54427 rules.
301000 rules inserted. Base: 200968 rules (1885 with conclusion selected). Queue: 54408 rules.
301200 rules inserted. Base: 201040 rules (1885 with conclusion selected). Queue: 54386 rules.
301400 rules inserted. Base: 201112 rules (1885 with conclusion selected). Queue: 54360 rules.
301600 rules inserted. Base: 201174 rules (1885 with conclusion selected). Queue: 54341 rules.
301800 rules inserted. Base: 201244 rules (1885 with conclusion selected). Queue: 54319 rules.
302000 rules inserted. Base: 201301 rules (1885 with conclusion selected). Queue: 54303 rules.
302200 rules inserted. Base: 201376 rules (1885 with conclusion selected). Queue: 54278 rules.
302400 rules inserted. Base: 201450 rules (1885 with conclusion selected). Queue: 54253 rules.
302600 rules inserted. Base: 201524 rules (1885 with conclusion selected). Queue: 54228 rules.
302800 rules inserted. Base: 201590 rules (1885 with conclusion selected). Queue: 54209 rules.
303000 rules inserted. Base: 201667 rules (1885 with conclusion selected). Queue: 54183 rules.
303200 rules inserted. Base: 201727 rules (1885 with conclusion selected). Queue: 54165 rules.
303400 rules inserted. Base: 201801 rules (1885 with conclusion selected). Queue: 54140 rules.
303600 rules inserted. Base: 201952 rules (1885 with conclusion selected). Queue: 54053 rules.
303800 rules inserted. Base: 202142 rules (1885 with conclusion selected). Queue: 53916 rules.
304000 rules inserted. Base: 202342 rules (1885 with conclusion selected). Queue: 53755 rules.
304200 rules inserted. Base: 202541 rules (1885 with conclusion selected). Queue: 53640 rules.
304400 rules inserted. Base: 202706 rules (1885 with conclusion selected). Queue: 53554 rules.
304600 rules inserted. Base: 202872 rules (1885 with conclusion selected). Queue: 53466 rules.
304800 rules inserted. Base: 203041 rules (1885 with conclusion selected). Queue: 53373 rules.
305000 rules inserted. Base: 203204 rules (1885 with conclusion selected). Queue: 53286 rules.
305200 rules inserted. Base: 203338 rules (1885 with conclusion selected). Queue: 53223 rules.
305400 rules inserted. Base: 203472 rules (1885 with conclusion selected). Queue: 53161 rules.
305600 rules inserted. Base: 203610 rules (1885 with conclusion selected). Queue: 53097 rules.
305800 rules inserted. Base: 203744 rules (1885 with conclusion selected). Queue: 53034 rules.
306000 rules inserted. Base: 203885 rules (1885 with conclusion selected). Queue: 52969 rules.
306200 rules inserted. Base: 204023 rules (1885 with conclusion selected). Queue: 52903 rules.
306400 rules inserted. Base: 204166 rules (1885 with conclusion selected). Queue: 52834 rules.
306600 rules inserted. Base: 204309 rules (1885 with conclusion selected). Queue: 52765 rules.
306800 rules inserted. Base: 204428 rules (1885 with conclusion selected). Queue: 52713 rules.
307000 rules inserted. Base: 204531 rules (1885 with conclusion selected). Queue: 52670 rules.
307200 rules inserted. Base: 204638 rules (1885 with conclusion selected). Queue: 52625 rules.
307400 rules inserted. Base: 204754 rules (1885 with conclusion selected). Queue: 52571 rules.
307600 rules inserted. Base: 204856 rules (1885 with conclusion selected). Queue: 52531 rules.
307800 rules inserted. Base: 204962 rules (1885 with conclusion selected). Queue: 52487 rules.
308000 rules inserted. Base: 205074 rules (1885 with conclusion selected). Queue: 52440 rules.
308200 rules inserted. Base: 205181 rules (1885 with conclusion selected). Queue: 52393 rules.
308400 rules inserted. Base: 205284 rules (1885 with conclusion selected). Queue: 52350 rules.
308600 rules inserted. Base: 205396 rules (1885 with conclusion selected). Queue: 52303 rules.
308800 rules inserted. Base: 205510 rules (1885 with conclusion selected). Queue: 52252 rules.
309000 rules inserted. Base: 205616 rules (1885 with conclusion selected). Queue: 52208 rules.
309200 rules inserted. Base: 205722 rules (1885 with conclusion selected). Queue: 52164 rules.
309400 rules inserted. Base: 205841 rules (1885 with conclusion selected). Queue: 52113 rules.
309600 rules inserted. Base: 205957 rules (1885 with conclusion selected). Queue: 52060 rules.
309800 rules inserted. Base: 206076 rules (1885 with conclusion selected). Queue: 52007 rules.
310000 rules inserted. Base: 206190 rules (1885 with conclusion selected). Queue: 51957 rules.
310200 rules inserted. Base: 206309 rules (1885 with conclusion selected). Queue: 51904 rules.
310400 rules inserted. Base: 206425 rules (1885 with conclusion selected). Queue: 51853 rules.
310600 rules inserted. Base: 206608 rules (1885 with conclusion selected). Queue: 51695 rules.
310800 rules inserted. Base: 206808 rules (1885 with conclusion selected). Queue: 51565 rules.
311000 rules inserted. Base: 206994 rules (1885 with conclusion selected). Queue: 51456 rules.
311200 rules inserted. Base: 207163 rules (1885 with conclusion selected). Queue: 51363 rules.
311400 rules inserted. Base: 207335 rules (1885 with conclusion selected). Queue: 51266 rules.
311600 rules inserted. Base: 207510 rules (1885 with conclusion selected). Queue: 51164 rules.
311800 rules inserted. Base: 207688 rules (1885 with conclusion selected). Queue: 51058 rules.
312000 rules inserted. Base: 207828 rules (1885 with conclusion selected). Queue: 50989 rules.
312200 rules inserted. Base: 207972 rules (1885 with conclusion selected). Queue: 50920 rules.
312400 rules inserted. Base: 208110 rules (1885 with conclusion selected). Queue: 50853 rules.
312600 rules inserted. Base: 208254 rules (1885 with conclusion selected). Queue: 50783 rules.
312800 rules inserted. Base: 208395 rules (1885 with conclusion selected). Queue: 50714 rules.
313000 rules inserted. Base: 208545 rules (1885 with conclusion selected). Queue: 50639 rules.
313200 rules inserted. Base: 208692 rules (1885 with conclusion selected). Queue: 50564 rules.
313400 rules inserted. Base: 208844 rules (1885 with conclusion selected). Queue: 50485 rules.
313600 rules inserted. Base: 208993 rules (1885 with conclusion selected). Queue: 50410 rules.
313800 rules inserted. Base: 209146 rules (1885 with conclusion selected). Queue: 50328 rules.
314000 rules inserted. Base: 209312 rules (1885 with conclusion selected). Queue: 50220 rules.
314200 rules inserted. Base: 209512 rules (1885 with conclusion selected). Queue: 50062 rules.
314400 rules inserted. Base: 209712 rules (1885 with conclusion selected). Queue: 49924 rules.
314600 rules inserted. Base: 209888 rules (1885 with conclusion selected). Queue: 49825 rules.
314800 rules inserted. Base: 210061 rules (1885 with conclusion selected). Queue: 49728 rules.
315000 rules inserted. Base: 210237 rules (1885 with conclusion selected). Queue: 49624 rules.
315200 rules inserted. Base: 210415 rules (1885 with conclusion selected). Queue: 49518 rules.
315400 rules inserted. Base: 210594 rules (1885 with conclusion selected). Queue: 49409 rules.
315600 rules inserted. Base: 210792 rules (1885 with conclusion selected). Queue: 49220 rules.
315800 rules inserted. Base: 210992 rules (1885 with conclusion selected). Queue: 49020 rules.
316000 rules inserted. Base: 211192 rules (1885 with conclusion selected). Queue: 48820 rules.
316200 rules inserted. Base: 211392 rules (1885 with conclusion selected). Queue: 48634 rules.
316400 rules inserted. Base: 211578 rules (1885 with conclusion selected). Queue: 48507 rules.
316600 rules inserted. Base: 211763 rules (1885 with conclusion selected). Queue: 48383 rules.
316800 rules inserted. Base: 211909 rules (1885 with conclusion selected). Queue: 48311 rules.
317000 rules inserted. Base: 212053 rules (1885 with conclusion selected). Queue: 48240 rules.
317200 rules inserted. Base: 212230 rules (1885 with conclusion selected). Queue: 48139 rules.
317400 rules inserted. Base: 212368 rules (1885 with conclusion selected). Queue: 48057 rules.
317600 rules inserted. Base: 212461 rules (1885 with conclusion selected). Queue: 48025 rules.
317800 rules inserted. Base: 212554 rules (1885 with conclusion selected). Queue: 47994 rules.
318000 rules inserted. Base: 212678 rules (1885 with conclusion selected). Queue: 47941 rules.
318200 rules inserted. Base: 212822 rules (1885 with conclusion selected). Queue: 47874 rules.
318400 rules inserted. Base: 213012 rules (1885 with conclusion selected). Queue: 47750 rules.
318600 rules inserted. Base: 213190 rules (1885 with conclusion selected). Queue: 47641 rules.
318800 rules inserted. Base: 213362 rules (1885 with conclusion selected). Queue: 47536 rules.
319000 rules inserted. Base: 213501 rules (1885 with conclusion selected). Queue: 47470 rules.
319200 rules inserted. Base: 213659 rules (1885 with conclusion selected). Queue: 47386 rules.
319400 rules inserted. Base: 213806 rules (1885 with conclusion selected). Queue: 47302 rules.
319600 rules inserted. Base: 213899 rules (1885 with conclusion selected). Queue: 47272 rules.
319800 rules inserted. Base: 213993 rules (1885 with conclusion selected). Queue: 47241 rules.
320000 rules inserted. Base: 214112 rules (1885 with conclusion selected). Queue: 47192 rules.
320200 rules inserted. Base: 214253 rules (1885 with conclusion selected). Queue: 47126 rules.
320400 rules inserted. Base: 214435 rules (1885 with conclusion selected). Queue: 47014 rules.
320600 rules inserted. Base: 214570 rules (1885 with conclusion selected). Queue: 46952 rules.
320800 rules inserted. Base: 214720 rules (1885 with conclusion selected). Queue: 46876 rules.
321000 rules inserted. Base: 214866 rules (1885 with conclusion selected). Queue: 46796 rules.
321200 rules inserted. Base: 214958 rules (1885 with conclusion selected). Queue: 46766 rules.
321400 rules inserted. Base: 215050 rules (1885 with conclusion selected). Queue: 46736 rules.
321600 rules inserted. Base: 215170 rules (1885 with conclusion selected). Queue: 46686 rules.
321800 rules inserted. Base: 215312 rules (1885 with conclusion selected). Queue: 46620 rules.
322000 rules inserted. Base: 215506 rules (1885 with conclusion selected). Queue: 46538 rules.
322200 rules inserted. Base: 215624 rules (1885 with conclusion selected). Queue: 46513 rules.
322400 rules inserted. Base: 215718 rules (1885 with conclusion selected). Queue: 46482 rules.
322600 rules inserted. Base: 215814 rules (1885 with conclusion selected). Queue: 46448 rules.
322800 rules inserted. Base: 215941 rules (1885 with conclusion selected). Queue: 46394 rules.
323000 rules inserted. Base: 216098 rules (1885 with conclusion selected). Queue: 46318 rules.
323200 rules inserted. Base: 216206 rules (1885 with conclusion selected). Queue: 46310 rules.
323400 rules inserted. Base: 216360 rules (1885 with conclusion selected). Queue: 46190 rules.
323600 rules inserted. Base: 216446 rules (1885 with conclusion selected). Queue: 46166 rules.
323800 rules inserted. Base: 216562 rules (1885 with conclusion selected). Queue: 46122 rules.
324000 rules inserted. Base: 216654 rules (1885 with conclusion selected). Queue: 46094 rules.
324200 rules inserted. Base: 216742 rules (1885 with conclusion selected). Queue: 46064 rules.
324400 rules inserted. Base: 216823 rules (1885 with conclusion selected). Queue: 46034 rules.
324600 rules inserted. Base: 216885 rules (1885 with conclusion selected). Queue: 46019 rules.
324800 rules inserted. Base: 216958 rules (1885 with conclusion selected). Queue: 45992 rules.
325000 rules inserted. Base: 217039 rules (1885 with conclusion selected). Queue: 45962 rules.
325200 rules inserted. Base: 217101 rules (1885 with conclusion selected). Queue: 45947 rules.
325400 rules inserted. Base: 217174 rules (1885 with conclusion selected). Queue: 45920 rules.
325600 rules inserted. Base: 217255 rules (1885 with conclusion selected). Queue: 45890 rules.
325800 rules inserted. Base: 217304 rules (1885 with conclusion selected). Queue: 45876 rules.
326000 rules inserted. Base: 217353 rules (1885 with conclusion selected). Queue: 45862 rules.
326200 rules inserted. Base: 217402 rules (1885 with conclusion selected). Queue: 45847 rules.
326400 rules inserted. Base: 217455 rules (1885 with conclusion selected). Queue: 45829 rules.
326600 rules inserted. Base: 217504 rules (1885 with conclusion selected). Queue: 45815 rules.
326800 rules inserted. Base: 217553 rules (1885 with conclusion selected). Queue: 45801 rules.
327000 rules inserted. Base: 217607 rules (1885 with conclusion selected). Queue: 45782 rules.
327200 rules inserted. Base: 217656 rules (1885 with conclusion selected). Queue: 45768 rules.
327400 rules inserted. Base: 217705 rules (1885 with conclusion selected). Queue: 45754 rules.
327600 rules inserted. Base: 217762 rules (1885 with conclusion selected). Queue: 45734 rules.
327800 rules inserted. Base: 217811 rules (1885 with conclusion selected). Queue: 45720 rules.
328000 rules inserted. Base: 217860 rules (1885 with conclusion selected). Queue: 45706 rules.
328200 rules inserted. Base: 217918 rules (1885 with conclusion selected). Queue: 45686 rules.
328400 rules inserted. Base: 217967 rules (1885 with conclusion selected). Queue: 45672 rules.
328600 rules inserted. Base: 218016 rules (1885 with conclusion selected). Queue: 45658 rules.
328800 rules inserted. Base: 218148 rules (1888 with conclusion selected). Queue: 45644 rules.
329000 rules inserted. Base: 218305 rules (1892 with conclusion selected). Queue: 45633 rules.
329200 rules inserted. Base: 218460 rules (1896 with conclusion selected). Queue: 45623 rules.
329400 rules inserted. Base: 218616 rules (1900 with conclusion selected). Queue: 45612 rules.
329600 rules inserted. Base: 218771 rules (1904 with conclusion selected). Queue: 45601 rules.
329800 rules inserted. Base: 218925 rules (1908 with conclusion selected). Queue: 45591 rules.
330000 rules inserted. Base: 219079 rules (1912 with conclusion selected). Queue: 45580 rules.
330200 rules inserted. Base: 219233 rules (1916 with conclusion selected). Queue: 45569 rules.
330400 rules inserted. Base: 219387 rules (1920 with conclusion selected). Queue: 45559 rules.
330600 rules inserted. Base: 219541 rules (1924 with conclusion selected). Queue: 45548 rules.
330800 rules inserted. Base: 219695 rules (1928 with conclusion selected). Queue: 45537 rules.
331000 rules inserted. Base: 219849 rules (1932 with conclusion selected). Queue: 45527 rules.
331200 rules inserted. Base: 220003 rules (1936 with conclusion selected). Queue: 45516 rules.
331400 rules inserted. Base: 220157 rules (1940 with conclusion selected). Queue: 45505 rules.
331600 rules inserted. Base: 220311 rules (1944 with conclusion selected). Queue: 45495 rules.
331800 rules inserted. Base: 220465 rules (1948 with conclusion selected). Queue: 45484 rules.
332000 rules inserted. Base: 220619 rules (1951 with conclusion selected). Queue: 45474 rules.
332200 rules inserted. Base: 220774 rules (1955 with conclusion selected). Queue: 45464 rules.
332400 rules inserted. Base: 220928 rules (1959 with conclusion selected). Queue: 45454 rules.
332600 rules inserted. Base: 221082 rules (1963 with conclusion selected). Queue: 45446 rules.
332800 rules inserted. Base: 221239 rules (1967 with conclusion selected). Queue: 45435 rules.
333000 rules inserted. Base: 221396 rules (1971 with conclusion selected). Queue: 45424 rules.
333200 rules inserted. Base: 221551 rules (1975 with conclusion selected). Queue: 45414 rules.
333400 rules inserted. Base: 221708 rules (1979 with conclusion selected). Queue: 45403 rules.
333600 rules inserted. Base: 221863 rules (1983 with conclusion selected). Queue: 45392 rules.
333800 rules inserted. Base: 222017 rules (1987 with conclusion selected). Queue: 45382 rules.
334000 rules inserted. Base: 222171 rules (1991 with conclusion selected). Queue: 45371 rules.
334200 rules inserted. Base: 222325 rules (1995 with conclusion selected). Queue: 45360 rules.
334400 rules inserted. Base: 222479 rules (1999 with conclusion selected). Queue: 45350 rules.
334600 rules inserted. Base: 222633 rules (2003 with conclusion selected). Queue: 45339 rules.
334800 rules inserted. Base: 222798 rules (2005 with conclusion selected). Queue: 45282 rules.
335000 rules inserted. Base: 222984 rules (2005 with conclusion selected). Queue: 45155 rules.
335200 rules inserted. Base: 223174 rules (2005 with conclusion selected). Queue: 45022 rules.
335400 rules inserted. Base: 223323 rules (2005 with conclusion selected). Queue: 44947 rules.
335600 rules inserted. Base: 223469 rules (2005 with conclusion selected). Queue: 44875 rules.
335800 rules inserted. Base: 223636 rules (2005 with conclusion selected). Queue: 44782 rules.
336000 rules inserted. Base: 223828 rules (2005 with conclusion selected). Queue: 44648 rules.
336200 rules inserted. Base: 224006 rules (2005 with conclusion selected). Queue: 44541 rules.
336400 rules inserted. Base: 224179 rules (2005 with conclusion selected). Queue: 44430 rules.
336600 rules inserted. Base: 224326 rules (2005 with conclusion selected). Queue: 44355 rules.
336800 rules inserted. Base: 224480 rules (2005 with conclusion selected). Queue: 44275 rules.
337000 rules inserted. Base: 224662 rules (2005 with conclusion selected). Queue: 44166 rules.
337200 rules inserted. Base: 224852 rules (2005 with conclusion selected). Queue: 43996 rules.
337400 rules inserted. Base: 224998 rules (2005 with conclusion selected). Queue: 43925 rules.
337600 rules inserted. Base: 225146 rules (2005 with conclusion selected). Queue: 43851 rules.
337800 rules inserted. Base: 225319 rules (2005 with conclusion selected). Queue: 43752 rules.
338000 rules inserted. Base: 225518 rules (2005 with conclusion selected). Queue: 43629 rules.
338200 rules inserted. Base: 225703 rules (2005 with conclusion selected). Queue: 43544 rules.
338400 rules inserted. Base: 225865 rules (2005 with conclusion selected). Queue: 43458 rules.
338600 rules inserted. Base: 226027 rules (2005 with conclusion selected). Queue: 43372 rules.
338800 rules inserted. Base: 226177 rules (2005 with conclusion selected). Queue: 43302 rules.
339000 rules inserted. Base: 226302 rules (2005 with conclusion selected). Queue: 43249 rules.
339200 rules inserted. Base: 226430 rules (2005 with conclusion selected). Queue: 43194 rules.
339400 rules inserted. Base: 226558 rules (2005 with conclusion selected). Queue: 43139 rules.
339600 rules inserted. Base: 226685 rules (2005 with conclusion selected). Queue: 43085 rules.
339800 rules inserted. Base: 226812 rules (2005 with conclusion selected). Queue: 43031 rules.
340000 rules inserted. Base: 226938 rules (2005 with conclusion selected). Queue: 42977 rules.
340200 rules inserted. Base: 227046 rules (2005 with conclusion selected). Queue: 42932 rules.
340400 rules inserted. Base: 227141 rules (2005 with conclusion selected). Queue: 42897 rules.
340600 rules inserted. Base: 227237 rules (2005 with conclusion selected). Queue: 42861 rules.
340800 rules inserted. Base: 227342 rules (2005 with conclusion selected). Queue: 42817 rules.
341000 rules inserted. Base: 227438 rules (2005 with conclusion selected). Queue: 42778 rules.
341200 rules inserted. Base: 227533 rules (2005 with conclusion selected). Queue: 42743 rules.
341400 rules inserted. Base: 227634 rules (2005 with conclusion selected). Queue: 42702 rules.
341600 rules inserted. Base: 227728 rules (2005 with conclusion selected). Queue: 42666 rules.
341800 rules inserted. Base: 227829 rules (2005 with conclusion selected). Queue: 42627 rules.
342000 rules inserted. Base: 227925 rules (2005 with conclusion selected). Queue: 42589 rules.
342200 rules inserted. Base: 228021 rules (2005 with conclusion selected). Queue: 42553 rules.
342400 rules inserted. Base: 228119 rules (2005 with conclusion selected). Queue: 42514 rules.
342600 rules inserted. Base: 228221 rules (2005 with conclusion selected). Queue: 42473 rules.
342800 rules inserted. Base: 228315 rules (2005 with conclusion selected). Queue: 42437 rules.
343000 rules inserted. Base: 228404 rules (2005 with conclusion selected). Queue: 42405 rules.
343200 rules inserted. Base: 228473 rules (2005 with conclusion selected). Queue: 42383 rules.
343400 rules inserted. Base: 228540 rules (2005 with conclusion selected). Queue: 42361 rules.
343600 rules inserted. Base: 228613 rules (2005 with conclusion selected). Queue: 42336 rules.
343800 rules inserted. Base: 228681 rules (2005 with conclusion selected). Queue: 42317 rules.
344000 rules inserted. Base: 228750 rules (2005 with conclusion selected). Queue: 42295 rules.
344200 rules inserted. Base: 228822 rules (2005 with conclusion selected). Queue: 42270 rules.
344400 rules inserted. Base: 228891 rules (2005 with conclusion selected). Queue: 42247 rules.
344600 rules inserted. Base: 228964 rules (2005 with conclusion selected). Queue: 42225 rules.
344800 rules inserted. Base: 229038 rules (2005 with conclusion selected). Queue: 42200 rules.
345000 rules inserted. Base: 229108 rules (2005 with conclusion selected). Queue: 42178 rules.
345200 rules inserted. Base: 229184 rules (2005 with conclusion selected). Queue: 42152 rules.
345400 rules inserted. Base: 229245 rules (2005 with conclusion selected). Queue: 42134 rules.
345600 rules inserted. Base: 229323 rules (2005 with conclusion selected). Queue: 42108 rules.
345800 rules inserted. Base: 229391 rules (2005 with conclusion selected). Queue: 42086 rules.
346000 rules inserted. Base: 229462 rules (2005 with conclusion selected). Queue: 42064 rules.
346200 rules inserted. Base: 229531 rules (2005 with conclusion selected). Queue: 42042 rules.
346400 rules inserted. Base: 229604 rules (2005 with conclusion selected). Queue: 42017 rules.
346600 rules inserted. Base: 229668 rules (2005 with conclusion selected). Queue: 41998 rules.
346800 rules inserted. Base: 229741 rules (2005 with conclusion selected). Queue: 41972 rules.
347000 rules inserted. Base: 229816 rules (2005 with conclusion selected). Queue: 41947 rules.
347200 rules inserted. Base: 229888 rules (2005 with conclusion selected). Queue: 41925 rules.
347400 rules inserted. Base: 229958 rules (2005 with conclusion selected). Queue: 41903 rules.
347600 rules inserted. Base: 230027 rules (2005 with conclusion selected). Queue: 41881 rules.
347800 rules inserted. Base: 230095 rules (2005 with conclusion selected). Queue: 41859 rules.
348000 rules inserted. Base: 230166 rules (2005 with conclusion selected). Queue: 41835 rules.
348200 rules inserted. Base: 230240 rules (2005 with conclusion selected). Queue: 41811 rules.
348400 rules inserted. Base: 230312 rules (2005 with conclusion selected). Queue: 41789 rules.
348600 rules inserted. Base: 230381 rules (2005 with conclusion selected). Queue: 41767 rules.
348800 rules inserted. Base: 230555 rules (2005 with conclusion selected). Queue: 41638 rules.
349000 rules inserted. Base: 230737 rules (2005 with conclusion selected). Queue: 41526 rules.
349200 rules inserted. Base: 230929 rules (2005 with conclusion selected). Queue: 41386 rules.
349400 rules inserted. Base: 231110 rules (2005 with conclusion selected). Queue: 41274 rules.
349600 rules inserted. Base: 231310 rules (2005 with conclusion selected). Queue: 41098 rules.
349800 rules inserted. Base: 231510 rules (2005 with conclusion selected). Queue: 40957 rules.
350000 rules inserted. Base: 231707 rules (2005 with conclusion selected). Queue: 40831 rules.
350200 rules inserted. Base: 231878 rules (2005 with conclusion selected). Queue: 40738 rules.
350400 rules inserted. Base: 232051 rules (2005 with conclusion selected). Queue: 40640 rules.
350600 rules inserted. Base: 232223 rules (2005 with conclusion selected). Queue: 40545 rules.
350800 rules inserted. Base: 232398 rules (2005 with conclusion selected). Queue: 40443 rules.
351000 rules inserted. Base: 232550 rules (2005 with conclusion selected). Queue: 40367 rules.
351200 rules inserted. Base: 232695 rules (2005 with conclusion selected). Queue: 40296 rules.
351400 rules inserted. Base: 232839 rules (2005 with conclusion selected). Queue: 40224 rules.
351600 rules inserted. Base: 232982 rules (2005 with conclusion selected). Queue: 40154 rules.
351800 rules inserted. Base: 233128 rules (2005 with conclusion selected). Queue: 40083 rules.
352000 rules inserted. Base: 233272 rules (2005 with conclusion selected). Queue: 40012 rules.
352200 rules inserted. Base: 233415 rules (2005 with conclusion selected). Queue: 39942 rules.
352400 rules inserted. Base: 233558 rules (2005 with conclusion selected). Queue: 39874 rules.
352600 rules inserted. Base: 233704 rules (2005 with conclusion selected). Queue: 39801 rules.
352800 rules inserted. Base: 233854 rules (2005 with conclusion selected). Queue: 39725 rules.
353000 rules inserted. Base: 233995 rules (2005 with conclusion selected). Queue: 39656 rules.
353200 rules inserted. Base: 234109 rules (2005 with conclusion selected). Queue: 39604 rules.
353400 rules inserted. Base: 234225 rules (2005 with conclusion selected). Queue: 39555 rules.
353600 rules inserted. Base: 234338 rules (2005 with conclusion selected). Queue: 39504 rules.
353800 rules inserted. Base: 234454 rules (2005 with conclusion selected). Queue: 39454 rules.
354000 rules inserted. Base: 234577 rules (2005 with conclusion selected). Queue: 39397 rules.
354200 rules inserted. Base: 234687 rules (2005 with conclusion selected). Queue: 39351 rules.
354400 rules inserted. Base: 234805 rules (2005 with conclusion selected). Queue: 39299 rules.
354600 rules inserted. Base: 234925 rules (2005 with conclusion selected). Queue: 39243 rules.
354800 rules inserted. Base: 235044 rules (2005 with conclusion selected). Queue: 39190 rules.
355000 rules inserted. Base: 235157 rules (2005 with conclusion selected). Queue: 39141 rules.
355200 rules inserted. Base: 235274 rules (2005 with conclusion selected). Queue: 39088 rules.
355400 rules inserted. Base: 235383 rules (2005 with conclusion selected). Queue: 39043 rules.
355600 rules inserted. Base: 235507 rules (2005 with conclusion selected). Queue: 38988 rules.
355800 rules inserted. Base: 235622 rules (2005 with conclusion selected). Queue: 38935 rules.
356000 rules inserted. Base: 235737 rules (2005 with conclusion selected). Queue: 38886 rules.
356200 rules inserted. Base: 235854 rules (2005 with conclusion selected). Queue: 38832 rules.
356400 rules inserted. Base: 235970 rules (2005 with conclusion selected). Queue: 38782 rules.
356600 rules inserted. Base: 236095 rules (2005 with conclusion selected). Queue: 38725 rules.
356800 rules inserted. Base: 236212 rules (2005 with conclusion selected). Queue: 38674 rules.
357000 rules inserted. Base: 236332 rules (2005 with conclusion selected). Queue: 38618 rules.
357200 rules inserted. Base: 236454 rules (2005 with conclusion selected). Queue: 38564 rules.
357400 rules inserted. Base: 236570 rules (2005 with conclusion selected). Queue: 38513 rules.
357600 rules inserted. Base: 236694 rules (2005 with conclusion selected). Queue: 38452 rules.
357800 rules inserted. Base: 236894 rules (2005 with conclusion selected). Queue: 38274 rules.
358000 rules inserted. Base: 237094 rules (2005 with conclusion selected). Queue: 38124 rules.
358200 rules inserted. Base: 237294 rules (2005 with conclusion selected). Queue: 37982 rules.
358400 rules inserted. Base: 237476 rules (2005 with conclusion selected). Queue: 37868 rules.
358600 rules inserted. Base: 237654 rules (2005 with conclusion selected). Queue: 37762 rules.
358800 rules inserted. Base: 237832 rules (2005 with conclusion selected). Queue: 37655 rules.
359000 rules inserted. Base: 238012 rules (2005 with conclusion selected). Queue: 37547 rules.
359200 rules inserted. Base: 238193 rules (2005 with conclusion selected). Queue: 37434 rules.
359400 rules inserted. Base: 238374 rules (2005 with conclusion selected). Queue: 37322 rules.
359600 rules inserted. Base: 238525 rules (2005 with conclusion selected). Queue: 37243 rules.
359800 rules inserted. Base: 238677 rules (2005 with conclusion selected). Queue: 37163 rules.
360000 rules inserted. Base: 238833 rules (2005 with conclusion selected). Queue: 37079 rules.
360200 rules inserted. Base: 238983 rules (2005 with conclusion selected). Queue: 37001 rules.
360400 rules inserted. Base: 239138 rules (2005 with conclusion selected). Queue: 36920 rules.
360600 rules inserted. Base: 239292 rules (2005 with conclusion selected). Queue: 36837 rules.
360800 rules inserted. Base: 239441 rules (2005 with conclusion selected). Queue: 36761 rules.
361000 rules inserted. Base: 239600 rules (2005 with conclusion selected). Queue: 36676 rules.
361200 rules inserted. Base: 239753 rules (2005 with conclusion selected). Queue: 36593 rules.
361400 rules inserted. Base: 239906 rules (2005 with conclusion selected). Queue: 36512 rules.
361600 rules inserted. Base: 240068 rules (2005 with conclusion selected). Queue: 36424 rules.
361800 rules inserted. Base: 240225 rules (2005 with conclusion selected). Queue: 36336 rules.
362000 rules inserted. Base: 240383 rules (2005 with conclusion selected). Queue: 36251 rules.
362200 rules inserted. Base: 240543 rules (2005 with conclusion selected). Queue: 36162 rules.
362400 rules inserted. Base: 240726 rules (2005 with conclusion selected). Queue: 36008 rules.
362600 rules inserted. Base: 240926 rules (2005 with conclusion selected). Queue: 35864 rules.
362800 rules inserted. Base: 241126 rules (2005 with conclusion selected). Queue: 35714 rules.
363000 rules inserted. Base: 241311 rules (2005 with conclusion selected). Queue: 35593 rules.
363200 rules inserted. Base: 241491 rules (2005 with conclusion selected). Queue: 35483 rules.
363400 rules inserted. Base: 241672 rules (2005 with conclusion selected). Queue: 35370 rules.
363600 rules inserted. Base: 241855 rules (2005 with conclusion selected). Queue: 35254 rules.
363800 rules inserted. Base: 242037 rules (2005 with conclusion selected). Queue: 35140 rules.
364000 rules inserted. Base: 242222 rules (2005 with conclusion selected). Queue: 35018 rules.
364200 rules inserted. Base: 242408 rules (2005 with conclusion selected). Queue: 34895 rules.
364400 rules inserted. Base: 242606 rules (2005 with conclusion selected). Queue: 34720 rules.
364600 rules inserted. Base: 242806 rules (2005 with conclusion selected). Queue: 34573 rules.
364800 rules inserted. Base: 243006 rules (2005 with conclusion selected). Queue: 34420 rules.
365000 rules inserted. Base: 243204 rules (2005 with conclusion selected). Queue: 34259 rules.
365200 rules inserted. Base: 243386 rules (2005 with conclusion selected). Queue: 34145 rules.
365400 rules inserted. Base: 243572 rules (2005 with conclusion selected). Queue: 34012 rules.
365600 rules inserted. Base: 243718 rules (2005 with conclusion selected). Queue: 33941 rules.
365800 rules inserted. Base: 243867 rules (2005 with conclusion selected). Queue: 33865 rules.
366000 rules inserted. Base: 244039 rules (2005 with conclusion selected). Queue: 33768 rules.
366200 rules inserted. Base: 244238 rules (2005 with conclusion selected). Queue: 33615 rules.
366400 rules inserted. Base: 244427 rules (2005 with conclusion selected). Queue: 33482 rules.
366600 rules inserted. Base: 244614 rules (2005 with conclusion selected). Queue: 33361 rules.
366800 rules inserted. Base: 244769 rules (2005 with conclusion selected). Queue: 33270 rules.
367000 rules inserted. Base: 244918 rules (2005 with conclusion selected). Queue: 33196 rules.
367200 rules inserted. Base: 245080 rules (2005 with conclusion selected). Queue: 33107 rules.
367400 rules inserted. Base: 245270 rules (2005 with conclusion selected). Queue: 32976 rules.
367600 rules inserted. Base: 245448 rules (2005 with conclusion selected). Queue: 32870 rules.
367800 rules inserted. Base: 245626 rules (2005 with conclusion selected). Queue: 32751 rules.
368000 rules inserted. Base: 245774 rules (2005 with conclusion selected). Queue: 32679 rules.
368200 rules inserted. Base: 245923 rules (2005 with conclusion selected). Queue: 32602 rules.
368400 rules inserted. Base: 246102 rules (2005 with conclusion selected). Queue: 32497 rules.
368600 rules inserted. Base: 246298 rules (2005 with conclusion selected). Queue: 32321 rules.
368800 rules inserted. Base: 246447 rules (2005 with conclusion selected). Queue: 32245 rules.
369000 rules inserted. Base: 246592 rules (2005 with conclusion selected). Queue: 32174 rules.
369200 rules inserted. Base: 246762 rules (2005 with conclusion selected). Queue: 32078 rules.
369400 rules inserted. Base: 246958 rules (2005 with conclusion selected). Queue: 31955 rules.
369600 rules inserted. Base: 247150 rules (2005 with conclusion selected). Queue: 31863 rules.
369800 rules inserted. Base: 247310 rules (2005 with conclusion selected). Queue: 31782 rules.
370000 rules inserted. Base: 247468 rules (2005 with conclusion selected). Queue: 31709 rules.
370200 rules inserted. Base: 247622 rules (2005 with conclusion selected). Queue: 31627 rules.
370400 rules inserted. Base: 247749 rules (2005 with conclusion selected). Queue: 31573 rules.
370600 rules inserted. Base: 247876 rules (2005 with conclusion selected). Queue: 31519 rules.
370800 rules inserted. Base: 248002 rules (2005 with conclusion selected). Queue: 31465 rules.
371000 rules inserted. Base: 248130 rules (2005 with conclusion selected). Queue: 31410 rules.
371200 rules inserted. Base: 248257 rules (2005 with conclusion selected). Queue: 31356 rules.
371400 rules inserted. Base: 248384 rules (2005 with conclusion selected). Queue: 31302 rules.
371600 rules inserted. Base: 248497 rules (2005 with conclusion selected). Queue: 31254 rules.
371800 rules inserted. Base: 248592 rules (2005 with conclusion selected). Queue: 31216 rules.
372000 rules inserted. Base: 248695 rules (2005 with conclusion selected). Queue: 31175 rules.
372200 rules inserted. Base: 248794 rules (2005 with conclusion selected). Queue: 31136 rules.
372400 rules inserted. Base: 248889 rules (2005 with conclusion selected). Queue: 31100 rules.
372600 rules inserted. Base: 248984 rules (2005 with conclusion selected). Queue: 31063 rules.
372800 rules inserted. Base: 249087 rules (2005 with conclusion selected). Queue: 31021 rules.
373000 rules inserted. Base: 249183 rules (2005 with conclusion selected). Queue: 30985 rules.
373200 rules inserted. Base: 249281 rules (2005 with conclusion selected). Queue: 30946 rules.
373400 rules inserted. Base: 249376 rules (2005 with conclusion selected). Queue: 30909 rules.
373600 rules inserted. Base: 249478 rules (2005 with conclusion selected). Queue: 30868 rules.
373800 rules inserted. Base: 249575 rules (2005 with conclusion selected). Queue: 30831 rules.
374000 rules inserted. Base: 249671 rules (2005 with conclusion selected). Queue: 30795 rules.
374200 rules inserted. Base: 249768 rules (2005 with conclusion selected). Queue: 30755 rules.
374400 rules inserted. Base: 249856 rules (2005 with conclusion selected). Queue: 30722 rules.
374600 rules inserted. Base: 249929 rules (2005 with conclusion selected). Queue: 30699 rules.
374800 rules inserted. Base: 249998 rules (2005 with conclusion selected). Queue: 30677 rules.
375000 rules inserted. Base: 250067 rules (2005 with conclusion selected). Queue: 30655 rules.
375200 rules inserted. Base: 250135 rules (2005 with conclusion selected). Queue: 30633 rules.
375400 rules inserted. Base: 250209 rules (2005 with conclusion selected). Queue: 30608 rules.
375600 rules inserted. Base: 250281 rules (2005 with conclusion selected). Queue: 30585 rules.
375800 rules inserted. Base: 250353 rules (2005 with conclusion selected). Queue: 30563 rules.
376000 rules inserted. Base: 250422 rules (2005 with conclusion selected). Queue: 30541 rules.
376200 rules inserted. Base: 250490 rules (2005 with conclusion selected). Queue: 30519 rules.
376400 rules inserted. Base: 250559 rules (2005 with conclusion selected). Queue: 30496 rules.
376600 rules inserted. Base: 250634 rules (2005 with conclusion selected). Queue: 30471 rules.
376800 rules inserted. Base: 250706 rules (2005 with conclusion selected). Queue: 30447 rules.
377000 rules inserted. Base: 250779 rules (2005 with conclusion selected). Queue: 30424 rules.
377200 rules inserted. Base: 250848 rules (2005 with conclusion selected). Queue: 30402 rules.
377400 rules inserted. Base: 250917 rules (2005 with conclusion selected). Queue: 30380 rules.
377600 rules inserted. Base: 250985 rules (2005 with conclusion selected). Queue: 30358 rules.
377800 rules inserted. Base: 251059 rules (2005 with conclusion selected). Queue: 30333 rules.
378000 rules inserted. Base: 251131 rules (2005 with conclusion selected). Queue: 30310 rules.
378200 rules inserted. Base: 251203 rules (2005 with conclusion selected). Queue: 30288 rules.
378400 rules inserted. Base: 251272 rules (2005 with conclusion selected). Queue: 30266 rules.
378600 rules inserted. Base: 251340 rules (2005 with conclusion selected). Queue: 30244 rules.
378800 rules inserted. Base: 251409 rules (2005 with conclusion selected). Queue: 30221 rules.
379000 rules inserted. Base: 251484 rules (2005 with conclusion selected). Queue: 30196 rules.
379200 rules inserted. Base: 251556 rules (2005 with conclusion selected). Queue: 30172 rules.
379400 rules inserted. Base: 251629 rules (2005 with conclusion selected). Queue: 30149 rules.
379600 rules inserted. Base: 251698 rules (2005 with conclusion selected). Queue: 30127 rules.
379800 rules inserted. Base: 251767 rules (2005 with conclusion selected). Queue: 30105 rules.
380000 rules inserted. Base: 251835 rules (2005 with conclusion selected). Queue: 30083 rules.
380200 rules inserted. Base: 251998 rules (2005 with conclusion selected). Queue: 29962 rules.
380400 rules inserted. Base: 252184 rules (2005 with conclusion selected). Queue: 29835 rules.
380600 rules inserted. Base: 252374 rules (2005 with conclusion selected). Queue: 29704 rules.
380800 rules inserted. Base: 252571 rules (2005 with conclusion selected). Queue: 29545 rules.
381000 rules inserted. Base: 252755 rules (2005 with conclusion selected). Queue: 29428 rules.
381200 rules inserted. Base: 252948 rules (2005 with conclusion selected). Queue: 29285 rules.
381400 rules inserted. Base: 253131 rules (2005 with conclusion selected). Queue: 29169 rules.
381600 rules inserted. Base: 253326 rules (2005 with conclusion selected). Queue: 29018 rules.
381800 rules inserted. Base: 253526 rules (2005 with conclusion selected). Queue: 28852 rules.
382000 rules inserted. Base: 253726 rules (2005 with conclusion selected). Queue: 28718 rules.
382200 rules inserted. Base: 253909 rules (2005 with conclusion selected). Queue: 28608 rules.
382400 rules inserted. Base: 254084 rules (2005 with conclusion selected). Queue: 28509 rules.
382600 rules inserted. Base: 254258 rules (2005 with conclusion selected). Queue: 28410 rules.
382800 rules inserted. Base: 254433 rules (2005 with conclusion selected). Queue: 28310 rules.
383000 rules inserted. Base: 254608 rules (2005 with conclusion selected). Queue: 28210 rules.
383200 rules inserted. Base: 254760 rules (2005 with conclusion selected). Queue: 28131 rules.
383400 rules inserted. Base: 254906 rules (2005 with conclusion selected). Queue: 28058 rules.
383600 rules inserted. Base: 255054 rules (2005 with conclusion selected). Queue: 27986 rules.
383800 rules inserted. Base: 255200 rules (2005 with conclusion selected). Queue: 27913 rules.
384000 rules inserted. Base: 255350 rules (2005 with conclusion selected). Queue: 27836 rules.
384200 rules inserted. Base: 255496 rules (2005 with conclusion selected). Queue: 27763 rules.
384400 rules inserted. Base: 255642 rules (2005 with conclusion selected). Queue: 27692 rules.
384600 rules inserted. Base: 255790 rules (2005 with conclusion selected). Queue: 27618 rules.
384800 rules inserted. Base: 255936 rules (2005 with conclusion selected). Queue: 27545 rules.
385000 rules inserted. Base: 256086 rules (2005 with conclusion selected). Queue: 27469 rules.
385200 rules inserted. Base: 256231 rules (2005 with conclusion selected). Queue: 27397 rules.
385400 rules inserted. Base: 256371 rules (2005 with conclusion selected). Queue: 27328 rules.
385600 rules inserted. Base: 256487 rules (2005 with conclusion selected). Queue: 27276 rules.
385800 rules inserted. Base: 256603 rules (2005 with conclusion selected). Queue: 27226 rules.
386000 rules inserted. Base: 256726 rules (2005 with conclusion selected). Queue: 27171 rules.
386200 rules inserted. Base: 256848 rules (2005 with conclusion selected). Queue: 27115 rules.
386400 rules inserted. Base: 256965 rules (2005 with conclusion selected). Queue: 27061 rules.
386600 rules inserted. Base: 257090 rules (2005 with conclusion selected). Queue: 27004 rules.
386800 rules inserted. Base: 257206 rules (2005 with conclusion selected). Queue: 26954 rules.
387000 rules inserted. Base: 257326 rules (2005 with conclusion selected). Queue: 26898 rules.
387200 rules inserted. Base: 257442 rules (2005 with conclusion selected). Queue: 26848 rules.
387400 rules inserted. Base: 257567 rules (2005 with conclusion selected). Queue: 26791 rules.
387600 rules inserted. Base: 257688 rules (2005 with conclusion selected). Queue: 26734 rules.
387800 rules inserted. Base: 257804 rules (2005 with conclusion selected). Queue: 26683 rules.
388000 rules inserted. Base: 257926 rules (2005 with conclusion selected). Queue: 26630 rules.
388200 rules inserted. Base: 258048 rules (2005 with conclusion selected). Queue: 26574 rules.
388400 rules inserted. Base: 258165 rules (2005 with conclusion selected). Queue: 26521 rules.
388600 rules inserted. Base: 258282 rules (2005 with conclusion selected). Queue: 26470 rules.
388800 rules inserted. Base: 258407 rules (2005 with conclusion selected). Queue: 26412 rules.
389000 rules inserted. Base: 258527 rules (2005 with conclusion selected). Queue: 26356 rules.
389200 rules inserted. Base: 258643 rules (2005 with conclusion selected). Queue: 26306 rules.
389400 rules inserted. Base: 258766 rules (2005 with conclusion selected). Queue: 26251 rules.
389600 rules inserted. Base: 258888 rules (2005 with conclusion selected). Queue: 26195 rules.
389800 rules inserted. Base: 259005 rules (2005 with conclusion selected). Queue: 26142 rules.
390000 rules inserted. Base: 259124 rules (2005 with conclusion selected). Queue: 26090 rules.
390200 rules inserted. Base: 259246 rules (2005 with conclusion selected). Queue: 26034 rules.
390400 rules inserted. Base: 259366 rules (2005 with conclusion selected). Queue: 25978 rules.
390600 rules inserted. Base: 259566 rules (2005 with conclusion selected). Queue: 25810 rules.
390800 rules inserted. Base: 259766 rules (2005 with conclusion selected). Queue: 25626 rules.
391000 rules inserted. Base: 259966 rules (2005 with conclusion selected). Queue: 25474 rules.
391200 rules inserted. Base: 260166 rules (2005 with conclusion selected). Queue: 25327 rules.
391400 rules inserted. Base: 260355 rules (2005 with conclusion selected). Queue: 25200 rules.
391600 rules inserted. Base: 260537 rules (2005 with conclusion selected). Queue: 25086 rules.
391800 rules inserted. Base: 260718 rules (2005 with conclusion selected). Queue: 24974 rules.
392000 rules inserted. Base: 260900 rules (2005 with conclusion selected). Queue: 24859 rules.
392200 rules inserted. Base: 261082 rules (2005 with conclusion selected). Queue: 24745 rules.
392400 rules inserted. Base: 261264 rules (2005 with conclusion selected). Queue: 24632 rules.
392600 rules inserted. Base: 261448 rules (2005 with conclusion selected). Queue: 24513 rules.
392800 rules inserted. Base: 261607 rules (2005 with conclusion selected). Queue: 24426 rules.
393000 rules inserted. Base: 261767 rules (2005 with conclusion selected). Queue: 24337 rules.
393200 rules inserted. Base: 261926 rules (2005 with conclusion selected). Queue: 24249 rules.
393400 rules inserted. Base: 262086 rules (2005 with conclusion selected). Queue: 24160 rules.
393600 rules inserted. Base: 262245 rules (2005 with conclusion selected). Queue: 24075 rules.
393800 rules inserted. Base: 262404 rules (2005 with conclusion selected). Queue: 23986 rules.
394000 rules inserted. Base: 262564 rules (2005 with conclusion selected). Queue: 23897 rules.
394200 rules inserted. Base: 262720 rules (2005 with conclusion selected). Queue: 23812 rules.
394400 rules inserted. Base: 262879 rules (2005 with conclusion selected). Queue: 23726 rules.
394600 rules inserted. Base: 263038 rules (2005 with conclusion selected). Queue: 23638 rules.
394800 rules inserted. Base: 263198 rules (2005 with conclusion selected). Queue: 23548 rules.
395000 rules inserted. Base: 263356 rules (2005 with conclusion selected). Queue: 23464 rules.
395200 rules inserted. Base: 263516 rules (2005 with conclusion selected). Queue: 23375 rules.
395400 rules inserted. Base: 263676 rules (2005 with conclusion selected). Queue: 23285 rules.
395600 rules inserted. Base: 263839 rules (2005 with conclusion selected). Queue: 23193 rules.
395800 rules inserted. Base: 263998 rules (2005 with conclusion selected). Queue: 23105 rules.
396000 rules inserted. Base: 264161 rules (2005 with conclusion selected). Queue: 23013 rules.
396200 rules inserted. Base: 264350 rules (2005 with conclusion selected). Queue: 22843 rules.
396400 rules inserted. Base: 264550 rules (2005 with conclusion selected). Queue: 22690 rules.
396600 rules inserted. Base: 264750 rules (2005 with conclusion selected). Queue: 22536 rules.
396800 rules inserted. Base: 264944 rules (2005 with conclusion selected). Queue: 22393 rules.
397000 rules inserted. Base: 265129 rules (2005 with conclusion selected). Queue: 22272 rules.
397200 rules inserted. Base: 265313 rules (2005 with conclusion selected). Queue: 22153 rules.
397400 rules inserted. Base: 265499 rules (2005 with conclusion selected). Queue: 22029 rules.
397600 rules inserted. Base: 265684 rules (2005 with conclusion selected). Queue: 21909 rules.
397800 rules inserted. Base: 265869 rules (2005 with conclusion selected). Queue: 21787 rules.
398000 rules inserted. Base: 266056 rules (2005 with conclusion selected). Queue: 21660 rules.
398200 rules inserted. Base: 266243 rules (2005 with conclusion selected). Queue: 21534 rules.
398400 rules inserted. Base: 266431 rules (2005 with conclusion selected). Queue: 21406 rules.
398600 rules inserted. Base: 266630 rules (2005 with conclusion selected). Queue: 21226 rules.
398800 rules inserted. Base: 266830 rules (2005 with conclusion selected). Queue: 21070 rules.
399000 rules inserted. Base: 267030 rules (2005 with conclusion selected). Queue: 20910 rules.
399200 rules inserted. Base: 267230 rules (2005 with conclusion selected). Queue: 20730 rules.
399400 rules inserted. Base: 267429 rules (2005 with conclusion selected). Queue: 20559 rules.
399600 rules inserted. Base: 267613 rules (2005 with conclusion selected). Queue: 20442 rules.
399800 rules inserted. Base: 267806 rules (2005 with conclusion selected). Queue: 20298 rules.
400000 rules inserted. Base: 268003 rules (2005 with conclusion selected). Queue: 20137 rules.
400200 rules inserted. Base: 268187 rules (2005 with conclusion selected). Queue: 20020 rules.
400400 rules inserted. Base: 268382 rules (2005 with conclusion selected). Queue: 19871 rules.
400600 rules inserted. Base: 268574 rules (2005 with conclusion selected). Queue: 19730 rules.
400800 rules inserted. Base: 268758 rules (2005 with conclusion selected). Queue: 19612 rules.
401000 rules inserted. Base: 268951 rules (2005 with conclusion selected). Queue: 19470 rules.
401200 rules inserted. Base: 269134 rules (2005 with conclusion selected). Queue: 19354 rules.
401400 rules inserted. Base: 269334 rules (2005 with conclusion selected). Queue: 19178 rules.
401600 rules inserted. Base: 269534 rules (2005 with conclusion selected). Queue: 19032 rules.
401800 rules inserted. Base: 269734 rules (2005 with conclusion selected). Queue: 18898 rules.
402000 rules inserted. Base: 269909 rules (2005 with conclusion selected). Queue: 18799 rules.
402200 rules inserted. Base: 270084 rules (2005 with conclusion selected). Queue: 18699 rules.
402400 rules inserted. Base: 270259 rules (2005 with conclusion selected). Queue: 18600 rules.
402600 rules inserted. Base: 270434 rules (2005 with conclusion selected). Queue: 18501 rules.
402800 rules inserted. Base: 270604 rules (2005 with conclusion selected). Queue: 18403 rules.
403000 rules inserted. Base: 270750 rules (2005 with conclusion selected). Queue: 18332 rules.
403200 rules inserted. Base: 270898 rules (2005 with conclusion selected). Queue: 18258 rules.
403400 rules inserted. Base: 271044 rules (2005 with conclusion selected). Queue: 18185 rules.
403600 rules inserted. Base: 271194 rules (2005 with conclusion selected). Queue: 18109 rules.
403800 rules inserted. Base: 271339 rules (2005 with conclusion selected). Queue: 18037 rules.
404000 rules inserted. Base: 271487 rules (2005 with conclusion selected). Queue: 17964 rules.
404200 rules inserted. Base: 271634 rules (2005 with conclusion selected). Queue: 17889 rules.
404400 rules inserted. Base: 271783 rules (2005 with conclusion selected). Queue: 17814 rules.
404600 rules inserted. Base: 271929 rules (2005 with conclusion selected). Queue: 17742 rules.
404800 rules inserted. Base: 272076 rules (2005 with conclusion selected). Queue: 17670 rules.
405000 rules inserted. Base: 272224 rules (2005 with conclusion selected). Queue: 17594 rules.
405200 rules inserted. Base: 272347 rules (2005 with conclusion selected). Queue: 17538 rules.
405400 rules inserted. Base: 272470 rules (2005 with conclusion selected). Queue: 17483 rules.
405600 rules inserted. Base: 272592 rules (2005 with conclusion selected). Queue: 17427 rules.
405800 rules inserted. Base: 272709 rules (2005 with conclusion selected). Queue: 17374 rules.
406000 rules inserted. Base: 272828 rules (2005 with conclusion selected). Queue: 17322 rules.
406200 rules inserted. Base: 272950 rules (2005 with conclusion selected). Queue: 17266 rules.
406400 rules inserted. Base: 273070 rules (2005 with conclusion selected). Queue: 17210 rules.
406600 rules inserted. Base: 273186 rules (2005 with conclusion selected). Queue: 17160 rules.
406800 rules inserted. Base: 273311 rules (2005 with conclusion selected). Queue: 17104 rules.
407000 rules inserted. Base: 273431 rules (2005 with conclusion selected). Queue: 17048 rules.
407200 rules inserted. Base: 273548 rules (2005 with conclusion selected). Queue: 16995 rules.
407400 rules inserted. Base: 273669 rules (2005 with conclusion selected). Queue: 16943 rules.
407600 rules inserted. Base: 273792 rules (2005 with conclusion selected). Queue: 16886 rules.
407800 rules inserted. Base: 273909 rules (2005 with conclusion selected). Queue: 16833 rules.
408000 rules inserted. Base: 274026 rules (2005 with conclusion selected). Queue: 16782 rules.
408200 rules inserted. Base: 274151 rules (2005 with conclusion selected). Queue: 16724 rules.
408400 rules inserted. Base: 274271 rules (2005 with conclusion selected). Queue: 16669 rules.
408600 rules inserted. Base: 274387 rules (2005 with conclusion selected). Queue: 16618 rules.
408800 rules inserted. Base: 274510 rules (2005 with conclusion selected). Queue: 16563 rules.
409000 rules inserted. Base: 274632 rules (2005 with conclusion selected). Queue: 16507 rules.
409200 rules inserted. Base: 274749 rules (2005 with conclusion selected). Queue: 16454 rules.
409400 rules inserted. Base: 274868 rules (2005 with conclusion selected). Queue: 16402 rules.
409600 rules inserted. Base: 274990 rules (2005 with conclusion selected). Queue: 16346 rules.
409800 rules inserted. Base: 275110 rules (2005 with conclusion selected). Queue: 16290 rules.
410000 rules inserted. Base: 275226 rules (2005 with conclusion selected). Queue: 16240 rules.
410200 rules inserted. Base: 275374 rules (2005 with conclusion selected). Queue: 16145 rules.
410400 rules inserted. Base: 275574 rules (2005 with conclusion selected). Queue: 15976 rules.
410600 rules inserted. Base: 275774 rules (2005 with conclusion selected). Queue: 15810 rules.
410800 rules inserted. Base: 275974 rules (2005 with conclusion selected). Queue: 15625 rules.
411000 rules inserted. Base: 276174 rules (2005 with conclusion selected). Queue: 15475 rules.
411200 rules inserted. Base: 276374 rules (2005 with conclusion selected). Queue: 15325 rules.
411400 rules inserted. Base: 276559 rules (2005 with conclusion selected). Queue: 15205 rules.
411600 rules inserted. Base: 276743 rules (2005 with conclusion selected). Queue: 15088 rules.
411800 rules inserted. Base: 276926 rules (2005 with conclusion selected). Queue: 14971 rules.
412000 rules inserted. Base: 277109 rules (2005 with conclusion selected). Queue: 14855 rules.
412200 rules inserted. Base: 277293 rules (2005 with conclusion selected). Queue: 14738 rules.
412400 rules inserted. Base: 277476 rules (2005 with conclusion selected). Queue: 14621 rules.
412600 rules inserted. Base: 277659 rules (2005 with conclusion selected). Queue: 14505 rules.
412800 rules inserted. Base: 277828 rules (2005 with conclusion selected). Queue: 14407 rules.
413000 rules inserted. Base: 277988 rules (2005 with conclusion selected). Queue: 14317 rules.
413200 rules inserted. Base: 278151 rules (2005 with conclusion selected). Queue: 14225 rules.
413400 rules inserted. Base: 278310 rules (2005 with conclusion selected). Queue: 14137 rules.
413600 rules inserted. Base: 278474 rules (2005 with conclusion selected). Queue: 14043 rules.
413800 rules inserted. Base: 278636 rules (2005 with conclusion selected). Queue: 13954 rules.
414000 rules inserted. Base: 278796 rules (2005 with conclusion selected). Queue: 13864 rules.
414200 rules inserted. Base: 278957 rules (2005 with conclusion selected). Queue: 13776 rules.
414400 rules inserted. Base: 279118 rules (2005 with conclusion selected). Queue: 13683 rules.
414600 rules inserted. Base: 279281 rules (2005 with conclusion selected). Queue: 13591 rules.
414800 rules inserted. Base: 279440 rules (2005 with conclusion selected). Queue: 13503 rules.
415000 rules inserted. Base: 279603 rules (2005 with conclusion selected). Queue: 13413 rules.
415200 rules inserted. Base: 279762 rules (2005 with conclusion selected). Queue: 13324 rules.
415400 rules inserted. Base: 279925 rules (2005 with conclusion selected). Queue: 13232 rules.
415600 rules inserted. Base: 280084 rules (2005 with conclusion selected). Queue: 13144 rules.
415800 rules inserted. Base: 280247 rules (2005 with conclusion selected). Queue: 13052 rules.
416000 rules inserted. Base: 280407 rules (2005 with conclusion selected). Queue: 12964 rules.
416200 rules inserted. Base: 280570 rules (2005 with conclusion selected). Queue: 12870 rules.
416400 rules inserted. Base: 280734 rules (2005 with conclusion selected). Queue: 12770 rules.
416600 rules inserted. Base: 280934 rules (2005 with conclusion selected). Queue: 12581 rules.
416800 rules inserted. Base: 281134 rules (2005 with conclusion selected). Queue: 12423 rules.
417000 rules inserted. Base: 281334 rules (2005 with conclusion selected). Queue: 12265 rules.
417200 rules inserted. Base: 281529 rules (2005 with conclusion selected). Queue: 12118 rules.
417400 rules inserted. Base: 281716 rules (2005 with conclusion selected). Queue: 11992 rules.
417600 rules inserted. Base: 281904 rules (2005 with conclusion selected). Queue: 11864 rules.
417800 rules inserted. Base: 282091 rules (2005 with conclusion selected). Queue: 11737 rules.
418000 rules inserted. Base: 282278 rules (2005 with conclusion selected). Queue: 11611 rules.
418200 rules inserted. Base: 282466 rules (2005 with conclusion selected). Queue: 11482 rules.
418400 rules inserted. Base: 282653 rules (2005 with conclusion selected). Queue: 11356 rules.
418600 rules inserted. Base: 282840 rules (2005 with conclusion selected). Queue: 11230 rules.
418800 rules inserted. Base: 283029 rules (2005 with conclusion selected). Queue: 11099 rules.
419000 rules inserted. Base: 283217 rules (2005 with conclusion selected). Queue: 10970 rules.
419200 rules inserted. Base: 283414 rules (2005 with conclusion selected). Queue: 10793 rules.
419400 rules inserted. Base: 283614 rules (2005 with conclusion selected). Queue: 10631 rules.
419600 rules inserted. Base: 283814 rules (2005 with conclusion selected). Queue: 10469 rules.
419800 rules inserted. Base: 284014 rules (2005 with conclusion selected). Queue: 10304 rules.
420000 rules inserted. Base: 284214 rules (2005 with conclusion selected). Queue: 10115 rules.
420200 rules inserted. Base: 284414 rules (2005 with conclusion selected). Queue: 9945 rules.
420400 rules inserted. Base: 284614 rules (2005 with conclusion selected). Queue: 9776 rules.
420600 rules inserted. Base: 284814 rules (2005 with conclusion selected). Queue: 9602 rules.
420800 rules inserted. Base: 285014 rules (2005 with conclusion selected). Queue: 9427 rules.
421000 rules inserted. Base: 285214 rules (2005 with conclusion selected). Queue: 9277 rules.
421200 rules inserted. Base: 285412 rules (2005 with conclusion selected). Queue: 9132 rules.
421400 rules inserted. Base: 285596 rules (2005 with conclusion selected). Queue: 9013 rules.
421600 rules inserted. Base: 285779 rules (2005 with conclusion selected). Queue: 8897 rules.
421800 rules inserted. Base: 285962 rules (2005 with conclusion selected). Queue: 8782 rules.
422000 rules inserted. Base: 286146 rules (2005 with conclusion selected). Queue: 8663 rules.
422200 rules inserted. Base: 286329 rules (2005 with conclusion selected). Queue: 8547 rules.
422400 rules inserted. Base: 286512 rules (2005 with conclusion selected). Queue: 8432 rules.
422600 rules inserted. Base: 286696 rules (2005 with conclusion selected). Queue: 8313 rules.
422800 rules inserted. Base: 286858 rules (2005 with conclusion selected). Queue: 8223 rules.
423000 rules inserted. Base: 287022 rules (2005 with conclusion selected). Queue: 8130 rules.
423200 rules inserted. Base: 287182 rules (2005 with conclusion selected). Queue: 8042 rules.
423400 rules inserted. Base: 287344 rules (2005 with conclusion selected). Queue: 7949 rules.
423600 rules inserted. Base: 287506 rules (2005 with conclusion selected). Queue: 7860 rules.
423800 rules inserted. Base: 287666 rules (2005 with conclusion selected). Queue: 7769 rules.
424000 rules inserted. Base: 287828 rules (2005 with conclusion selected). Queue: 7679 rules.
424200 rules inserted. Base: 287988 rules (2005 with conclusion selected). Queue: 7589 rules.
424400 rules inserted. Base: 288151 rules (2005 with conclusion selected). Queue: 7497 rules.
424600 rules inserted. Base: 288310 rules (2005 with conclusion selected). Queue: 7409 rules.
424800 rules inserted. Base: 288473 rules (2005 with conclusion selected). Queue: 7317 rules.
425000 rules inserted. Base: 288632 rules (2005 with conclusion selected). Queue: 7230 rules.
425200 rules inserted. Base: 288796 rules (2005 with conclusion selected). Queue: 7136 rules.
425400 rules inserted. Base: 288957 rules (2005 with conclusion selected). Queue: 7048 rules.
425600 rules inserted. Base: 289118 rules (2005 with conclusion selected). Queue: 6955 rules.
425800 rules inserted. Base: 289280 rules (2005 with conclusion selected). Queue: 6866 rules.
426000 rules inserted. Base: 289440 rules (2005 with conclusion selected). Queue: 6775 rules.
426200 rules inserted. Base: 289603 rules (2005 with conclusion selected). Queue: 6685 rules.
426400 rules inserted. Base: 289774 rules (2005 with conclusion selected). Queue: 6562 rules.
426600 rules inserted. Base: 289974 rules (2005 with conclusion selected). Queue: 6376 rules.
426800 rules inserted. Base: 290174 rules (2005 with conclusion selected). Queue: 6216 rules.
427000 rules inserted. Base: 290374 rules (2005 with conclusion selected). Queue: 6056 rules.
427200 rules inserted. Base: 290570 rules (2005 with conclusion selected). Queue: 5906 rules.
427400 rules inserted. Base: 290759 rules (2005 with conclusion selected). Queue: 5777 rules.
427600 rules inserted. Base: 290947 rules (2005 with conclusion selected). Queue: 5646 rules.
427800 rules inserted. Base: 291135 rules (2005 with conclusion selected). Queue: 5517 rules.
428000 rules inserted. Base: 291323 rules (2005 with conclusion selected). Queue: 5388 rules.
428200 rules inserted. Base: 291512 rules (2005 with conclusion selected). Queue: 5259 rules.
428400 rules inserted. Base: 291700 rules (2005 with conclusion selected). Queue: 5128 rules.
428600 rules inserted. Base: 291888 rules (2005 with conclusion selected). Queue: 4999 rules.
428800 rules inserted. Base: 292076 rules (2005 with conclusion selected). Queue: 4870 rules.
429000 rules inserted. Base: 292264 rules (2005 with conclusion selected). Queue: 4742 rules.
429200 rules inserted. Base: 292454 rules (2005 with conclusion selected). Queue: 4602 rules.
429400 rules inserted. Base: 292654 rules (2005 with conclusion selected). Queue: 4421 rules.
429600 rules inserted. Base: 292854 rules (2005 with conclusion selected). Queue: 4256 rules.
429800 rules inserted. Base: 293054 rules (2005 with conclusion selected). Queue: 4091 rules.
430000 rules inserted. Base: 293254 rules (2005 with conclusion selected). Queue: 3922 rules.
430200 rules inserted. Base: 293454 rules (2005 with conclusion selected). Queue: 3722 rules.
430400 rules inserted. Base: 293654 rules (2005 with conclusion selected). Queue: 3537 rules.
430600 rules inserted. Base: 293854 rules (2005 with conclusion selected). Queue: 3377 rules.
430800 rules inserted. Base: 294054 rules (2005 with conclusion selected). Queue: 3217 rules.
431000 rules inserted. Base: 294250 rules (2005 with conclusion selected). Queue: 3068 rules.
431200 rules inserted. Base: 294438 rules (2005 with conclusion selected). Queue: 2939 rules.
431400 rules inserted. Base: 294626 rules (2005 with conclusion selected). Queue: 2810 rules.
431600 rules inserted. Base: 294815 rules (2005 with conclusion selected). Queue: 2681 rules.
431800 rules inserted. Base: 295003 rules (2005 with conclusion selected). Queue: 2550 rules.
432000 rules inserted. Base: 295191 rules (2005 with conclusion selected). Queue: 2421 rules.
432200 rules inserted. Base: 295379 rules (2005 with conclusion selected). Queue: 2292 rules.
432400 rules inserted. Base: 295567 rules (2005 with conclusion selected). Queue: 2164 rules.
432600 rules inserted. Base: 295756 rules (2005 with conclusion selected). Queue: 2033 rules.
432800 rules inserted. Base: 295944 rules (2005 with conclusion selected). Queue: 1903 rules.
433000 rules inserted. Base: 296134 rules (2005 with conclusion selected). Queue: 1762 rules.
433200 rules inserted. Base: 296334 rules (2005 with conclusion selected). Queue: 1581 rules.
433400 rules inserted. Base: 296534 rules (2005 with conclusion selected). Queue: 1415 rules.
433600 rules inserted. Base: 296734 rules (2005 with conclusion selected). Queue: 1248 rules.
433800 rules inserted. Base: 296934 rules (2005 with conclusion selected). Queue: 1081 rules.
434000 rules inserted. Base: 297134 rules (2005 with conclusion selected). Queue: 882 rules.
434200 rules inserted. Base: 297334 rules (2005 with conclusion selected). Queue: 708 rules.
434400 rules inserted. Base: 297534 rules (2005 with conclusion selected). Queue: 541 rules.
434600 rules inserted. Base: 297734 rules (2005 with conclusion selected). Queue: 375 rules.
434800 rules inserted. Base: 297934 rules (2005 with conclusion selected). Queue: 202 rules.
435000 rules inserted. Base: 298134 rules (2005 with conclusion selected). Queue: 2 rules.
Starting query not event(access_count(c5))
200 rules inserted. Base: 200 rules (199 with conclusion selected). Queue: 521 rules.
400 rules inserted. Base: 400 rules (399 with conclusion selected). Queue: 321 rules.
600 rules inserted. Base: 600 rules (599 with conclusion selected). Queue: 121 rules.
goal reachable: b-event(@p_act(@occ200_1,Cipher(aenc_internal(AuthRequestPlain(today,c0,Credential(mac(uid_12,skAuth[]),uid_12)),n_5,pk(skAuth[])),n_5))) && b-event(@p_act(@occ176_1,Cipher(aenc_internal(AuthRequestPlain(today,c1,Credential(mac(uid_12,skAuth[]),uid_12)),n_6,pk(skAuth[])),n_6))) && b-event(@p_act(@occ151_1,Cipher(aenc_internal(AuthRequestPlain(today,c2,Credential(mac(uid_12,skAuth[]),uid_12)),n_7,pk(skAuth[])),n_7))) && b-event(@p_act(@occ125_1,Cipher(aenc_internal(AuthRequestPlain(today,c3,Credential(mac(uid_12,skAuth[]),uid_12)),n_8,pk(skAuth[])),n_8))) && b-event(@p_act(@occ98_1,Cipher(aenc_internal(AuthRequestPlain(today,c4,Credential(mac(uid_12,skAuth[]),uid_12)),n_9,pk(skAuth[])),n_9))) && b-event(@p_act(@occ5_1,RegisterRequest(id_4,Cipher(aenc_internal(ck_4,n_10,pk(skAuth[])),n_10)))) && b-event(@p_act(@occ273_1,Cipher(senc_internal(Credential(mac(uid_12,skAuth[]),uid_12),n_11,ck_4),n_11))) && b-event(@p_act(@occ285_1,(id_4,Credential(mac(uid_12,skAuth[]),uid_12),c0))) && b-event(@p_act(@occ285_2,(id_4,Credential(mac(uid_12,skAuth[]),uid_12),c1))) && b-event(@p_act(@occ285_3,(id_4,Credential(mac(uid_12,skAuth[]),uid_12),c2))) && b-event(@p_act(@occ285_4,(id_4,Credential(mac(uid_12,skAuth[]),uid_12),c3))) && b-event(@p_act(@occ285_5,(id_4,Credential(mac(uid_12,skAuth[]),uid_12),c4))) && b-event(@p_act(@occ285_6,(id_4,Credential(mac(uid_12,skAuth[]),uid_12),c5))) && b-event(@p_act(@occ70_1,Cipher(aenc_internal(AuthRequestPlain(today,c5,Credential(mac(uid_12,skAuth[]),uid_12)),n_12,pk(skAuth[])),n_12))) -> event(access_count(c5))
Abbreviations:
@occ200_1 = @occ200[!1 = @sid]
id_4 = id_1[!1 = @sid_1]
ck_4 = ck_2[!1 = @sid_1]
n_10 = n_2[!1 = @sid_1]
uid_12 = uid_1[regReq = RegisterRequest(id_4,Cipher(aenc_internal(ck_4,n_10,pk(skAuth[])),n_10)),!1 = @sid_2]
n_5 = n_4[cnt_8 = c0,cred_12 = Credential(mac(uid_12,skAuth[]),uid_12),id_3 = id_4,!1 = @sid_3]
@occ176_1 = @occ176[!1 = @sid]
n_6 = n_4[cnt_8 = c1,cred_12 = Credential(mac(uid_12,skAuth[]),uid_12),id_3 = id_4,!1 = @sid_4]
@occ151_1 = @occ151[!1 = @sid]
n_7 = n_4[cnt_8 = c2,cred_12 = Credential(mac(uid_12,skAuth[]),uid_12),id_3 = id_4,!1 = @sid_5]
@occ125_1 = @occ125[!1 = @sid]
n_8 = n_4[cnt_8 = c3,cred_12 = Credential(mac(uid_12,skAuth[]),uid_12),id_3 = id_4,!1 = @sid_6]
@occ98_1 = @occ98[!1 = @sid]
n_9 = n_4[cnt_8 = c4,cred_12 = Credential(mac(uid_12,skAuth[]),uid_12),id_3 = id_4,!1 = @sid_7]
@occ5_1 = @occ5[!1 = @sid_2]
@occ273_1 = @occ273[!1 = @sid_1]
n_11 = n_1[regReq = RegisterRequest(id_4,Cipher(aenc_internal(ck_4,n_10,pk(skAuth[])),n_10)),!1 = @sid_2]
@occ285_1 = @occ285[!1 = @sid_3]
@occ285_2 = @occ285[!1 = @sid_4]
@occ285_3 = @occ285[!1 = @sid_5]
@occ285_4 = @occ285[!1 = @sid_6]
@occ285_5 = @occ285[!1 = @sid_7]
@occ285_6 = @occ285[!1 = @sid_8]
@occ70_1 = @occ70[!1 = @sid]
n_12 = n_4[cnt_8 = c5,cred_12 = Credential(mac(uid_12,skAuth[]),uid_12),id_3 = id_4,!1 = @sid_8]

Derivation:
Abbreviations:
id_4 = id_1[!1 = @sid]
ck_4 = ck_2[!1 = @sid]
n_5 = n_2[!1 = @sid]
uid_12 = uid_1[regReq = RegisterRequest(id_4,Cipher(aenc_internal(ck_4,n_5,pk(skAuth[])),n_5)),!1 = @sid_1]
n_6 = n_4[cnt_8 = c0,cred_12 = Credential(mac(uid_12,skAuth[]),uid_12),id_3 = id_4,!1 = @sid_2]
@occ285_1 = @occ285[!1 = @sid_2]
@occ200_1 = @occ200[!1 = @sid_3]
n_7 = n_4[cnt_8 = c1,cred_12 = Credential(mac(uid_12,skAuth[]),uid_12),id_3 = id_4,!1 = @sid_4]
@occ285_2 = @occ285[!1 = @sid_4]
@occ176_1 = @occ176[!1 = @sid_3]
n_8 = n_4[cnt_8 = c2,cred_12 = Credential(mac(uid_12,skAuth[]),uid_12),id_3 = id_4,!1 = @sid_5]
@occ285_3 = @occ285[!1 = @sid_5]
@occ151_1 = @occ151[!1 = @sid_3]
n_9 = n_4[cnt_8 = c3,cred_12 = Credential(mac(uid_12,skAuth[]),uid_12),id_3 = id_4,!1 = @sid_6]
@occ285_4 = @occ285[!1 = @sid_6]
@occ125_1 = @occ125[!1 = @sid_3]
n_10 = n_4[cnt_8 = c4,cred_12 = Credential(mac(uid_12,skAuth[]),uid_12),id_3 = id_4,!1 = @sid_7]
@occ285_5 = @occ285[!1 = @sid_7]
@occ98_1 = @occ98[!1 = @sid_3]
n_11 = n_4[cnt_8 = c5,cred_12 = Credential(mac(uid_12,skAuth[]),uid_12),id_3 = id_4,!1 = @sid_8]
n_12 = n_1[regReq = RegisterRequest(id_4,Cipher(aenc_internal(ck_4,n_5,pk(skAuth[])),n_5)),!1 = @sid_1]
@occ5_1 = @occ5[!1 = @sid_1]
@occ273_1 = @occ273[!1 = @sid]
@occ285_6 = @occ285[!1 = @sid_8]
@occ70_1 = @occ70[!1 = @sid_3]

1. The message RegisterRequest(id_4,Cipher(aenc_internal(ck_4,n_5,pk(skAuth[])),n_5)) may be sent on channel reg_net[] at output {272}.
mess(reg_net[],RegisterRequest(id_4,Cipher(aenc_internal(ck_4,n_5,pk(skAuth[])),n_5))).

2. The event @p_act(@occ5_1,RegisterRequest(id_4,Cipher(aenc_internal(ck_4,n_5,pk(skAuth[])),n_5))) records how variables are instantiated at {5}.
The message RegisterRequest(id_4,Cipher(aenc_internal(ck_4,n_5,pk(skAuth[])),n_5)) that may be sent on channel reg_net[] by 1 may be received at input {5}.
So the message Cipher(senc_internal(Credential(mac(uid_12,skAuth[]),uid_12),n_12,ck_4),n_12) may be sent on channel reg_net[] at output {43}.
mess(reg_net[],Cipher(senc_internal(Credential(mac(uid_12,skAuth[]),uid_12),n_12,ck_4),n_12)).

3. The event @p_act(@occ273_1,Cipher(senc_internal(Credential(mac(uid_12,skAuth[]),uid_12),n_12,ck_4),n_12)) records how variables are instantiated at {273}.
The message Cipher(senc_internal(Credential(mac(uid_12,skAuth[]),uid_12),n_12,ck_4),n_12) that may be sent on channel reg_net[] by 2 may be received at input {273}.
So the message (id_4,Credential(mac(uid_12,skAuth[]),uid_12),c0) may be sent on channel user_secure[] at output {283}.
mess(user_secure[],(id_4,Credential(mac(uid_12,skAuth[]),uid_12),c0)).

4. The event @p_act(@occ285_1,(id_4,Credential(mac(uid_12,skAuth[]),uid_12),c0)) records how variables are instantiated at {285}.
The message (id_4,Credential(mac(uid_12,skAuth[]),uid_12),c0) that may be sent on channel user_secure[] by 3 may be received at input {285}.
So the message (id_4,Credential(mac(uid_12,skAuth[]),uid_12),c1) may be sent on channel user_secure[] at output {297}.
mess(user_secure[],(id_4,Credential(mac(uid_12,skAuth[]),uid_12),c1)).

5. The event @p_act(@occ285_2,(id_4,Credential(mac(uid_12,skAuth[]),uid_12),c1)) records how variables are instantiated at {285}.
The message (id_4,Credential(mac(uid_12,skAuth[]),uid_12),c1) that may be sent on channel user_secure[] by 4 may be received at input {285}.
So the message (id_4,Credential(mac(uid_12,skAuth[]),uid_12),c2) may be sent on channel user_secure[] at output {297}.
mess(user_secure[],(id_4,Credential(mac(uid_12,skAuth[]),uid_12),c2)).

6. The event @p_act(@occ285_3,(id_4,Credential(mac(uid_12,skAuth[]),uid_12),c2)) records how variables are instantiated at {285}.
The message (id_4,Credential(mac(uid_12,skAuth[]),uid_12),c2) that may be sent on channel user_secure[] by 5 may be received at input {285}.
So the message (id_4,Credential(mac(uid_12,skAuth[]),uid_12),c3) may be sent on channel user_secure[] at output {297}.
mess(user_secure[],(id_4,Credential(mac(uid_12,skAuth[]),uid_12),c3)).

7. The event @p_act(@occ285_4,(id_4,Credential(mac(uid_12,skAuth[]),uid_12),c3)) records how variables are instantiated at {285}.
The message (id_4,Credential(mac(uid_12,skAuth[]),uid_12),c3) that may be sent on channel user_secure[] by 6 may be received at input {285}.
So the message (id_4,Credential(mac(uid_12,skAuth[]),uid_12),c4) may be sent on channel user_secure[] at output {297}.
mess(user_secure[],(id_4,Credential(mac(uid_12,skAuth[]),uid_12),c4)).

8. The event @p_act(@occ285_5,(id_4,Credential(mac(uid_12,skAuth[]),uid_12),c4)) records how variables are instantiated at {285}.
The message (id_4,Credential(mac(uid_12,skAuth[]),uid_12),c4) that may be sent on channel user_secure[] by 7 may be received at input {285}.
So the message (id_4,Credential(mac(uid_12,skAuth[]),uid_12),c5) may be sent on channel user_secure[] at output {297}.
mess(user_secure[],(id_4,Credential(mac(uid_12,skAuth[]),uid_12),c5)).

9. The event @p_act(@occ285_6,(id_4,Credential(mac(uid_12,skAuth[]),uid_12),c5)) records how variables are instantiated at {285}.
The message (id_4,Credential(mac(uid_12,skAuth[]),uid_12),c5) that may be sent on channel user_secure[] by 8 may be received at input {285}.
So the message Cipher(aenc_internal(AuthRequestPlain(today,c5,Credential(mac(uid_12,skAuth[]),uid_12)),n_11,pk(skAuth[])),n_11) may be sent on channel auth_net[] at output {295}.
mess(auth_net[],Cipher(aenc_internal(AuthRequestPlain(today,c5,Credential(mac(uid_12,skAuth[]),uid_12)),n_11,pk(skAuth[])),n_11)).

10. The event @p_act(@occ285_5,(id_4,Credential(mac(uid_12,skAuth[]),uid_12),c4)) records how variables are instantiated at {285}.
The message (id_4,Credential(mac(uid_12,skAuth[]),uid_12),c4) that may be sent on channel user_secure[] by 7 may be received at input {285}.
So the message Cipher(aenc_internal(AuthRequestPlain(today,c4,Credential(mac(uid_12,skAuth[]),uid_12)),n_10,pk(skAuth[])),n_10) may be sent on channel auth_net[] at output {295}.
mess(auth_net[],Cipher(aenc_internal(AuthRequestPlain(today,c4,Credential(mac(uid_12,skAuth[]),uid_12)),n_10,pk(skAuth[])),n_10)).

11. The event @p_act(@occ285_4,(id_4,Credential(mac(uid_12,skAuth[]),uid_12),c3)) records how variables are instantiated at {285}.
The message (id_4,Credential(mac(uid_12,skAuth[]),uid_12),c3) that may be sent on channel user_secure[] by 6 may be received at input {285}.
So the message Cipher(aenc_internal(AuthRequestPlain(today,c3,Credential(mac(uid_12,skAuth[]),uid_12)),n_9,pk(skAuth[])),n_9) may be sent on channel auth_net[] at output {295}.
mess(auth_net[],Cipher(aenc_internal(AuthRequestPlain(today,c3,Credential(mac(uid_12,skAuth[]),uid_12)),n_9,pk(skAuth[])),n_9)).

12. The event @p_act(@occ285_3,(id_4,Credential(mac(uid_12,skAuth[]),uid_12),c2)) records how variables are instantiated at {285}.
The message (id_4,Credential(mac(uid_12,skAuth[]),uid_12),c2) that may be sent on channel user_secure[] by 5 may be received at input {285}.
So the message Cipher(aenc_internal(AuthRequestPlain(today,c2,Credential(mac(uid_12,skAuth[]),uid_12)),n_8,pk(skAuth[])),n_8) may be sent on channel auth_net[] at output {295}.
mess(auth_net[],Cipher(aenc_internal(AuthRequestPlain(today,c2,Credential(mac(uid_12,skAuth[]),uid_12)),n_8,pk(skAuth[])),n_8)).

13. The event @p_act(@occ285_2,(id_4,Credential(mac(uid_12,skAuth[]),uid_12),c1)) records how variables are instantiated at {285}.
The message (id_4,Credential(mac(uid_12,skAuth[]),uid_12),c1) that may be sent on channel user_secure[] by 4 may be received at input {285}.
So the message Cipher(aenc_internal(AuthRequestPlain(today,c1,Credential(mac(uid_12,skAuth[]),uid_12)),n_7,pk(skAuth[])),n_7) may be sent on channel auth_net[] at output {295}.
mess(auth_net[],Cipher(aenc_internal(AuthRequestPlain(today,c1,Credential(mac(uid_12,skAuth[]),uid_12)),n_7,pk(skAuth[])),n_7)).

14. The event @p_act(@occ285_1,(id_4,Credential(mac(uid_12,skAuth[]),uid_12),c0)) records how variables are instantiated at {285}.
The message (id_4,Credential(mac(uid_12,skAuth[]),uid_12),c0) that may be sent on channel user_secure[] by 3 may be received at input {285}.
So the message Cipher(aenc_internal(AuthRequestPlain(today,c0,Credential(mac(uid_12,skAuth[]),uid_12)),n_6,pk(skAuth[])),n_6) may be sent on channel auth_net[] at output {295}.
mess(auth_net[],Cipher(aenc_internal(AuthRequestPlain(today,c0,Credential(mac(uid_12,skAuth[]),uid_12)),n_6,pk(skAuth[])),n_6)).

15. The event @p_act(@occ70_1,Cipher(aenc_internal(AuthRequestPlain(today,c5,Credential(mac(uid_12,skAuth[]),uid_12)),n_11,pk(skAuth[])),n_11)) records how variables are instantiated at {70}.
The message Cipher(aenc_internal(AuthRequestPlain(today,c5,Credential(mac(uid_12,skAuth[]),uid_12)),n_11,pk(skAuth[])),n_11) that may be sent on channel auth_net[] by 9 may be received at input {70}.
The event @p_act(@occ98_1,Cipher(aenc_internal(AuthRequestPlain(today,c4,Credential(mac(uid_12,skAuth[]),uid_12)),n_10,pk(skAuth[])),n_10)) records how variables are instantiated at {98}.
The message Cipher(aenc_internal(AuthRequestPlain(today,c4,Credential(mac(uid_12,skAuth[]),uid_12)),n_10,pk(skAuth[])),n_10) that may be sent on channel auth_net[] by 10 may be received at input {98}.
The event @p_act(@occ125_1,Cipher(aenc_internal(AuthRequestPlain(today,c3,Credential(mac(uid_12,skAuth[]),uid_12)),n_9,pk(skAuth[])),n_9)) records how variables are instantiated at {125}.
The message Cipher(aenc_internal(AuthRequestPlain(today,c3,Credential(mac(uid_12,skAuth[]),uid_12)),n_9,pk(skAuth[])),n_9) that may be sent on channel auth_net[] by 11 may be received at input {125}.
The event @p_act(@occ151_1,Cipher(aenc_internal(AuthRequestPlain(today,c2,Credential(mac(uid_12,skAuth[]),uid_12)),n_8,pk(skAuth[])),n_8)) records how variables are instantiated at {151}.
The message Cipher(aenc_internal(AuthRequestPlain(today,c2,Credential(mac(uid_12,skAuth[]),uid_12)),n_8,pk(skAuth[])),n_8) that may be sent on channel auth_net[] by 12 may be received at input {151}.
The event @p_act(@occ176_1,Cipher(aenc_internal(AuthRequestPlain(today,c1,Credential(mac(uid_12,skAuth[]),uid_12)),n_7,pk(skAuth[])),n_7)) records how variables are instantiated at {176}.
The message Cipher(aenc_internal(AuthRequestPlain(today,c1,Credential(mac(uid_12,skAuth[]),uid_12)),n_7,pk(skAuth[])),n_7) that may be sent on channel auth_net[] by 13 may be received at input {176}.
The event @p_act(@occ200_1,Cipher(aenc_internal(AuthRequestPlain(today,c0,Credential(mac(uid_12,skAuth[]),uid_12)),n_6,pk(skAuth[])),n_6)) records how variables are instantiated at {200}.
The message Cipher(aenc_internal(AuthRequestPlain(today,c0,Credential(mac(uid_12,skAuth[]),uid_12)),n_6,pk(skAuth[])),n_6) that may be sent on channel auth_net[] by 14 may be received at input {200}.
So event access_count(c5) may be executed at {230}.
event(access_count(c5)).

16. By 15, event(access_count(c5)).
The goal is reached, represented in the following fact:
event(access_count(c5)).


A more detailed output of the traces is available with
  set traceDisplay = long.

new skAuth: key creating skAuth_1 at {1}

new id_1: identity creating id_5 at {262} in copy a_7

new ck_2: bitstring creating ck_5 at {264} in copy a_7

new n_2: nonce creating n_13 at {266} in copy a_7

out(reg_net, RegisterRequest(id_5,Cipher(aenc_internal(ck_5,n_13,pk(skAuth_1)),n_13))) at {272} in copy a_7 received at {5} in copy a_8

get registered(=id_5): else branch taken at {44} in copy a_8

insert registered(id_5) at {25} in copy a_8

new uid_1: bitstring creating uid_13 at {34} in copy a_8

new n_1: nonce creating n_14 at {37} in copy a_8

event user_registered(uid_13) at {41} in copy a_8

out(reg_net, Cipher(senc_internal(Credential(mac(uid_13,skAuth_1),uid_13),n_14,ck_5),n_14)) at {43} in copy a_8 received at {273} in copy a_7

out(user_secure, (id_5,Credential(mac(uid_13,skAuth_1),uid_13),c0)) at {283} in copy a_7 received at {285} in copy a_9

new n_4: nonce creating n_15 at {288} in copy a_9

event user_authenticating(uid_13) at {293} in copy a_9

out(user_secure, (id_5,Credential(mac(uid_13,skAuth_1),uid_13),c1)) at {297} in copy a_9 received at {285} in copy a_10

new n_4: nonce creating n_16 at {288} in copy a_10

event user_authenticating(uid_13) at {293} in copy a_10

out(user_secure, (id_5,Credential(mac(uid_13,skAuth_1),uid_13),c2)) at {297} in copy a_10 received at {285} in copy a_11

new n_4: nonce creating n_17 at {288} in copy a_11

event user_authenticating(uid_13) at {293} in copy a_11

out(user_secure, (id_5,Credential(mac(uid_13,skAuth_1),uid_13),c3)) at {297} in copy a_11 received at {285} in copy a_12

new n_4: nonce creating n_18 at {288} in copy a_12

event user_authenticating(uid_13) at {293} in copy a_12

out(user_secure, (id_5,Credential(mac(uid_13,skAuth_1),uid_13),c4)) at {297} in copy a_12 received at {285} in copy a_13

new n_4: nonce creating n_19 at {288} in copy a_13

event user_authenticating(uid_13) at {293} in copy a_13

out(user_secure, (id_5,Credential(mac(uid_13,skAuth_1),uid_13),c5)) at {297} in copy a_13 received at {285} in copy a_14

new n_4: nonce creating n_20 at {288} in copy a_14

event user_authenticating(uid_13) at {293} in copy a_14

out(auth_net, Cipher(aenc_internal(AuthRequestPlain(today,c5,Credential(mac(uid_13,skAuth_1),uid_13)),n_20,pk(skAuth_1)),n_20)) at {295} in copy a_14 received at {70} in copy a_15

event user_authenticated(uid_13) at {86} in copy a_15

event access_count(c0) at {97} in copy a_15

out(auth_net, Cipher(aenc_internal(AuthRequestPlain(today,c4,Credential(mac(uid_13,skAuth_1),uid_13)),n_19,pk(skAuth_1)),n_19)) at {295} in copy a_13 received at {98} in copy a_15

event user_authenticated(uid_13) at {114} in copy a_15

event access_count(c1) at {124} in copy a_15

out(auth_net, Cipher(aenc_internal(AuthRequestPlain(today,c3,Credential(mac(uid_13,skAuth_1),uid_13)),n_18,pk(skAuth_1)),n_18)) at {295} in copy a_12 received at {125} in copy a_15

event user_authenticated(uid_13) at {141} in copy a_15

event access_count(c2) at {150} in copy a_15

out(auth_net, Cipher(aenc_internal(AuthRequestPlain(today,c2,Credential(mac(uid_13,skAuth_1),uid_13)),n_17,pk(skAuth_1)),n_17)) at {295} in copy a_11 received at {151} in copy a_15

event user_authenticated(uid_13) at {167} in copy a_15

event access_count(c3) at {175} in copy a_15

out(auth_net, Cipher(aenc_internal(AuthRequestPlain(today,c1,Credential(mac(uid_13,skAuth_1),uid_13)),n_16,pk(skAuth_1)),n_16)) at {295} in copy a_10 received at {176} in copy a_15

event user_authenticated(uid_13) at {192} in copy a_15

event access_count(c4) at {199} in copy a_15

out(auth_net, Cipher(aenc_internal(AuthRequestPlain(today,c0,Credential(mac(uid_13,skAuth_1),uid_13)),n_15,pk(skAuth_1)),n_15)) at {295} in copy a_9 received at {200} in copy a_15

event user_authenticated(uid_13) at {216} in copy a_15

event access_count(c5) at {230} in copy a_15 (goal)

The event access_count(c5) is executed at {230} in copy a_15.
A trace has been found.
RESULT not event(access_count(c5)) is false.
-- Query not event(access_count(c6)) in process 1.
Translating the process into Horn clauses...
Completing...
200 rules inserted. Base: 200 rules (32 with conclusion selected). Queue: 1967 rules.
400 rules inserted. Base: 400 rules (32 with conclusion selected). Queue: 1967 rules.
600 rules inserted. Base: 600 rules (32 with conclusion selected). Queue: 1967 rules.
800 rules inserted. Base: 800 rules (32 with conclusion selected). Queue: 1967 rules.
1000 rules inserted. Base: 1000 rules (32 with conclusion selected). Queue: 1967 rules.
1200 rules inserted. Base: 1200 rules (32 with conclusion selected). Queue: 1967 rules.
1400 rules inserted. Base: 1400 rules (32 with conclusion selected). Queue: 1967 rules.
1600 rules inserted. Base: 1600 rules (32 with conclusion selected). Queue: 1967 rules.
1800 rules inserted. Base: 1800 rules (32 with conclusion selected). Queue: 1967 rules.
2000 rules inserted. Base: 2000 rules (32 with conclusion selected). Queue: 1967 rules.
2200 rules inserted. Base: 2200 rules (33 with conclusion selected). Queue: 1970 rules.
2400 rules inserted. Base: 2400 rules (33 with conclusion selected). Queue: 1970 rules.
2600 rules inserted. Base: 2600 rules (33 with conclusion selected). Queue: 1970 rules.
2800 rules inserted. Base: 2800 rules (33 with conclusion selected). Queue: 1970 rules.
3000 rules inserted. Base: 3000 rules (33 with conclusion selected). Queue: 1970 rules.
3200 rules inserted. Base: 3200 rules (33 with conclusion selected). Queue: 1970 rules.
3400 rules inserted. Base: 3400 rules (33 with conclusion selected). Queue: 1970 rules.
3600 rules inserted. Base: 3600 rules (33 with conclusion selected). Queue: 1970 rules.
3800 rules inserted. Base: 3800 rules (33 with conclusion selected). Queue: 1970 rules.
4000 rules inserted. Base: 4000 rules (35 with conclusion selected). Queue: 1961 rules.
4200 rules inserted. Base: 4200 rules (35 with conclusion selected). Queue: 1961 rules.
4400 rules inserted. Base: 4400 rules (35 with conclusion selected). Queue: 1961 rules.
4600 rules inserted. Base: 4600 rules (35 with conclusion selected). Queue: 1961 rules.
4800 rules inserted. Base: 4800 rules (35 with conclusion selected). Queue: 1961 rules.
5000 rules inserted. Base: 5000 rules (35 with conclusion selected). Queue: 1961 rules.
5200 rules inserted. Base: 5200 rules (35 with conclusion selected). Queue: 1961 rules.
5400 rules inserted. Base: 5400 rules (35 with conclusion selected). Queue: 1961 rules.
5600 rules inserted. Base: 5600 rules (35 with conclusion selected). Queue: 1961 rules.
5800 rules inserted. Base: 5800 rules (35 with conclusion selected). Queue: 1961 rules.
6000 rules inserted. Base: 5998 rules (36 with conclusion selected). Queue: 1961 rules.
6200 rules inserted. Base: 6195 rules (36 with conclusion selected). Queue: 1961 rules.
6400 rules inserted. Base: 6391 rules (36 with conclusion selected). Queue: 1961 rules.
6600 rules inserted. Base: 6588 rules (36 with conclusion selected). Queue: 1961 rules.
6800 rules inserted. Base: 6784 rules (36 with conclusion selected). Queue: 1961 rules.
7000 rules inserted. Base: 6979 rules (36 with conclusion selected). Queue: 1961 rules.
7200 rules inserted. Base: 7176 rules (36 with conclusion selected). Queue: 1961 rules.
7400 rules inserted. Base: 7372 rules (36 with conclusion selected). Queue: 1961 rules.
7600 rules inserted. Base: 7568 rules (36 with conclusion selected). Queue: 1961 rules.
7800 rules inserted. Base: 7765 rules (36 with conclusion selected). Queue: 1961 rules.
8000 rules inserted. Base: 7958 rules (38 with conclusion selected). Queue: 3230 rules.
8200 rules inserted. Base: 8146 rules (38 with conclusion selected). Queue: 3238 rules.
8400 rules inserted. Base: 8334 rules (38 with conclusion selected). Queue: 3253 rules.
8600 rules inserted. Base: 8522 rules (38 with conclusion selected). Queue: 3276 rules.
8800 rules inserted. Base: 8709 rules (38 with conclusion selected). Queue: 3276 rules.
9000 rules inserted. Base: 8897 rules (38 with conclusion selected). Queue: 3299 rules.
9200 rules inserted. Base: 9085 rules (38 with conclusion selected). Queue: 3315 rules.
9400 rules inserted. Base: 9272 rules (38 with conclusion selected). Queue: 3322 rules.
9600 rules inserted. Base: 9460 rules (38 with conclusion selected). Queue: 3365 rules.
9800 rules inserted. Base: 9648 rules (38 with conclusion selected). Queue: 3439 rules.
10000 rules inserted. Base: 9844 rules (40 with conclusion selected). Queue: 5002 rules.
10200 rules inserted. Base: 10044 rules (40 with conclusion selected). Queue: 5033 rules.
10400 rules inserted. Base: 10244 rules (40 with conclusion selected). Queue: 5068 rules.
10600 rules inserted. Base: 10444 rules (40 with conclusion selected). Queue: 5098 rules.
10800 rules inserted. Base: 10644 rules (40 with conclusion selected). Queue: 5145 rules.
11000 rules inserted. Base: 10844 rules (41 with conclusion selected). Queue: 5178 rules.
11200 rules inserted. Base: 11029 rules (41 with conclusion selected). Queue: 5212 rules.
11400 rules inserted. Base: 11177 rules (41 with conclusion selected). Queue: 5212 rules.
11600 rules inserted. Base: 11330 rules (41 with conclusion selected). Queue: 5212 rules.
11800 rules inserted. Base: 11482 rules (41 with conclusion selected). Queue: 5212 rules.
12000 rules inserted. Base: 11632 rules (41 with conclusion selected). Queue: 5212 rules.
12200 rules inserted. Base: 11786 rules (41 with conclusion selected). Queue: 5212 rules.
12400 rules inserted. Base: 11934 rules (41 with conclusion selected). Queue: 5212 rules.
12600 rules inserted. Base: 12088 rules (41 with conclusion selected). Queue: 5233 rules.
12800 rules inserted. Base: 12236 rules (41 with conclusion selected). Queue: 5307 rules.
13000 rules inserted. Base: 12397 rules (41 with conclusion selected). Queue: 5385 rules.
13200 rules inserted. Base: 12559 rules (41 with conclusion selected). Queue: 5439 rules.
13400 rules inserted. Base: 12734 rules (43 with conclusion selected). Queue: 7394 rules.
13600 rules inserted. Base: 12934 rules (43 with conclusion selected). Queue: 7440 rules.
13800 rules inserted. Base: 13134 rules (43 with conclusion selected). Queue: 7496 rules.
14000 rules inserted. Base: 13334 rules (43 with conclusion selected). Queue: 7560 rules.
14200 rules inserted. Base: 13534 rules (43 with conclusion selected). Queue: 7636 rules.
14400 rules inserted. Base: 13734 rules (43 with conclusion selected). Queue: 7707 rules.
14600 rules inserted. Base: 13934 rules (44 with conclusion selected). Queue: 7779 rules.
14800 rules inserted. Base: 14134 rules (44 with conclusion selected). Queue: 7865 rules.
15000 rules inserted. Base: 14274 rules (44 with conclusion selected). Queue: 7913 rules.
15200 rules inserted. Base: 14473 rules (44 with conclusion selected). Queue: 7943 rules.
15400 rules inserted. Base: 14654 rules (44 with conclusion selected). Queue: 8016 rules.
15600 rules inserted. Base: 14854 rules (44 with conclusion selected). Queue: 8057 rules.
15800 rules inserted. Base: 15054 rules (44 with conclusion selected). Queue: 8127 rules.
16000 rules inserted. Base: 15254 rules (45 with conclusion selected). Queue: 8194 rules.
16200 rules inserted. Base: 15454 rules (45 with conclusion selected). Queue: 8260 rules.
16400 rules inserted. Base: 15631 rules (45 with conclusion selected). Queue: 8328 rules.
16600 rules inserted. Base: 15720 rules (45 with conclusion selected). Queue: 8325 rules.
16800 rules inserted. Base: 15823 rules (45 with conclusion selected). Queue: 8322 rules.
17000 rules inserted. Base: 15916 rules (45 with conclusion selected). Queue: 8319 rules.
17200 rules inserted. Base: 16014 rules (45 with conclusion selected). Queue: 8316 rules.
17400 rules inserted. Base: 16115 rules (45 with conclusion selected). Queue: 8314 rules.
17600 rules inserted. Base: 16206 rules (45 with conclusion selected). Queue: 8311 rules.
17800 rules inserted. Base: 16316 rules (45 with conclusion selected). Queue: 8308 rules.
18000 rules inserted. Base: 16435 rules (45 with conclusion selected). Queue: 8306 rules.
18200 rules inserted. Base: 16566 rules (45 with conclusion selected). Queue: 8304 rules.
18400 rules inserted. Base: 16673 rules (45 with conclusion selected). Queue: 8302 rules.
18600 rules inserted. Base: 16766 rules (45 with conclusion selected). Queue: 8300 rules.
18800 rules inserted. Base: 16860 rules (45 with conclusion selected). Queue: 8299 rules.
19000 rules inserted. Base: 17054 rules (47 with conclusion selected). Queue: 10723 rules.
19200 rules inserted. Base: 17254 rules (48 with conclusion selected). Queue: 10801 rules.
19400 rules inserted. Base: 17454 rules (48 with conclusion selected). Queue: 10868 rules.
19600 rules inserted. Base: 17654 rules (48 with conclusion selected). Queue: 10949 rules.
19800 rules inserted. Base: 17854 rules (48 with conclusion selected). Queue: 11053 rules.
20000 rules inserted. Base: 18054 rules (48 with conclusion selected). Queue: 11161 rules.
20200 rules inserted. Base: 18254 rules (48 with conclusion selected). Queue: 11267 rules.
20400 rules inserted. Base: 18454 rules (48 with conclusion selected). Queue: 11392 rules.
20600 rules inserted. Base: 18654 rules (49 with conclusion selected). Queue: 11498 rules.
20800 rules inserted. Base: 18810 rules (49 with conclusion selected). Queue: 11576 rules.
21000 rules inserted. Base: 18934 rules (49 with conclusion selected). Queue: 11576 rules.
21200 rules inserted. Base: 19074 rules (49 with conclusion selected). Queue: 11624 rules.
21400 rules inserted. Base: 19274 rules (49 with conclusion selected). Queue: 11672 rules.
21600 rules inserted. Base: 19454 rules (49 with conclusion selected). Queue: 11780 rules.
21800 rules inserted. Base: 19654 rules (49 with conclusion selected). Queue: 11854 rules.
22000 rules inserted. Base: 19854 rules (49 with conclusion selected). Queue: 11950 rules.
22200 rules inserted. Base: 20054 rules (49 with conclusion selected). Queue: 12055 rules.
22400 rules inserted. Base: 20254 rules (51 with conclusion selected). Queue: 12158 rules.
22600 rules inserted. Base: 20454 rules (51 with conclusion selected). Queue: 12262 rules.
22800 rules inserted. Base: 20594 rules (51 with conclusion selected). Queue: 12358 rules.
23000 rules inserted. Base: 20702 rules (51 with conclusion selected). Queue: 12358 rules.
23200 rules inserted. Base: 20826 rules (51 with conclusion selected). Queue: 12360 rules.
23400 rules inserted. Base: 21002 rules (51 with conclusion selected). Queue: 12428 rules.
23600 rules inserted. Base: 21178 rules (51 with conclusion selected). Queue: 12468 rules.
23800 rules inserted. Base: 21370 rules (51 with conclusion selected). Queue: 12548 rules.
24000 rules inserted. Base: 21562 rules (51 with conclusion selected). Queue: 12639 rules.
24200 rules inserted. Base: 21758 rules (51 with conclusion selected). Queue: 12711 rules.
24400 rules inserted. Base: 21958 rules (52 with conclusion selected). Queue: 12815 rules.
24600 rules inserted. Base: 22158 rules (52 with conclusion selected). Queue: 12908 rules.
24800 rules inserted. Base: 22245 rules (52 with conclusion selected). Queue: 12957 rules.
25000 rules inserted. Base: 22245 rules (52 with conclusion selected). Queue: 12957 rules.
25200 rules inserted. Base: 22245 rules (52 with conclusion selected). Queue: 12957 rules.
25400 rules inserted. Base: 22245 rules (52 with conclusion selected). Queue: 12957 rules.
25600 rules inserted. Base: 22245 rules (52 with conclusion selected). Queue: 12957 rules.
25800 rules inserted. Base: 22245 rules (52 with conclusion selected). Queue: 12957 rules.
26000 rules inserted. Base: 22245 rules (52 with conclusion selected). Queue: 12957 rules.
26200 rules inserted. Base: 22245 rules (52 with conclusion selected). Queue: 12957 rules.
26400 rules inserted. Base: 22245 rules (52 with conclusion selected). Queue: 12957 rules.
26600 rules inserted. Base: 22245 rules (52 with conclusion selected). Queue: 12957 rules.
26800 rules inserted. Base: 22245 rules (52 with conclusion selected). Queue: 12957 rules.
27000 rules inserted. Base: 22245 rules (52 with conclusion selected). Queue: 12957 rules.
27200 rules inserted. Base: 22334 rules (55 with conclusion selected). Queue: 16260 rules.
27400 rules inserted. Base: 22534 rules (56 with conclusion selected). Queue: 16354 rules.
27600 rules inserted. Base: 22734 rules (56 with conclusion selected). Queue: 16469 rules.
27800 rules inserted. Base: 22934 rules (57 with conclusion selected). Queue: 16497 rules.
28000 rules inserted. Base: 23134 rules (57 with conclusion selected). Queue: 16615 rules.
28200 rules inserted. Base: 23334 rules (57 with conclusion selected). Queue: 16695 rules.
28400 rules inserted. Base: 23534 rules (57 with conclusion selected). Queue: 16837 rules.
28600 rules inserted. Base: 23734 rules (57 with conclusion selected). Queue: 16951 rules.
28800 rules inserted. Base: 23934 rules (57 with conclusion selected). Queue: 17095 rules.
29000 rules inserted. Base: 24134 rules (57 with conclusion selected). Queue: 17251 rules.
29200 rules inserted. Base: 24334 rules (57 with conclusion selected). Queue: 17409 rules.
29400 rules inserted. Base: 24534 rules (58 with conclusion selected). Queue: 17558 rules.
29600 rules inserted. Base: 24647 rules (58 with conclusion selected). Queue: 17656 rules.
29800 rules inserted. Base: 24790 rules (60 with conclusion selected). Queue: 17745 rules.
30000 rules inserted. Base: 24954 rules (60 with conclusion selected). Queue: 17797 rules.
30200 rules inserted. Base: 25041 rules (60 with conclusion selected). Queue: 17797 rules.
30400 rules inserted. Base: 25234 rules (60 with conclusion selected). Queue: 17845 rules.
30600 rules inserted. Base: 25374 rules (60 with conclusion selected). Queue: 17893 rules.
30800 rules inserted. Base: 25574 rules (60 with conclusion selected). Queue: 17976 rules.
31000 rules inserted. Base: 25754 rules (60 with conclusion selected). Queue: 18111 rules.
31200 rules inserted. Base: 25954 rules (60 with conclusion selected). Queue: 18225 rules.
31400 rules inserted. Base: 26154 rules (60 with conclusion selected). Queue: 18358 rules.
31600 rules inserted. Base: 26354 rules (60 with conclusion selected). Queue: 18501 rules.
31800 rules inserted. Base: 26554 rules (61 with conclusion selected). Queue: 18648 rules.
32000 rules inserted. Base: 26754 rules (62 with conclusion selected). Queue: 18791 rules.
32200 rules inserted. Base: 26954 rules (63 with conclusion selected). Queue: 18941 rules.
32400 rules inserted. Base: 27038 rules (63 with conclusion selected). Queue: 19019 rules.
32600 rules inserted. Base: 27038 rules (63 with conclusion selected). Queue: 19019 rules.
32800 rules inserted. Base: 27122 rules (63 with conclusion selected). Queue: 19019 rules.
33000 rules inserted. Base: 27262 rules (63 with conclusion selected). Queue: 19019 rules.
33200 rules inserted. Base: 27414 rules (63 with conclusion selected). Queue: 19063 rules.
33400 rules inserted. Base: 27578 rules (63 with conclusion selected). Queue: 19131 rules.
33600 rules inserted. Base: 27766 rules (63 with conclusion selected). Queue: 19221 rules.
33800 rules inserted. Base: 27950 rules (63 with conclusion selected). Queue: 19288 rules.
34000 rules inserted. Base: 28142 rules (63 with conclusion selected). Queue: 19397 rules.
34200 rules inserted. Base: 28338 rules (63 with conclusion selected). Queue: 19538 rules.
34400 rules inserted. Base: 28534 rules (64 with conclusion selected). Queue: 19625 rules.
34600 rules inserted. Base: 28734 rules (65 with conclusion selected). Queue: 19770 rules.
34800 rules inserted. Base: 28934 rules (67 with conclusion selected). Queue: 19906 rules.
35000 rules inserted. Base: 29134 rules (67 with conclusion selected). Queue: 20042 rules.
35200 rules inserted. Base: 29292 rules (67 with conclusion selected). Queue: 20121 rules.
35400 rules inserted. Base: 29292 rules (67 with conclusion selected). Queue: 20121 rules.
35600 rules inserted. Base: 29356 rules (67 with conclusion selected). Queue: 20101 rules.
35800 rules inserted. Base: 29456 rules (67 with conclusion selected). Queue: 20101 rules.
36000 rules inserted. Base: 29580 rules (67 with conclusion selected). Queue: 20101 rules.
36200 rules inserted. Base: 29716 rules (67 with conclusion selected). Queue: 20129 rules.
36400 rules inserted. Base: 29879 rules (67 with conclusion selected). Queue: 20193 rules.
36600 rules inserted. Base: 30061 rules (67 with conclusion selected). Queue: 20271 rules.
36800 rules inserted. Base: 30241 rules (67 with conclusion selected). Queue: 20330 rules.
37000 rules inserted. Base: 30433 rules (67 with conclusion selected). Queue: 20423 rules.
37200 rules inserted. Base: 30628 rules (68 with conclusion selected). Queue: 20543 rules.
37400 rules inserted. Base: 30823 rules (68 with conclusion selected). Queue: 20682 rules.
37600 rules inserted. Base: 31019 rules (68 with conclusion selected). Queue: 20764 rules.
37800 rules inserted. Base: 31102 rules (68 with conclusion selected). Queue: 20780 rules.
38000 rules inserted. Base: 31146 rules (68 with conclusion selected). Queue: 20769 rules.
38200 rules inserted. Base: 31196 rules (68 with conclusion selected). Queue: 20756 rules.
38400 rules inserted. Base: 31240 rules (68 with conclusion selected). Queue: 20745 rules.
38600 rules inserted. Base: 31289 rules (68 with conclusion selected). Queue: 20733 rules.
38800 rules inserted. Base: 31334 rules (68 with conclusion selected). Queue: 20722 rules.
39000 rules inserted. Base: 31380 rules (68 with conclusion selected). Queue: 20710 rules.
39200 rules inserted. Base: 31416 rules (68 with conclusion selected). Queue: 20701 rules.
39400 rules inserted. Base: 31450 rules (68 with conclusion selected). Queue: 20693 rules.
39600 rules inserted. Base: 31476 rules (68 with conclusion selected). Queue: 20686 rules.
39800 rules inserted. Base: 31505 rules (68 with conclusion selected). Queue: 20679 rules.
40000 rules inserted. Base: 31533 rules (68 with conclusion selected). Queue: 20672 rules.
40200 rules inserted. Base: 31674 rules (71 with conclusion selected). Queue: 25382 rules.
40400 rules inserted. Base: 31874 rules (73 with conclusion selected). Queue: 25493 rules.
40600 rules inserted. Base: 32074 rules (73 with conclusion selected). Queue: 25609 rules.
40800 rules inserted. Base: 32274 rules (74 with conclusion selected). Queue: 25785 rules.
41000 rules inserted. Base: 32474 rules (76 with conclusion selected). Queue: 25914 rules.
41200 rules inserted. Base: 32674 rules (77 with conclusion selected). Queue: 26037 rules.
41400 rules inserted. Base: 32874 rules (77 with conclusion selected). Queue: 26195 rules.
41600 rules inserted. Base: 33074 rules (78 with conclusion selected). Queue: 26227 rules.
41800 rules inserted. Base: 33274 rules (78 with conclusion selected). Queue: 26387 rules.
42000 rules inserted. Base: 33474 rules (78 with conclusion selected). Queue: 26486 rules.
42200 rules inserted. Base: 33674 rules (78 with conclusion selected). Queue: 26667 rules.
42400 rules inserted. Base: 33874 rules (78 with conclusion selected). Queue: 26807 rules.
42600 rules inserted. Base: 34074 rules (78 with conclusion selected). Queue: 26990 rules.
42800 rules inserted. Base: 34274 rules (78 with conclusion selected). Queue: 27187 rules.
43000 rules inserted. Base: 34474 rules (78 with conclusion selected). Queue: 27382 rules.
43200 rules inserted. Base: 34674 rules (78 with conclusion selected). Queue: 27582 rules.
43400 rules inserted. Base: 34874 rules (80 with conclusion selected). Queue: 27759 rules.
43600 rules inserted. Base: 35055 rules (81 with conclusion selected). Queue: 27846 rules.
43800 rules inserted. Base: 35202 rules (84 with conclusion selected). Queue: 27955 rules.
44000 rules inserted. Base: 35390 rules (84 with conclusion selected). Queue: 28074 rules.
44200 rules inserted. Base: 35430 rules (84 with conclusion selected). Queue: 28074 rules.
44400 rules inserted. Base: 35598 rules (87 with conclusion selected). Queue: 28220 rules.
44600 rules inserted. Base: 35762 rules (87 with conclusion selected). Queue: 28302 rules.
44800 rules inserted. Base: 35921 rules (87 with conclusion selected). Queue: 28302 rules.
45000 rules inserted. Base: 36042 rules (87 with conclusion selected). Queue: 28326 rules.
45200 rules inserted. Base: 36242 rules (87 with conclusion selected). Queue: 28410 rules.
45400 rules inserted. Base: 36382 rules (87 with conclusion selected). Queue: 28499 rules.
45600 rules inserted. Base: 36582 rules (87 with conclusion selected). Queue: 28646 rules.
45800 rules inserted. Base: 36762 rules (87 with conclusion selected). Queue: 28783 rules.
46000 rules inserted. Base: 36962 rules (87 with conclusion selected). Queue: 28947 rules.
46200 rules inserted. Base: 37162 rules (87 with conclusion selected). Queue: 29131 rules.
46400 rules inserted. Base: 37362 rules (87 with conclusion selected). Queue: 29318 rules.
46600 rules inserted. Base: 37562 rules (87 with conclusion selected). Queue: 29506 rules.
46800 rules inserted. Base: 37762 rules (89 with conclusion selected). Queue: 29700 rules.
47000 rules inserted. Base: 37962 rules (90 with conclusion selected). Queue: 29897 rules.
47200 rules inserted. Base: 38131 rules (91 with conclusion selected). Queue: 30062 rules.
47400 rules inserted. Base: 38218 rules (93 with conclusion selected). Queue: 30132 rules.
47600 rules inserted. Base: 38409 rules (95 with conclusion selected). Queue: 30236 rules.
47800 rules inserted. Base: 38498 rules (95 with conclusion selected). Queue: 30240 rules.
48000 rules inserted. Base: 38498 rules (95 with conclusion selected). Queue: 30240 rules.
48200 rules inserted. Base: 38550 rules (95 with conclusion selected). Queue: 30240 rules.
48400 rules inserted. Base: 38642 rules (95 with conclusion selected). Queue: 30240 rules.
48600 rules inserted. Base: 38770 rules (95 with conclusion selected). Queue: 30240 rules.
48800 rules inserted. Base: 38922 rules (95 with conclusion selected). Queue: 30274 rules.
49000 rules inserted. Base: 39098 rules (95 with conclusion selected). Queue: 30358 rules.
49200 rules inserted. Base: 39274 rules (95 with conclusion selected). Queue: 30434 rules.
49400 rules inserted. Base: 39462 rules (95 with conclusion selected). Queue: 30526 rules.
49600 rules inserted. Base: 39646 rules (95 with conclusion selected). Queue: 30654 rules.
49800 rules inserted. Base: 39842 rules (95 with conclusion selected). Queue: 30806 rules.
50000 rules inserted. Base: 40038 rules (95 with conclusion selected). Queue: 30946 rules.
50200 rules inserted. Base: 40234 rules (95 with conclusion selected). Queue: 31100 rules.
50400 rules inserted. Base: 40430 rules (96 with conclusion selected). Queue: 31270 rules.
50600 rules inserted. Base: 40630 rules (98 with conclusion selected). Queue: 31454 rules.
50800 rules inserted. Base: 40830 rules (101 with conclusion selected). Queue: 31634 rules.
51000 rules inserted. Base: 41030 rules (103 with conclusion selected). Queue: 31819 rules.
51200 rules inserted. Base: 41230 rules (104 with conclusion selected). Queue: 32007 rules.
51400 rules inserted. Base: 41333 rules (104 with conclusion selected). Queue: 32107 rules.
51600 rules inserted. Base: 41333 rules (104 with conclusion selected). Queue: 32107 rules.
51800 rules inserted. Base: 41393 rules (104 with conclusion selected). Queue: 32107 rules.
52000 rules inserted. Base: 41393 rules (104 with conclusion selected). Queue: 32107 rules.
52200 rules inserted. Base: 41461 rules (104 with conclusion selected). Queue: 32107 rules.
52400 rules inserted. Base: 41589 rules (104 with conclusion selected). Queue: 32087 rules.
52600 rules inserted. Base: 41694 rules (104 with conclusion selected). Queue: 32087 rules.
52800 rules inserted. Base: 41834 rules (104 with conclusion selected). Queue: 32087 rules.
53000 rules inserted. Base: 41971 rules (104 with conclusion selected). Queue: 32100 rules.
53200 rules inserted. Base: 42150 rules (104 with conclusion selected). Queue: 32176 rules.
53400 rules inserted. Base: 42323 rules (104 with conclusion selected). Queue: 32249 rules.
53600 rules inserted. Base: 42496 rules (104 with conclusion selected). Queue: 32336 rules.
53800 rules inserted. Base: 42684 rules (104 with conclusion selected). Queue: 32420 rules.
54000 rules inserted. Base: 42866 rules (104 with conclusion selected). Queue: 32537 rules.
54200 rules inserted. Base: 43062 rules (105 with conclusion selected). Queue: 32680 rules.
54400 rules inserted. Base: 43258 rules (106 with conclusion selected). Queue: 32826 rules.
54600 rules inserted. Base: 43455 rules (108 with conclusion selected). Queue: 32966 rules.
54800 rules inserted. Base: 43652 rules (111 with conclusion selected). Queue: 33109 rules.
55000 rules inserted. Base: 43849 rules (112 with conclusion selected). Queue: 33268 rules.
55200 rules inserted. Base: 44046 rules (112 with conclusion selected). Queue: 33446 rules.
55400 rules inserted. Base: 44149 rules (112 with conclusion selected). Queue: 33404 rules.
55600 rules inserted. Base: 44149 rules (112 with conclusion selected). Queue: 33404 rules.
55800 rules inserted. Base: 44191 rules (112 with conclusion selected). Queue: 33392 rules.
56000 rules inserted. Base: 44203 rules (112 with conclusion selected). Queue: 33392 rules.
56200 rules inserted. Base: 44228 rules (112 with conclusion selected). Queue: 33391 rules.
56400 rules inserted. Base: 44345 rules (112 with conclusion selected). Queue: 33381 rules.
56600 rules inserted. Base: 44464 rules (112 with conclusion selected). Queue: 33377 rules.
56800 rules inserted. Base: 44578 rules (112 with conclusion selected). Queue: 33377 rules.
57000 rules inserted. Base: 44722 rules (112 with conclusion selected). Queue: 33373 rules.
57200 rules inserted. Base: 44856 rules (112 with conclusion selected). Queue: 33378 rules.
57400 rules inserted. Base: 45029 rules (112 with conclusion selected). Queue: 33447 rules.
57600 rules inserted. Base: 45205 rules (112 with conclusion selected). Queue: 33520 rules.
57800 rules inserted. Base: 45381 rules (112 with conclusion selected). Queue: 33588 rules.
58000 rules inserted. Base: 45561 rules (112 with conclusion selected). Queue: 33669 rules.
58200 rules inserted. Base: 45749 rules (113 with conclusion selected). Queue: 33753 rules.
58400 rules inserted. Base: 45931 rules (113 with conclusion selected). Queue: 33867 rules.
58600 rules inserted. Base: 45964 rules (113 with conclusion selected). Queue: 33897 rules.
58800 rules inserted. Base: 45964 rules (113 with conclusion selected). Queue: 33897 rules.
59000 rules inserted. Base: 45964 rules (113 with conclusion selected). Queue: 33897 rules.
59200 rules inserted. Base: 45964 rules (113 with conclusion selected). Queue: 33897 rules.
59400 rules inserted. Base: 45964 rules (113 with conclusion selected). Queue: 33897 rules.
59600 rules inserted. Base: 45964 rules (113 with conclusion selected). Queue: 33897 rules.
59800 rules inserted. Base: 45964 rules (113 with conclusion selected). Queue: 33897 rules.
60000 rules inserted. Base: 45964 rules (113 with conclusion selected). Queue: 33897 rules.
60200 rules inserted. Base: 45965 rules (113 with conclusion selected). Queue: 33897 rules.
60400 rules inserted. Base: 46009 rules (113 with conclusion selected). Queue: 33897 rules.
60600 rules inserted. Base: 46054 rules (113 with conclusion selected). Queue: 33897 rules.
60800 rules inserted. Base: 46146 rules (115 with conclusion selected). Queue: 33897 rules.
61000 rules inserted. Base: 46346 rules (119 with conclusion selected). Queue: 33973 rules.
61200 rules inserted. Base: 46546 rules (119 with conclusion selected). Queue: 34111 rules.
61400 rules inserted. Base: 46746 rules (122 with conclusion selected). Queue: 34239 rules.
61600 rules inserted. Base: 46946 rules (122 with conclusion selected). Queue: 34376 rules.
61800 rules inserted. Base: 47146 rules (125 with conclusion selected). Queue: 34501 rules.
62000 rules inserted. Base: 47346 rules (125 with conclusion selected). Queue: 34626 rules.
62200 rules inserted. Base: 47546 rules (129 with conclusion selected). Queue: 34763 rules.
62400 rules inserted. Base: 47746 rules (131 with conclusion selected). Queue: 34867 rules.
62600 rules inserted. Base: 47946 rules (131 with conclusion selected). Queue: 35013 rules.
62800 rules inserted. Base: 48146 rules (132 with conclusion selected). Queue: 35159 rules.
63000 rules inserted. Base: 48346 rules (134 with conclusion selected). Queue: 35288 rules.
63200 rules inserted. Base: 48546 rules (135 with conclusion selected). Queue: 35411 rules.
63400 rules inserted. Base: 48746 rules (135 with conclusion selected). Queue: 35581 rules.
63600 rules inserted. Base: 48946 rules (135 with conclusion selected). Queue: 35605 rules.
63800 rules inserted. Base: 49146 rules (136 with conclusion selected). Queue: 35776 rules.
64000 rules inserted. Base: 49346 rules (136 with conclusion selected). Queue: 35920 rules.
64200 rules inserted. Base: 49546 rules (136 with conclusion selected). Queue: 36041 rules.
64400 rules inserted. Base: 49746 rules (136 with conclusion selected). Queue: 36181 rules.
64600 rules inserted. Base: 49946 rules (136 with conclusion selected). Queue: 36381 rules.
64800 rules inserted. Base: 50146 rules (136 with conclusion selected). Queue: 36561 rules.
65000 rules inserted. Base: 50346 rules (136 with conclusion selected). Queue: 36761 rules.
65200 rules inserted. Base: 50546 rules (136 with conclusion selected). Queue: 36956 rules.
65400 rules inserted. Base: 50746 rules (138 with conclusion selected). Queue: 37123 rules.
65600 rules inserted. Base: 50909 rules (139 with conclusion selected). Queue: 37188 rules.
65800 rules inserted. Base: 51048 rules (142 with conclusion selected). Queue: 37241 rules.
66000 rules inserted. Base: 51236 rules (145 with conclusion selected). Queue: 37359 rules.
66200 rules inserted. Base: 51379 rules (145 with conclusion selected). Queue: 37398 rules.
66400 rules inserted. Base: 51564 rules (149 with conclusion selected). Queue: 37555 rules.
66600 rules inserted. Base: 51739 rules (149 with conclusion selected). Queue: 37658 rules.
66800 rules inserted. Base: 51892 rules (153 with conclusion selected). Queue: 37726 rules.
67000 rules inserted. Base: 52080 rules (155 with conclusion selected). Queue: 37846 rules.
67200 rules inserted. Base: 52220 rules (156 with conclusion selected). Queue: 37904 rules.
67400 rules inserted. Base: 52420 rules (159 with conclusion selected). Queue: 38067 rules.
67600 rules inserted. Base: 52577 rules (159 with conclusion selected). Queue: 38128 rules.
67800 rules inserted. Base: 52616 rules (160 with conclusion selected). Queue: 38164 rules.
68000 rules inserted. Base: 52816 rules (163 with conclusion selected). Queue: 38327 rules.
68200 rules inserted. Base: 52980 rules (163 with conclusion selected). Queue: 38388 rules.
68400 rules inserted. Base: 53165 rules (163 with conclusion selected). Queue: 38388 rules.
68600 rules inserted. Base: 53260 rules (163 with conclusion selected). Queue: 38424 rules.
68800 rules inserted. Base: 53460 rules (163 with conclusion selected). Queue: 38520 rules.
69000 rules inserted. Base: 53600 rules (163 with conclusion selected). Queue: 38583 rules.
69200 rules inserted. Base: 53800 rules (163 with conclusion selected). Queue: 38711 rules.
69400 rules inserted. Base: 54000 rules (163 with conclusion selected). Queue: 38887 rules.
69600 rules inserted. Base: 54180 rules (163 with conclusion selected). Queue: 39019 rules.
69800 rules inserted. Base: 54380 rules (163 with conclusion selected). Queue: 39195 rules.
70000 rules inserted. Base: 54580 rules (163 with conclusion selected). Queue: 39379 rules.
70200 rules inserted. Base: 54780 rules (163 with conclusion selected). Queue: 39563 rules.
70400 rules inserted. Base: 54980 rules (163 with conclusion selected). Queue: 39750 rules.
70600 rules inserted. Base: 55180 rules (165 with conclusion selected). Queue: 39944 rules.
70800 rules inserted. Base: 55380 rules (166 with conclusion selected). Queue: 40141 rules.
71000 rules inserted. Base: 55580 rules (167 with conclusion selected). Queue: 40338 rules.
71200 rules inserted. Base: 55771 rules (172 with conclusion selected). Queue: 40421 rules.
71400 rules inserted. Base: 55927 rules (172 with conclusion selected). Queue: 40436 rules.
71600 rules inserted. Base: 56014 rules (175 with conclusion selected). Queue: 40491 rules.
71800 rules inserted. Base: 56211 rules (181 with conclusion selected). Queue: 40623 rules.
72000 rules inserted. Base: 56384 rules (181 with conclusion selected). Queue: 40675 rules.
72200 rules inserted. Base: 56432 rules (181 with conclusion selected). Queue: 40675 rules.
72400 rules inserted. Base: 56526 rules (185 with conclusion selected). Queue: 40745 rules.
72600 rules inserted. Base: 56720 rules (190 with conclusion selected). Queue: 40869 rules.
72800 rules inserted. Base: 56895 rules (190 with conclusion selected). Queue: 40914 rules.
73000 rules inserted. Base: 56923 rules (190 with conclusion selected). Queue: 40914 rules.
73200 rules inserted. Base: 56923 rules (190 with conclusion selected). Queue: 40914 rules.
73400 rules inserted. Base: 57022 rules (190 with conclusion selected). Queue: 40914 rules.
73600 rules inserted. Base: 57139 rules (190 with conclusion selected). Queue: 40914 rules.
73800 rules inserted. Base: 57247 rules (190 with conclusion selected). Queue: 40914 rules.
74000 rules inserted. Base: 57394 rules (190 with conclusion selected). Queue: 40929 rules.
74200 rules inserted. Base: 57570 rules (190 with conclusion selected). Queue: 41021 rules.
74400 rules inserted. Base: 57746 rules (190 with conclusion selected). Queue: 41110 rules.
74600 rules inserted. Base: 57922 rules (190 with conclusion selected). Queue: 41185 rules.
74800 rules inserted. Base: 58098 rules (190 with conclusion selected). Queue: 41277 rules.
75000 rules inserted. Base: 58286 rules (190 with conclusion selected). Queue: 41381 rules.
75200 rules inserted. Base: 58482 rules (190 with conclusion selected). Queue: 41531 rules.
75400 rules inserted. Base: 58678 rules (190 with conclusion selected). Queue: 41693 rules.
75600 rules inserted. Base: 58874 rules (190 with conclusion selected). Queue: 41843 rules.
75800 rules inserted. Base: 59070 rules (190 with conclusion selected). Queue: 41989 rules.
76000 rules inserted. Base: 59270 rules (190 with conclusion selected). Queue: 42147 rules.
76200 rules inserted. Base: 59466 rules (192 with conclusion selected). Queue: 42320 rules.
76400 rules inserted. Base: 59666 rules (195 with conclusion selected). Queue: 42503 rules.
76600 rules inserted. Base: 59866 rules (198 with conclusion selected). Queue: 42685 rules.
76800 rules inserted. Base: 60066 rules (200 with conclusion selected). Queue: 42872 rules.
77000 rules inserted. Base: 60266 rules (202 with conclusion selected). Queue: 43059 rules.
77200 rules inserted. Base: 60466 rules (205 with conclusion selected). Queue: 43243 rules.
77400 rules inserted. Base: 60521 rules (207 with conclusion selected). Queue: 43284 rules.
77600 rules inserted. Base: 60713 rules (213 with conclusion selected). Queue: 43363 rules.
77800 rules inserted. Base: 60876 rules (214 with conclusion selected). Queue: 43378 rules.
78000 rules inserted. Base: 60946 rules (214 with conclusion selected). Queue: 43363 rules.
78200 rules inserted. Base: 60962 rules (214 with conclusion selected). Queue: 43363 rules.
78400 rules inserted. Base: 60962 rules (214 with conclusion selected). Queue: 43363 rules.
78600 rules inserted. Base: 60982 rules (214 with conclusion selected). Queue: 43363 rules.
78800 rules inserted. Base: 61022 rules (214 with conclusion selected). Queue: 43363 rules.
79000 rules inserted. Base: 61059 rules (214 with conclusion selected). Queue: 43363 rules.
79200 rules inserted. Base: 61180 rules (214 with conclusion selected). Queue: 43363 rules.
79400 rules inserted. Base: 61320 rules (214 with conclusion selected). Queue: 43343 rules.
79600 rules inserted. Base: 61446 rules (214 with conclusion selected). Queue: 43343 rules.
79800 rules inserted. Base: 61562 rules (214 with conclusion selected). Queue: 43343 rules.
80000 rules inserted. Base: 61704 rules (214 with conclusion selected). Queue: 43343 rules.
80200 rules inserted. Base: 61868 rules (214 with conclusion selected). Queue: 43381 rules.
80400 rules inserted. Base: 62047 rules (214 with conclusion selected). Queue: 43467 rules.
80600 rules inserted. Base: 62232 rules (214 with conclusion selected). Queue: 43543 rules.
80800 rules inserted. Base: 62408 rules (214 with conclusion selected). Queue: 43635 rules.
81000 rules inserted. Base: 62587 rules (214 with conclusion selected). Queue: 43723 rules.
81200 rules inserted. Base: 62769 rules (214 with conclusion selected). Queue: 43799 rules.
81400 rules inserted. Base: 62957 rules (214 with conclusion selected). Queue: 43899 rules.
81600 rules inserted. Base: 63145 rules (214 with conclusion selected). Queue: 43991 rules.
81800 rules inserted. Base: 63340 rules (217 with conclusion selected). Queue: 44117 rules.
82000 rules inserted. Base: 63537 rules (219 with conclusion selected). Queue: 44274 rules.
82200 rules inserted. Base: 63735 rules (222 with conclusion selected). Queue: 44421 rules.
82400 rules inserted. Base: 63932 rules (224 with conclusion selected). Queue: 44577 rules.
82600 rules inserted. Base: 64130 rules (226 with conclusion selected). Queue: 44736 rules.
82800 rules inserted. Base: 64328 rules (231 with conclusion selected). Queue: 44878 rules.
83000 rules inserted. Base: 64526 rules (233 with conclusion selected). Queue: 45034 rules.
83200 rules inserted. Base: 64724 rules (237 with conclusion selected). Queue: 45191 rules.
83400 rules inserted. Base: 64922 rules (240 with conclusion selected). Queue: 45350 rules.
83600 rules inserted. Base: 65052 rules (241 with conclusion selected). Queue: 45351 rules.
83800 rules inserted. Base: 65076 rules (241 with conclusion selected). Queue: 45351 rules.
84000 rules inserted. Base: 65160 rules (241 with conclusion selected). Queue: 45291 rules.
84200 rules inserted. Base: 65170 rules (241 with conclusion selected). Queue: 45286 rules.
84400 rules inserted. Base: 65196 rules (241 with conclusion selected). Queue: 45279 rules.
84600 rules inserted. Base: 65236 rules (241 with conclusion selected). Queue: 45267 rules.
84800 rules inserted. Base: 65256 rules (241 with conclusion selected). Queue: 45267 rules.
85000 rules inserted. Base: 65268 rules (241 with conclusion selected). Queue: 45267 rules.
85200 rules inserted. Base: 65389 rules (241 with conclusion selected). Queue: 45260 rules.
85400 rules inserted. Base: 65516 rules (241 with conclusion selected). Queue: 45253 rules.
85600 rules inserted. Base: 65643 rules (241 with conclusion selected). Queue: 45250 rules.
85800 rules inserted. Base: 65781 rules (241 with conclusion selected). Queue: 45243 rules.
86000 rules inserted. Base: 65906 rules (241 with conclusion selected). Queue: 45239 rules.
86200 rules inserted. Base: 66032 rules (241 with conclusion selected). Queue: 45239 rules.
86400 rules inserted. Base: 66182 rules (241 with conclusion selected). Queue: 45235 rules.
86600 rules inserted. Base: 66348 rules (241 with conclusion selected). Queue: 45248 rules.
86800 rules inserted. Base: 66528 rules (242 with conclusion selected). Queue: 45316 rules.
87000 rules inserted. Base: 66708 rules (242 with conclusion selected). Queue: 45407 rules.
87200 rules inserted. Base: 66892 rules (243 with conclusion selected). Queue: 45483 rules.
87400 rules inserted. Base: 67073 rules (243 with conclusion selected). Queue: 45567 rules.
87600 rules inserted. Base: 67257 rules (245 with conclusion selected). Queue: 45643 rules.
87800 rules inserted. Base: 67438 rules (246 with conclusion selected). Queue: 45735 rules.
88000 rules inserted. Base: 67624 rules (249 with conclusion selected). Queue: 45805 rules.
88200 rules inserted. Base: 67808 rules (250 with conclusion selected). Queue: 45903 rules.
88400 rules inserted. Base: 67996 rules (252 with conclusion selected). Queue: 45994 rules.
88600 rules inserted. Base: 68187 rules (255 with conclusion selected). Queue: 46091 rules.
88800 rules inserted. Base: 68338 rules (257 with conclusion selected). Queue: 46107 rules.
89000 rules inserted. Base: 68419 rules (257 with conclusion selected). Queue: 46107 rules.
89200 rules inserted. Base: 68485 rules (257 with conclusion selected). Queue: 46077 rules.
89400 rules inserted. Base: 68523 rules (257 with conclusion selected). Queue: 46065 rules.
89600 rules inserted. Base: 68566 rules (257 with conclusion selected). Queue: 46038 rules.
89800 rules inserted. Base: 68602 rules (257 with conclusion selected). Queue: 46023 rules.
90000 rules inserted. Base: 68637 rules (257 with conclusion selected). Queue: 46011 rules.
90200 rules inserted. Base: 68671 rules (257 with conclusion selected). Queue: 46006 rules.
90400 rules inserted. Base: 68683 rules (257 with conclusion selected). Queue: 46006 rules.
90600 rules inserted. Base: 68738 rules (257 with conclusion selected). Queue: 45999 rules.
90800 rules inserted. Base: 68868 rules (257 with conclusion selected). Queue: 45996 rules.
91000 rules inserted. Base: 68991 rules (257 with conclusion selected). Queue: 45988 rules.
91200 rules inserted. Base: 69125 rules (257 with conclusion selected). Queue: 45982 rules.
91400 rules inserted. Base: 69261 rules (257 with conclusion selected). Queue: 45974 rules.
91600 rules inserted. Base: 69393 rules (257 with conclusion selected). Queue: 45969 rules.
91800 rules inserted. Base: 69520 rules (257 with conclusion selected). Queue: 45968 rules.
92000 rules inserted. Base: 69662 rules (257 with conclusion selected). Queue: 45966 rules.
92200 rules inserted. Base: 69810 rules (257 with conclusion selected). Queue: 45963 rules.
92400 rules inserted. Base: 69967 rules (258 with conclusion selected). Queue: 45947 rules.
92600 rules inserted. Base: 70082 rules (258 with conclusion selected). Queue: 45908 rules.
92800 rules inserted. Base: 70192 rules (258 with conclusion selected). Queue: 45872 rules.
93000 rules inserted. Base: 70298 rules (258 with conclusion selected). Queue: 45836 rules.
93200 rules inserted. Base: 70418 rules (258 with conclusion selected). Queue: 45796 rules.
93400 rules inserted. Base: 70524 rules (258 with conclusion selected). Queue: 45761 rules.
93600 rules inserted. Base: 70634 rules (258 with conclusion selected). Queue: 45724 rules.
93800 rules inserted. Base: 70720 rules (258 with conclusion selected). Queue: 45696 rules.
94000 rules inserted. Base: 70807 rules (258 with conclusion selected). Queue: 45669 rules.
94200 rules inserted. Base: 70908 rules (258 with conclusion selected). Queue: 45625 rules.
94400 rules inserted. Base: 71019 rules (258 with conclusion selected). Queue: 45559 rules.
94600 rules inserted. Base: 71130 rules (258 with conclusion selected). Queue: 45492 rules.
94800 rules inserted. Base: 71254 rules (259 with conclusion selected). Queue: 45478 rules.
95000 rules inserted. Base: 71368 rules (262 with conclusion selected). Queue: 45475 rules.
95200 rules inserted. Base: 71568 rules (267 with conclusion selected). Queue: 45583 rules.
95400 rules inserted. Base: 71711 rules (267 with conclusion selected). Queue: 45594 rules.
95600 rules inserted. Base: 71852 rules (274 with conclusion selected). Queue: 45692 rules.
95800 rules inserted. Base: 72040 rules (276 with conclusion selected). Queue: 45797 rules.
96000 rules inserted. Base: 72186 rules (276 with conclusion selected). Queue: 45837 rules.
96200 rules inserted. Base: 72340 rules (283 with conclusion selected). Queue: 45931 rules.
96400 rules inserted. Base: 72528 rules (284 with conclusion selected). Queue: 46076 rules.
96600 rules inserted. Base: 72668 rules (284 with conclusion selected). Queue: 46117 rules.
96800 rules inserted. Base: 72840 rules (292 with conclusion selected). Queue: 46193 rules.
97000 rules inserted. Base: 73025 rules (294 with conclusion selected). Queue: 46279 rules.
97200 rules inserted. Base: 73144 rules (296 with conclusion selected). Queue: 46292 rules.
97400 rules inserted. Base: 73332 rules (300 with conclusion selected). Queue: 46424 rules.
97600 rules inserted. Base: 73496 rules (300 with conclusion selected). Queue: 46489 rules.
97800 rules inserted. Base: 73660 rules (304 with conclusion selected). Queue: 46606 rules.
98000 rules inserted. Base: 73848 rules (304 with conclusion selected). Queue: 46737 rules.
98200 rules inserted. Base: 73988 rules (307 with conclusion selected). Queue: 46782 rules.
98400 rules inserted. Base: 74176 rules (310 with conclusion selected). Queue: 46915 rules.
98600 rules inserted. Base: 74323 rules (310 with conclusion selected). Queue: 46959 rules.
98800 rules inserted. Base: 74516 rules (314 with conclusion selected). Queue: 47123 rules.
99000 rules inserted. Base: 74680 rules (314 with conclusion selected). Queue: 47219 rules.
99200 rules inserted. Base: 74719 rules (314 with conclusion selected). Queue: 47219 rules.
99400 rules inserted. Base: 74912 rules (318 with conclusion selected). Queue: 47383 rules.
99600 rules inserted. Base: 75076 rules (318 with conclusion selected). Queue: 47479 rules.
99800 rules inserted. Base: 75276 rules (318 with conclusion selected). Queue: 47479 rules.
100000 rules inserted. Base: 75356 rules (318 with conclusion selected). Queue: 47480 rules.
100200 rules inserted. Base: 75556 rules (318 with conclusion selected). Queue: 47584 rules.
100400 rules inserted. Base: 75756 rules (318 with conclusion selected). Queue: 47688 rules.
100600 rules inserted. Base: 75896 rules (318 with conclusion selected). Queue: 47780 rules.
100800 rules inserted. Base: 76096 rules (318 with conclusion selected). Queue: 47932 rules.
101000 rules inserted. Base: 76296 rules (318 with conclusion selected). Queue: 48103 rules.
101200 rules inserted. Base: 76476 rules (318 with conclusion selected). Queue: 48240 rules.
101400 rules inserted. Base: 76676 rules (318 with conclusion selected). Queue: 48432 rules.
101600 rules inserted. Base: 76876 rules (318 with conclusion selected). Queue: 48616 rules.
101800 rules inserted. Base: 77076 rules (318 with conclusion selected). Queue: 48799 rules.
102000 rules inserted. Base: 77276 rules (319 with conclusion selected). Queue: 48992 rules.
102200 rules inserted. Base: 77476 rules (321 with conclusion selected). Queue: 49186 rules.
102400 rules inserted. Base: 77676 rules (322 with conclusion selected). Queue: 49383 rules.
102600 rules inserted. Base: 77841 rules (325 with conclusion selected). Queue: 49423 rules.
102800 rules inserted. Base: 77964 rules (325 with conclusion selected). Queue: 49421 rules.
103000 rules inserted. Base: 78055 rules (329 with conclusion selected). Queue: 49456 rules.
103200 rules inserted. Base: 78246 rules (336 with conclusion selected). Queue: 49535 rules.
103400 rules inserted. Base: 78401 rules (337 with conclusion selected). Queue: 49543 rules.
103600 rules inserted. Base: 78467 rules (337 with conclusion selected). Queue: 49543 rules.
103800 rules inserted. Base: 78654 rules (347 with conclusion selected). Queue: 49677 rules.
104000 rules inserted. Base: 78845 rules (349 with conclusion selected). Queue: 49779 rules.
104200 rules inserted. Base: 79006 rules (349 with conclusion selected). Queue: 49815 rules.
104400 rules inserted. Base: 79074 rules (350 with conclusion selected). Queue: 49815 rules.
104600 rules inserted. Base: 79268 rules (360 with conclusion selected). Queue: 49885 rules.
104800 rules inserted. Base: 79438 rules (361 with conclusion selected). Queue: 49937 rules.
105000 rules inserted. Base: 79523 rules (361 with conclusion selected). Queue: 49937 rules.
105200 rules inserted. Base: 79694 rules (369 with conclusion selected). Queue: 50065 rules.
105400 rules inserted. Base: 79888 rules (373 with conclusion selected). Queue: 50168 rules.
105600 rules inserted. Base: 80046 rules (373 with conclusion selected). Queue: 50209 rules.
105800 rules inserted. Base: 80083 rules (373 with conclusion selected). Queue: 50209 rules.
106000 rules inserted. Base: 80194 rules (379 with conclusion selected). Queue: 50291 rules.
106200 rules inserted. Base: 80391 rules (385 with conclusion selected). Queue: 50410 rules.
106400 rules inserted. Base: 80570 rules (385 with conclusion selected). Queue: 50481 rules.
106600 rules inserted. Base: 80643 rules (385 with conclusion selected). Queue: 50481 rules.
106800 rules inserted. Base: 80643 rules (385 with conclusion selected). Queue: 50481 rules.
107000 rules inserted. Base: 80702 rules (385 with conclusion selected). Queue: 50481 rules.
107200 rules inserted. Base: 80811 rules (385 with conclusion selected). Queue: 50481 rules.
107400 rules inserted. Base: 80958 rules (385 with conclusion selected). Queue: 50481 rules.
107600 rules inserted. Base: 81050 rules (385 with conclusion selected). Queue: 50481 rules.
107800 rules inserted. Base: 81202 rules (385 with conclusion selected). Queue: 50521 rules.
108000 rules inserted. Base: 81378 rules (385 with conclusion selected). Queue: 50616 rules.
108200 rules inserted. Base: 81554 rules (385 with conclusion selected). Queue: 50696 rules.
108400 rules inserted. Base: 81730 rules (385 with conclusion selected). Queue: 50785 rules.
108600 rules inserted. Base: 81906 rules (385 with conclusion selected). Queue: 50865 rules.
108800 rules inserted. Base: 82103 rules (385 with conclusion selected). Queue: 50961 rules.
109000 rules inserted. Base: 82282 rules (385 with conclusion selected). Queue: 51104 rules.
109200 rules inserted. Base: 82478 rules (385 with conclusion selected). Queue: 51260 rules.
109400 rules inserted. Base: 82674 rules (385 with conclusion selected). Queue: 51416 rules.
109600 rules inserted. Base: 82870 rules (385 with conclusion selected). Queue: 51569 rules.
109800 rules inserted. Base: 83066 rules (385 with conclusion selected). Queue: 51728 rules.
110000 rules inserted. Base: 83266 rules (385 with conclusion selected). Queue: 51870 rules.
110200 rules inserted. Base: 83462 rules (387 with conclusion selected). Queue: 52040 rules.
110400 rules inserted. Base: 83662 rules (390 with conclusion selected). Queue: 52224 rules.
110600 rules inserted. Base: 83862 rules (393 with conclusion selected). Queue: 52408 rules.
110800 rules inserted. Base: 84062 rules (396 with conclusion selected). Queue: 52592 rules.
111000 rules inserted. Base: 84262 rules (399 with conclusion selected). Queue: 52777 rules.
111200 rules inserted. Base: 84462 rules (402 with conclusion selected). Queue: 52961 rules.
111400 rules inserted. Base: 84655 rules (407 with conclusion selected). Queue: 53093 rules.
111600 rules inserted. Base: 84812 rules (409 with conclusion selected). Queue: 53083 rules.
111800 rules inserted. Base: 84904 rules (409 with conclusion selected). Queue: 53066 rules.
112000 rules inserted. Base: 84993 rules (412 with conclusion selected). Queue: 53070 rules.
112200 rules inserted. Base: 85187 rules (421 with conclusion selected). Queue: 53152 rules.
112400 rules inserted. Base: 85367 rules (427 with conclusion selected). Queue: 53204 rules.
112600 rules inserted. Base: 85522 rules (427 with conclusion selected). Queue: 53195 rules.
112800 rules inserted. Base: 85579 rules (427 with conclusion selected). Queue: 53183 rules.
113000 rules inserted. Base: 85597 rules (428 with conclusion selected). Queue: 53190 rules.
113200 rules inserted. Base: 85791 rules (438 with conclusion selected). Queue: 53272 rules.
113400 rules inserted. Base: 85974 rules (445 with conclusion selected). Queue: 53329 rules.
113600 rules inserted. Base: 86126 rules (445 with conclusion selected). Queue: 53323 rules.
113800 rules inserted. Base: 86194 rules (445 with conclusion selected). Queue: 53308 rules.
114000 rules inserted. Base: 86201 rules (445 with conclusion selected). Queue: 53308 rules.
114200 rules inserted. Base: 86201 rules (445 with conclusion selected). Queue: 53308 rules.
114400 rules inserted. Base: 86201 rules (445 with conclusion selected). Queue: 53308 rules.
114600 rules inserted. Base: 86238 rules (445 with conclusion selected). Queue: 53308 rules.
114800 rules inserted. Base: 86261 rules (445 with conclusion selected). Queue: 53308 rules.
115000 rules inserted. Base: 86338 rules (445 with conclusion selected). Queue: 53308 rules.
115200 rules inserted. Base: 86466 rules (445 with conclusion selected). Queue: 53308 rules.
115400 rules inserted. Base: 86605 rules (445 with conclusion selected). Queue: 53308 rules.
115600 rules inserted. Base: 86734 rules (445 with conclusion selected). Queue: 53308 rules.
115800 rules inserted. Base: 86874 rules (445 with conclusion selected). Queue: 53288 rules.
116000 rules inserted. Base: 87002 rules (445 with conclusion selected). Queue: 53288 rules.
116200 rules inserted. Base: 87130 rules (445 with conclusion selected). Queue: 53288 rules.
116400 rules inserted. Base: 87285 rules (445 with conclusion selected). Queue: 53328 rules.
116600 rules inserted. Base: 87467 rules (445 with conclusion selected). Queue: 53412 rules.
116800 rules inserted. Base: 87652 rules (445 with conclusion selected). Queue: 53499 rules.
117000 rules inserted. Base: 87834 rules (445 with conclusion selected). Queue: 53583 rules.
117200 rules inserted. Base: 88013 rules (445 with conclusion selected). Queue: 53668 rules.
117400 rules inserted. Base: 88201 rules (445 with conclusion selected). Queue: 53756 rules.
117600 rules inserted. Base: 88386 rules (445 with conclusion selected). Queue: 53840 rules.
117800 rules inserted. Base: 88568 rules (445 with conclusion selected). Queue: 53928 rules.
118000 rules inserted. Base: 88753 rules (445 with conclusion selected). Queue: 54016 rules.
118200 rules inserted. Base: 88935 rules (445 with conclusion selected). Queue: 54104 rules.
118400 rules inserted. Base: 89125 rules (448 with conclusion selected). Queue: 54223 rules.
118600 rules inserted. Base: 89323 rules (451 with conclusion selected). Queue: 54380 rules.
118800 rules inserted. Base: 89521 rules (456 with conclusion selected). Queue: 54526 rules.
119000 rules inserted. Base: 89719 rules (460 with conclusion selected). Queue: 54678 rules.
119200 rules inserted. Base: 89917 rules (465 with conclusion selected). Queue: 54824 rules.
119400 rules inserted. Base: 90116 rules (469 with conclusion selected). Queue: 54977 rules.
119600 rules inserted. Base: 90314 rules (473 with conclusion selected). Queue: 55130 rules.
119800 rules inserted. Base: 90512 rules (477 with conclusion selected). Queue: 55281 rules.
120000 rules inserted. Base: 90711 rules (481 with conclusion selected). Queue: 55440 rules.
120200 rules inserted. Base: 90909 rules (486 with conclusion selected). Queue: 55585 rules.
120400 rules inserted. Base: 91107 rules (490 with conclusion selected). Queue: 55741 rules.
120600 rules inserted. Base: 91230 rules (493 with conclusion selected). Queue: 55811 rules.
120800 rules inserted. Base: 91361 rules (499 with conclusion selected). Queue: 55802 rules.
121000 rules inserted. Base: 91518 rules (501 with conclusion selected). Queue: 55791 rules.
121200 rules inserted. Base: 91589 rules (501 with conclusion selected). Queue: 55773 rules.
121400 rules inserted. Base: 91681 rules (501 with conclusion selected). Queue: 55732 rules.
121600 rules inserted. Base: 91794 rules (501 with conclusion selected). Queue: 55732 rules.
121800 rules inserted. Base: 91825 rules (501 with conclusion selected). Queue: 55732 rules.
122000 rules inserted. Base: 91906 rules (501 with conclusion selected). Queue: 55675 rules.
122200 rules inserted. Base: 91933 rules (501 with conclusion selected). Queue: 55672 rules.
122400 rules inserted. Base: 91965 rules (501 with conclusion selected). Queue: 55660 rules.
122600 rules inserted. Base: 91999 rules (501 with conclusion selected). Queue: 55648 rules.
122800 rules inserted. Base: 92011 rules (501 with conclusion selected). Queue: 55648 rules.
123000 rules inserted. Base: 92047 rules (501 with conclusion selected). Queue: 55636 rules.
123200 rules inserted. Base: 92071 rules (501 with conclusion selected). Queue: 55636 rules.
123400 rules inserted. Base: 92083 rules (501 with conclusion selected). Queue: 55636 rules.
123600 rules inserted. Base: 92206 rules (501 with conclusion selected). Queue: 55626 rules.
123800 rules inserted. Base: 92340 rules (501 with conclusion selected). Queue: 55626 rules.
124000 rules inserted. Base: 92478 rules (501 with conclusion selected). Queue: 55616 rules.
124200 rules inserted. Base: 92612 rules (501 with conclusion selected). Queue: 55616 rules.
124400 rules inserted. Base: 92757 rules (501 with conclusion selected). Queue: 55610 rules.
124600 rules inserted. Base: 92892 rules (501 with conclusion selected). Queue: 55606 rules.
124800 rules inserted. Base: 93027 rules (501 with conclusion selected). Queue: 55603 rules.
125000 rules inserted. Base: 93170 rules (501 with conclusion selected). Queue: 55593 rules.
125200 rules inserted. Base: 93315 rules (501 with conclusion selected). Queue: 55593 rules.
125400 rules inserted. Base: 93458 rules (501 with conclusion selected). Queue: 55589 rules.
125600 rules inserted. Base: 93591 rules (501 with conclusion selected). Queue: 55589 rules.
125800 rules inserted. Base: 93760 rules (502 with conclusion selected). Queue: 55639 rules.
126000 rules inserted. Base: 93946 rules (505 with conclusion selected). Queue: 55716 rules.
126200 rules inserted. Base: 94135 rules (508 with conclusion selected). Queue: 55814 rules.
126400 rules inserted. Base: 94321 rules (511 with conclusion selected). Queue: 55881 rules.
126600 rules inserted. Base: 94504 rules (513 with conclusion selected). Queue: 55972 rules.
126800 rules inserted. Base: 94692 rules (517 with conclusion selected). Queue: 56057 rules.
127000 rules inserted. Base: 94879 rules (519 with conclusion selected). Queue: 56131 rules.
127200 rules inserted. Base: 95065 rules (522 with conclusion selected). Queue: 56217 rules.
127400 rules inserted. Base: 95253 rules (526 with conclusion selected). Queue: 56305 rules.
127600 rules inserted. Base: 95438 rules (529 with conclusion selected). Queue: 56379 rules.
127800 rules inserted. Base: 95625 rules (531 with conclusion selected). Queue: 56471 rules.
128000 rules inserted. Base: 95818 rules (537 with conclusion selected). Queue: 56560 rules.
128200 rules inserted. Base: 96000 rules (542 with conclusion selected). Queue: 56634 rules.
128400 rules inserted. Base: 96189 rules (546 with conclusion selected). Queue: 56719 rules.
128600 rules inserted. Base: 96378 rules (550 with conclusion selected). Queue: 56814 rules.
128800 rules inserted. Base: 96551 rules (555 with conclusion selected). Queue: 56875 rules.
129000 rules inserted. Base: 96699 rules (555 with conclusion selected). Queue: 56755 rules.
129200 rules inserted. Base: 96778 rules (555 with conclusion selected). Queue: 56721 rules.
129400 rules inserted. Base: 96867 rules (555 with conclusion selected). Queue: 56707 rules.
129600 rules inserted. Base: 96935 rules (555 with conclusion selected). Queue: 56689 rules.
129800 rules inserted. Base: 96991 rules (555 with conclusion selected). Queue: 56671 rules.
130000 rules inserted. Base: 97061 rules (555 with conclusion selected). Queue: 56647 rules.
130200 rules inserted. Base: 97104 rules (555 with conclusion selected). Queue: 56624 rules.
130400 rules inserted. Base: 97144 rules (555 with conclusion selected). Queue: 56612 rules.
130600 rules inserted. Base: 97176 rules (555 with conclusion selected). Queue: 56600 rules.
130800 rules inserted. Base: 97211 rules (555 with conclusion selected). Queue: 56589 rules.
131000 rules inserted. Base: 97261 rules (555 with conclusion selected). Queue: 56570 rules.
131200 rules inserted. Base: 97294 rules (555 with conclusion selected). Queue: 56562 rules.
131400 rules inserted. Base: 97337 rules (555 with conclusion selected). Queue: 56553 rules.
131600 rules inserted. Base: 97361 rules (555 with conclusion selected). Queue: 56547 rules.
131800 rules inserted. Base: 97382 rules (555 with conclusion selected). Queue: 56545 rules.
132000 rules inserted. Base: 97516 rules (555 with conclusion selected). Queue: 56537 rules.
132200 rules inserted. Base: 97653 rules (555 with conclusion selected). Queue: 56533 rules.
132400 rules inserted. Base: 97801 rules (556 with conclusion selected). Queue: 56525 rules.
132600 rules inserted. Base: 97940 rules (556 with conclusion selected). Queue: 56520 rules.
132800 rules inserted. Base: 98088 rules (557 with conclusion selected). Queue: 56513 rules.
133000 rules inserted. Base: 98223 rules (557 with conclusion selected). Queue: 56506 rules.
133200 rules inserted. Base: 98359 rules (557 with conclusion selected). Queue: 56501 rules.
133400 rules inserted. Base: 98518 rules (559 with conclusion selected). Queue: 56493 rules.
133600 rules inserted. Base: 98659 rules (559 with conclusion selected). Queue: 56486 rules.
133800 rules inserted. Base: 98795 rules (559 with conclusion selected). Queue: 56478 rules.
134000 rules inserted. Base: 98956 rules (562 with conclusion selected). Queue: 56471 rules.
134200 rules inserted. Base: 99102 rules (564 with conclusion selected). Queue: 56467 rules.
134400 rules inserted. Base: 99244 rules (565 with conclusion selected). Queue: 56463 rules.
134600 rules inserted. Base: 99391 rules (567 with conclusion selected). Queue: 56459 rules.
134800 rules inserted. Base: 99553 rules (571 with conclusion selected). Queue: 56454 rules.
135000 rules inserted. Base: 99691 rules (571 with conclusion selected). Queue: 56376 rules.
135200 rules inserted. Base: 99792 rules (571 with conclusion selected). Queue: 56312 rules.
135400 rules inserted. Base: 99892 rules (571 with conclusion selected). Queue: 56268 rules.
135600 rules inserted. Base: 99978 rules (571 with conclusion selected). Queue: 56254 rules.
135800 rules inserted. Base: 100047 rules (571 with conclusion selected). Queue: 56231 rules.
136000 rules inserted. Base: 100115 rules (571 with conclusion selected). Queue: 56207 rules.
136200 rules inserted. Base: 100186 rules (571 with conclusion selected). Queue: 56180 rules.
136400 rules inserted. Base: 100234 rules (571 with conclusion selected). Queue: 56165 rules.
136600 rules inserted. Base: 100282 rules (571 with conclusion selected). Queue: 56145 rules.
136800 rules inserted. Base: 100317 rules (571 with conclusion selected). Queue: 56134 rules.
137000 rules inserted. Base: 100366 rules (571 with conclusion selected). Queue: 56117 rules.
137200 rules inserted. Base: 100407 rules (571 with conclusion selected). Queue: 56100 rules.
137400 rules inserted. Base: 100449 rules (571 with conclusion selected). Queue: 56088 rules.
137600 rules inserted. Base: 100494 rules (571 with conclusion selected). Queue: 56074 rules.
137800 rules inserted. Base: 100545 rules (571 with conclusion selected). Queue: 56061 rules.
138000 rules inserted. Base: 100574 rules (571 with conclusion selected). Queue: 56053 rules.
138200 rules inserted. Base: 100599 rules (571 with conclusion selected). Queue: 56049 rules.
138400 rules inserted. Base: 100610 rules (571 with conclusion selected). Queue: 56049 rules.
138600 rules inserted. Base: 100634 rules (571 with conclusion selected). Queue: 56049 rules.
138800 rules inserted. Base: 100651 rules (571 with conclusion selected). Queue: 56049 rules.
139000 rules inserted. Base: 100658 rules (571 with conclusion selected). Queue: 56049 rules.
139200 rules inserted. Base: 100682 rules (571 with conclusion selected). Queue: 56049 rules.
139400 rules inserted. Base: 100723 rules (571 with conclusion selected). Queue: 56049 rules.
139600 rules inserted. Base: 100790 rules (571 with conclusion selected). Queue: 56049 rules.
139800 rules inserted. Base: 100889 rules (571 with conclusion selected). Queue: 56025 rules.
140000 rules inserted. Base: 100955 rules (571 with conclusion selected). Queue: 56025 rules.
140200 rules inserted. Base: 101045 rules (571 with conclusion selected). Queue: 56011 rules.
140400 rules inserted. Base: 101072 rules (571 with conclusion selected). Queue: 56010 rules.
140600 rules inserted. Base: 101218 rules (576 with conclusion selected). Queue: 55990 rules.
140800 rules inserted. Base: 101382 rules (579 with conclusion selected). Queue: 55987 rules.
141000 rules inserted. Base: 101433 rules (579 with conclusion selected). Queue: 55979 rules.
141200 rules inserted. Base: 101582 rules (587 with conclusion selected). Queue: 56029 rules.
141400 rules inserted. Base: 101776 rules (596 with conclusion selected). Queue: 56112 rules.
141600 rules inserted. Base: 101926 rules (597 with conclusion selected). Queue: 56116 rules.
141800 rules inserted. Base: 102027 rules (597 with conclusion selected). Queue: 56116 rules.
142000 rules inserted. Base: 102132 rules (603 with conclusion selected). Queue: 56128 rules.
142200 rules inserted. Base: 102332 rules (613 with conclusion selected). Queue: 56275 rules.
142400 rules inserted. Base: 102520 rules (613 with conclusion selected). Queue: 56361 rules.
142600 rules inserted. Base: 102658 rules (613 with conclusion selected). Queue: 56377 rules.
142800 rules inserted. Base: 102748 rules (619 with conclusion selected). Queue: 56392 rules.
143000 rules inserted. Base: 102902 rules (627 with conclusion selected). Queue: 56398 rules.
143200 rules inserted. Base: 103050 rules (629 with conclusion selected). Queue: 56389 rules.
143400 rules inserted. Base: 103132 rules (629 with conclusion selected). Queue: 56387 rules.
143600 rules inserted. Base: 103278 rules (636 with conclusion selected). Queue: 56438 rules.
143800 rules inserted. Base: 103463 rules (641 with conclusion selected). Queue: 56509 rules.
144000 rules inserted. Base: 103612 rules (641 with conclusion selected). Queue: 56509 rules.
144200 rules inserted. Base: 103680 rules (644 with conclusion selected). Queue: 56543 rules.
144400 rules inserted. Base: 103879 rules (653 with conclusion selected). Queue: 56685 rules.
144600 rules inserted. Base: 104068 rules (653 with conclusion selected). Queue: 56773 rules.
144800 rules inserted. Base: 104190 rules (653 with conclusion selected). Queue: 56781 rules.
145000 rules inserted. Base: 104297 rules (660 with conclusion selected). Queue: 56791 rules.
145200 rules inserted. Base: 104490 rules (665 with conclusion selected). Queue: 56882 rules.
145400 rules inserted. Base: 104646 rules (665 with conclusion selected). Queue: 56903 rules.
145600 rules inserted. Base: 104720 rules (667 with conclusion selected). Queue: 56926 rules.
145800 rules inserted. Base: 104920 rules (677 with conclusion selected). Queue: 57073 rules.
146000 rules inserted. Base: 105108 rules (677 with conclusion selected). Queue: 57159 rules.
146200 rules inserted. Base: 105246 rules (677 with conclusion selected). Queue: 57175 rules.
146400 rules inserted. Base: 105246 rules (677 with conclusion selected). Queue: 57175 rules.
146600 rules inserted. Base: 105420 rules (686 with conclusion selected). Queue: 57301 rules.
146800 rules inserted. Base: 105611 rules (689 with conclusion selected). Queue: 57403 rules.
147000 rules inserted. Base: 105772 rules (689 with conclusion selected). Queue: 57447 rules.
147200 rules inserted. Base: 105806 rules (689 with conclusion selected). Queue: 57447 rules.
147400 rules inserted. Base: 105806 rules (689 with conclusion selected). Queue: 57447 rules.
147600 rules inserted. Base: 105902 rules (689 with conclusion selected). Queue: 57447 rules.
147800 rules inserted. Base: 106032 rules (689 with conclusion selected). Queue: 57447 rules.
148000 rules inserted. Base: 106184 rules (689 with conclusion selected). Queue: 57447 rules.
148200 rules inserted. Base: 106286 rules (689 with conclusion selected). Queue: 57447 rules.
148400 rules inserted. Base: 106428 rules (689 with conclusion selected). Queue: 57519 rules.
148600 rules inserted. Base: 106604 rules (689 with conclusion selected). Queue: 57615 rules.
148800 rules inserted. Base: 106780 rules (689 with conclusion selected). Queue: 57701 rules.
149000 rules inserted. Base: 106956 rules (689 with conclusion selected). Queue: 57783 rules.
149200 rules inserted. Base: 107132 rules (689 with conclusion selected). Queue: 57879 rules.
149400 rules inserted. Base: 107308 rules (689 with conclusion selected). Queue: 57969 rules.
149600 rules inserted. Base: 107507 rules (689 with conclusion selected). Queue: 58119 rules.
149800 rules inserted. Base: 107704 rules (689 with conclusion selected). Queue: 58277 rules.
150000 rules inserted. Base: 107900 rules (689 with conclusion selected). Queue: 58433 rules.
150200 rules inserted. Base: 108096 rules (689 with conclusion selected). Queue: 58589 rules.
150400 rules inserted. Base: 108292 rules (689 with conclusion selected). Queue: 58743 rules.
150600 rules inserted. Base: 108488 rules (689 with conclusion selected). Queue: 58885 rules.
150800 rules inserted. Base: 108688 rules (692 with conclusion selected). Queue: 59064 rules.
151000 rules inserted. Base: 108888 rules (695 with conclusion selected). Queue: 59248 rules.
151200 rules inserted. Base: 109088 rules (698 with conclusion selected). Queue: 59432 rules.
151400 rules inserted. Base: 109288 rules (701 with conclusion selected). Queue: 59616 rules.
151600 rules inserted. Base: 109488 rules (704 with conclusion selected). Queue: 59801 rules.
151800 rules inserted. Base: 109688 rules (707 with conclusion selected). Queue: 59985 rules.
152000 rules inserted. Base: 109821 rules (709 with conclusion selected). Queue: 60043 rules.
152200 rules inserted. Base: 109894 rules (709 with conclusion selected). Queue: 60026 rules.
152400 rules inserted. Base: 110007 rules (711 with conclusion selected). Queue: 60001 rules.
152600 rules inserted. Base: 110171 rules (717 with conclusion selected). Queue: 59990 rules.
152800 rules inserted. Base: 110333 rules (721 with conclusion selected). Queue: 59975 rules.
153000 rules inserted. Base: 110393 rules (721 with conclusion selected). Queue: 59954 rules.
153200 rules inserted. Base: 110496 rules (724 with conclusion selected). Queue: 59954 rules.
153400 rules inserted. Base: 110691 rules (735 with conclusion selected). Queue: 60035 rules.
153600 rules inserted. Base: 110880 rules (745 with conclusion selected). Queue: 60103 rules.
153800 rules inserted. Base: 111037 rules (745 with conclusion selected). Queue: 60097 rules.
154000 rules inserted. Base: 111136 rules (745 with conclusion selected). Queue: 60082 rules.
154200 rules inserted. Base: 111198 rules (745 with conclusion selected). Queue: 60072 rules.
154400 rules inserted. Base: 111365 rules (754 with conclusion selected). Queue: 60054 rules.
154600 rules inserted. Base: 111526 rules (757 with conclusion selected). Queue: 60043 rules.
154800 rules inserted. Base: 111616 rules (757 with conclusion selected). Queue: 60022 rules.
155000 rules inserted. Base: 111697 rules (759 with conclusion selected). Queue: 60027 rules.
155200 rules inserted. Base: 111891 rules (771 with conclusion selected). Queue: 60104 rules.
155400 rules inserted. Base: 112083 rules (781 with conclusion selected). Queue: 60177 rules.
155600 rules inserted. Base: 112238 rules (781 with conclusion selected). Queue: 60171 rules.
155800 rules inserted. Base: 112343 rules (781 with conclusion selected). Queue: 60156 rules.
156000 rules inserted. Base: 112376 rules (781 with conclusion selected). Queue: 60156 rules.
156200 rules inserted. Base: 112475 rules (787 with conclusion selected). Queue: 60193 rules.
156400 rules inserted. Base: 112669 rules (798 with conclusion selected). Queue: 60272 rules.
156600 rules inserted. Base: 112848 rules (805 with conclusion selected). Queue: 60317 rules.
156800 rules inserted. Base: 113002 rules (805 with conclusion selected). Queue: 60308 rules.
157000 rules inserted. Base: 113064 rules (805 with conclusion selected). Queue: 60296 rules.
157200 rules inserted. Base: 113088 rules (805 with conclusion selected). Queue: 60296 rules.
157400 rules inserted. Base: 113088 rules (805 with conclusion selected). Queue: 60296 rules.
157600 rules inserted. Base: 113088 rules (805 with conclusion selected). Queue: 60296 rules.
157800 rules inserted. Base: 113088 rules (805 with conclusion selected). Queue: 60296 rules.
158000 rules inserted. Base: 113090 rules (805 with conclusion selected). Queue: 60296 rules.
158200 rules inserted. Base: 113148 rules (805 with conclusion selected). Queue: 60296 rules.
158400 rules inserted. Base: 113276 rules (805 with conclusion selected). Queue: 60296 rules.
158600 rules inserted. Base: 113414 rules (805 with conclusion selected). Queue: 60296 rules.
158800 rules inserted. Base: 113554 rules (805 with conclusion selected). Queue: 60296 rules.
159000 rules inserted. Base: 113682 rules (805 with conclusion selected). Queue: 60296 rules.
159200 rules inserted. Base: 113798 rules (805 with conclusion selected). Queue: 60296 rules.
159400 rules inserted. Base: 113938 rules (805 with conclusion selected). Queue: 60296 rules.
159600 rules inserted. Base: 114080 rules (805 with conclusion selected). Queue: 60276 rules.
159800 rules inserted. Base: 114206 rules (805 with conclusion selected). Queue: 60284 rules.
160000 rules inserted. Base: 114388 rules (805 with conclusion selected). Queue: 60374 rules.
160200 rules inserted. Base: 114579 rules (805 with conclusion selected). Queue: 60464 rules.
160400 rules inserted. Base: 114757 rules (805 with conclusion selected). Queue: 60544 rules.
160600 rules inserted. Base: 114943 rules (805 with conclusion selected). Queue: 60634 rules.
160800 rules inserted. Base: 115125 rules (805 with conclusion selected). Queue: 60714 rules.
161000 rules inserted. Base: 115307 rules (805 with conclusion selected). Queue: 60798 rules.
161200 rules inserted. Base: 115489 rules (805 with conclusion selected). Queue: 60888 rules.
161400 rules inserted. Base: 115671 rules (805 with conclusion selected). Queue: 60974 rules.
161600 rules inserted. Base: 115862 rules (805 with conclusion selected). Queue: 61060 rules.
161800 rules inserted. Base: 116044 rules (805 with conclusion selected). Queue: 61150 rules.
162000 rules inserted. Base: 116226 rules (806 with conclusion selected). Queue: 61231 rules.
162200 rules inserted. Base: 116424 rules (810 with conclusion selected). Queue: 61383 rules.
162400 rules inserted. Base: 116623 rules (815 with conclusion selected). Queue: 61533 rules.
162600 rules inserted. Base: 116821 rules (820 with conclusion selected). Queue: 61682 rules.
162800 rules inserted. Base: 117020 rules (825 with conclusion selected). Queue: 61834 rules.
163000 rules inserted. Base: 117218 rules (830 with conclusion selected). Queue: 61981 rules.
163200 rules inserted. Base: 117416 rules (834 with conclusion selected). Queue: 62139 rules.
163400 rules inserted. Base: 117615 rules (839 with conclusion selected). Queue: 62289 rules.
163600 rules inserted. Base: 117813 rules (844 with conclusion selected). Queue: 62438 rules.
163800 rules inserted. Base: 118011 rules (849 with conclusion selected). Queue: 62587 rules.
164000 rules inserted. Base: 118210 rules (854 with conclusion selected). Queue: 62737 rules.
164200 rules inserted. Base: 118408 rules (859 with conclusion selected). Queue: 62886 rules.
164400 rules inserted. Base: 118607 rules (864 with conclusion selected). Queue: 63041 rules.
164600 rules inserted. Base: 118715 rules (865 with conclusion selected). Queue: 63050 rules.
164800 rules inserted. Base: 118793 rules (865 with conclusion selected). Queue: 63027 rules.
165000 rules inserted. Base: 118914 rules (865 with conclusion selected). Queue: 62975 rules.
165200 rules inserted. Base: 119082 rules (872 with conclusion selected). Queue: 62955 rules.
165400 rules inserted. Base: 119250 rules (879 with conclusion selected). Queue: 62941 rules.
165600 rules inserted. Base: 119385 rules (883 with conclusion selected). Queue: 62922 rules.
165800 rules inserted. Base: 119451 rules (883 with conclusion selected). Queue: 62901 rules.
166000 rules inserted. Base: 119560 rules (883 with conclusion selected). Queue: 62858 rules.
166200 rules inserted. Base: 119632 rules (885 with conclusion selected). Queue: 62854 rules.
166400 rules inserted. Base: 119799 rules (892 with conclusion selected). Queue: 62840 rules.
166600 rules inserted. Base: 119968 rules (899 with conclusion selected). Queue: 62825 rules.
166800 rules inserted. Base: 120074 rules (901 with conclusion selected). Queue: 62805 rules.
167000 rules inserted. Base: 120149 rules (901 with conclusion selected). Queue: 62783 rules.
167200 rules inserted. Base: 120225 rules (901 with conclusion selected). Queue: 62747 rules.
167400 rules inserted. Base: 120342 rules (901 with conclusion selected). Queue: 62747 rules.
167600 rules inserted. Base: 120369 rules (901 with conclusion selected). Queue: 62747 rules.
167800 rules inserted. Base: 120400 rules (901 with conclusion selected). Queue: 62747 rules.
168000 rules inserted. Base: 120477 rules (901 with conclusion selected). Queue: 62687 rules.
168200 rules inserted. Base: 120502 rules (901 with conclusion selected). Queue: 62687 rules.
168400 rules inserted. Base: 120543 rules (901 with conclusion selected). Queue: 62675 rules.
168600 rules inserted. Base: 120568 rules (901 with conclusion selected). Queue: 62668 rules.
168800 rules inserted. Base: 120591 rules (901 with conclusion selected). Queue: 62663 rules.
169000 rules inserted. Base: 120627 rules (901 with conclusion selected). Queue: 62651 rules.
169200 rules inserted. Base: 120645 rules (901 with conclusion selected). Queue: 62651 rules.
169400 rules inserted. Base: 120678 rules (901 with conclusion selected). Queue: 62639 rules.
169600 rules inserted. Base: 120707 rules (901 with conclusion selected). Queue: 62639 rules.
169800 rules inserted. Base: 120851 rules (901 with conclusion selected). Queue: 62633 rules.
170000 rules inserted. Base: 121001 rules (901 with conclusion selected). Queue: 62626 rules.
170200 rules inserted. Base: 121139 rules (901 with conclusion selected). Queue: 62623 rules.
170400 rules inserted. Base: 121278 rules (901 with conclusion selected). Queue: 62620 rules.
170600 rules inserted. Base: 121425 rules (901 with conclusion selected). Queue: 62613 rules.
170800 rules inserted. Base: 121558 rules (901 with conclusion selected). Queue: 62610 rules.
171000 rules inserted. Base: 121702 rules (901 with conclusion selected). Queue: 62603 rules.
171200 rules inserted. Base: 121846 rules (901 with conclusion selected). Queue: 62600 rules.
171400 rules inserted. Base: 121980 rules (901 with conclusion selected). Queue: 62597 rules.
171600 rules inserted. Base: 122123 rules (901 with conclusion selected). Queue: 62591 rules.
171800 rules inserted. Base: 122270 rules (901 with conclusion selected). Queue: 62587 rules.
172000 rules inserted. Base: 122411 rules (901 with conclusion selected). Queue: 62584 rules.
172200 rules inserted. Base: 122551 rules (901 with conclusion selected). Queue: 62579 rules.
172400 rules inserted. Base: 122696 rules (901 with conclusion selected). Queue: 62574 rules.
172600 rules inserted. Base: 122878 rules (905 with conclusion selected). Queue: 62645 rules.
172800 rules inserted. Base: 123068 rules (910 with conclusion selected). Queue: 62725 rules.
173000 rules inserted. Base: 123253 rules (914 with conclusion selected). Queue: 62811 rules.
173200 rules inserted. Base: 123441 rules (920 with conclusion selected). Queue: 62885 rules.
173400 rules inserted. Base: 123630 rules (924 with conclusion selected). Queue: 62970 rules.
173600 rules inserted. Base: 123819 rules (929 with conclusion selected). Queue: 63052 rules.
173800 rules inserted. Base: 124008 rules (934 with conclusion selected). Queue: 63133 rules.
174000 rules inserted. Base: 124196 rules (939 with conclusion selected). Queue: 63213 rules.
174200 rules inserted. Base: 124382 rules (943 with conclusion selected). Queue: 63295 rules.
174400 rules inserted. Base: 124570 rules (947 with conclusion selected). Queue: 63387 rules.
174600 rules inserted. Base: 124759 rules (952 with conclusion selected). Queue: 63476 rules.
174800 rules inserted. Base: 124947 rules (957 with conclusion selected). Queue: 63549 rules.
175000 rules inserted. Base: 125136 rules (962 with conclusion selected). Queue: 63637 rules.
175200 rules inserted. Base: 125325 rules (966 with conclusion selected). Queue: 63715 rules.
175400 rules inserted. Base: 125514 rules (972 with conclusion selected). Queue: 63801 rules.
175600 rules inserted. Base: 125702 rules (977 with conclusion selected). Queue: 63881 rules.
175800 rules inserted. Base: 125890 rules (983 with conclusion selected). Queue: 63963 rules.
176000 rules inserted. Base: 126078 rules (988 with conclusion selected). Queue: 64047 rules.
176200 rules inserted. Base: 126270 rules (994 with conclusion selected). Queue: 64126 rules.
176400 rules inserted. Base: 126462 rules (997 with conclusion selected). Queue: 64143 rules.
176600 rules inserted. Base: 126580 rules (997 with conclusion selected). Queue: 64124 rules.
176800 rules inserted. Base: 126658 rules (997 with conclusion selected). Queue: 64097 rules.
177000 rules inserted. Base: 126766 rules (997 with conclusion selected). Queue: 64055 rules.
177200 rules inserted. Base: 126904 rules (997 with conclusion selected). Queue: 64011 rules.
177400 rules inserted. Base: 127057 rules (997 with conclusion selected). Queue: 63891 rules.
177600 rules inserted. Base: 127144 rules (997 with conclusion selected). Queue: 63856 rules.
177800 rules inserted. Base: 127239 rules (997 with conclusion selected). Queue: 63819 rules.
178000 rules inserted. Base: 127322 rules (997 with conclusion selected). Queue: 63813 rules.
178200 rules inserted. Base: 127389 rules (997 with conclusion selected). Queue: 63789 rules.
178400 rules inserted. Base: 127441 rules (997 with conclusion selected). Queue: 63771 rules.
178600 rules inserted. Base: 127508 rules (997 with conclusion selected). Queue: 63747 rules.
178800 rules inserted. Base: 127585 rules (997 with conclusion selected). Queue: 63717 rules.
179000 rules inserted. Base: 127633 rules (997 with conclusion selected). Queue: 63705 rules.
179200 rules inserted. Base: 127679 rules (997 with conclusion selected). Queue: 63689 rules.
179400 rules inserted. Base: 127719 rules (997 with conclusion selected). Queue: 63679 rules.
179600 rules inserted. Base: 127763 rules (997 with conclusion selected). Queue: 63663 rules.
179800 rules inserted. Base: 127803 rules (997 with conclusion selected). Queue: 63653 rules.
180000 rules inserted. Base: 127847 rules (997 with conclusion selected). Queue: 63637 rules.
180200 rules inserted. Base: 127881 rules (997 with conclusion selected). Queue: 63630 rules.
180400 rules inserted. Base: 127929 rules (997 with conclusion selected). Queue: 63615 rules.
180600 rules inserted. Base: 127978 rules (997 with conclusion selected). Queue: 63597 rules.
180800 rules inserted. Base: 128019 rules (997 with conclusion selected). Queue: 63587 rules.
181000 rules inserted. Base: 128057 rules (997 with conclusion selected). Queue: 63579 rules.
181200 rules inserted. Base: 128100 rules (997 with conclusion selected). Queue: 63569 rules.
181400 rules inserted. Base: 128216 rules (998 with conclusion selected). Queue: 63560 rules.
181600 rules inserted. Base: 128369 rules (999 with conclusion selected). Queue: 63550 rules.
181800 rules inserted. Base: 128519 rules (1001 with conclusion selected). Queue: 63543 rules.
182000 rules inserted. Base: 128668 rules (1004 with conclusion selected). Queue: 63537 rules.
182200 rules inserted. Base: 128810 rules (1006 with conclusion selected). Queue: 63529 rules.
182400 rules inserted. Base: 128963 rules (1007 with conclusion selected). Queue: 63519 rules.
182600 rules inserted. Base: 129111 rules (1009 with conclusion selected). Queue: 63512 rules.
182800 rules inserted. Base: 129261 rules (1012 with conclusion selected). Queue: 63506 rules.
183000 rules inserted. Base: 129408 rules (1014 with conclusion selected). Queue: 63498 rules.
183200 rules inserted. Base: 129551 rules (1015 with conclusion selected). Queue: 63491 rules.
183400 rules inserted. Base: 129705 rules (1017 with conclusion selected). Queue: 63481 rules.
183600 rules inserted. Base: 129856 rules (1021 with conclusion selected). Queue: 63474 rules.
183800 rules inserted. Base: 129999 rules (1022 with conclusion selected). Queue: 63466 rules.
184000 rules inserted. Base: 130146 rules (1024 with conclusion selected). Queue: 63456 rules.
184200 rules inserted. Base: 130300 rules (1026 with conclusion selected). Queue: 63446 rules.
184400 rules inserted. Base: 130451 rules (1030 with conclusion selected). Queue: 63440 rules.
184600 rules inserted. Base: 130604 rules (1033 with conclusion selected). Queue: 63431 rules.
184800 rules inserted. Base: 130766 rules (1037 with conclusion selected). Queue: 63422 rules.
185000 rules inserted. Base: 130906 rules (1040 with conclusion selected). Queue: 63412 rules.
185200 rules inserted. Base: 131063 rules (1043 with conclusion selected). Queue: 63402 rules.
185400 rules inserted. Base: 131221 rules (1047 with conclusion selected). Queue: 63393 rules.
185600 rules inserted. Base: 131376 rules (1051 with conclusion selected). Queue: 63385 rules.
185800 rules inserted. Base: 131564 rules (1051 with conclusion selected). Queue: 63334 rules.
186000 rules inserted. Base: 131710 rules (1051 with conclusion selected). Queue: 63264 rules.
186200 rules inserted. Base: 131844 rules (1051 with conclusion selected). Queue: 63182 rules.
186400 rules inserted. Base: 131952 rules (1051 with conclusion selected). Queue: 63138 rules.
186600 rules inserted. Base: 132060 rules (1051 with conclusion selected). Queue: 63092 rules.
186800 rules inserted. Base: 132162 rules (1051 with conclusion selected). Queue: 63064 rules.
187000 rules inserted. Base: 132249 rules (1051 with conclusion selected). Queue: 63034 rules.
187200 rules inserted. Base: 132315 rules (1051 with conclusion selected). Queue: 63012 rules.
187400 rules inserted. Base: 132391 rules (1051 with conclusion selected). Queue: 62982 rules.
187600 rules inserted. Base: 132471 rules (1051 with conclusion selected). Queue: 62953 rules.
187800 rules inserted. Base: 132550 rules (1051 with conclusion selected). Queue: 62922 rules.
188000 rules inserted. Base: 132631 rules (1051 with conclusion selected). Queue: 62892 rules.
188200 rules inserted. Base: 132698 rules (1051 with conclusion selected). Queue: 62873 rules.
188400 rules inserted. Base: 132755 rules (1051 with conclusion selected). Queue: 62858 rules.
188600 rules inserted. Base: 132814 rules (1051 with conclusion selected). Queue: 62836 rules.
188800 rules inserted. Base: 132851 rules (1051 with conclusion selected). Queue: 62828 rules.
189000 rules inserted. Base: 132900 rules (1051 with conclusion selected). Queue: 62811 rules.
189200 rules inserted. Base: 132951 rules (1051 with conclusion selected). Queue: 62794 rules.
189400 rules inserted. Base: 132995 rules (1051 with conclusion selected). Queue: 62781 rules.
189600 rules inserted. Base: 133056 rules (1051 with conclusion selected). Queue: 62759 rules.
189800 rules inserted. Base: 133101 rules (1051 with conclusion selected). Queue: 62747 rules.
190000 rules inserted. Base: 133152 rules (1051 with conclusion selected). Queue: 62730 rules.
190200 rules inserted. Base: 133213 rules (1051 with conclusion selected). Queue: 62707 rules.
190400 rules inserted. Base: 133269 rules (1051 with conclusion selected). Queue: 62690 rules.
190600 rules inserted. Base: 133323 rules (1051 with conclusion selected). Queue: 62677 rules.
190800 rules inserted. Base: 133373 rules (1051 with conclusion selected). Queue: 62663 rules.
191000 rules inserted. Base: 133432 rules (1051 with conclusion selected). Queue: 62647 rules.
191200 rules inserted. Base: 133495 rules (1051 with conclusion selected). Queue: 62630 rules.
191400 rules inserted. Base: 133644 rules (1051 with conclusion selected). Queue: 62566 rules.
191600 rules inserted. Base: 133808 rules (1051 with conclusion selected). Queue: 62500 rules.
191800 rules inserted. Base: 133958 rules (1051 with conclusion selected). Queue: 62424 rules.
192000 rules inserted. Base: 134072 rules (1051 with conclusion selected). Queue: 62366 rules.
192200 rules inserted. Base: 134186 rules (1051 with conclusion selected). Queue: 62315 rules.
192400 rules inserted. Base: 134302 rules (1051 with conclusion selected). Queue: 62266 rules.
192600 rules inserted. Base: 134411 rules (1051 with conclusion selected). Queue: 62231 rules.
192800 rules inserted. Base: 134500 rules (1051 with conclusion selected). Queue: 62199 rules.
193000 rules inserted. Base: 134570 rules (1051 with conclusion selected). Queue: 62173 rules.
193200 rules inserted. Base: 134649 rules (1051 with conclusion selected). Queue: 62145 rules.
193400 rules inserted. Base: 134735 rules (1051 with conclusion selected). Queue: 62110 rules.
193600 rules inserted. Base: 134817 rules (1051 with conclusion selected). Queue: 62079 rules.
193800 rules inserted. Base: 134909 rules (1051 with conclusion selected). Queue: 62041 rules.
194000 rules inserted. Base: 134988 rules (1051 with conclusion selected). Queue: 62014 rules.
194200 rules inserted. Base: 135063 rules (1051 with conclusion selected). Queue: 61991 rules.
194400 rules inserted. Base: 135174 rules (1051 with conclusion selected). Queue: 61947 rules.
194600 rules inserted. Base: 135374 rules (1051 with conclusion selected). Queue: 61836 rules.
194800 rules inserted. Base: 135574 rules (1051 with conclusion selected). Queue: 61735 rules.
195000 rules inserted. Base: 135774 rules (1051 with conclusion selected). Queue: 61623 rules.
195200 rules inserted. Base: 135974 rules (1051 with conclusion selected). Queue: 61511 rules.
195400 rules inserted. Base: 136174 rules (1051 with conclusion selected). Queue: 61399 rules.
195600 rules inserted. Base: 136374 rules (1051 with conclusion selected). Queue: 61265 rules.
195800 rules inserted. Base: 136574 rules (1051 with conclusion selected). Queue: 61124 rules.
196000 rules inserted. Base: 136774 rules (1051 with conclusion selected). Queue: 60991 rules.
196200 rules inserted. Base: 136974 rules (1051 with conclusion selected). Queue: 60862 rules.
196400 rules inserted. Base: 137074 rules (1051 with conclusion selected). Queue: 60836 rules.
196600 rules inserted. Base: 137179 rules (1051 with conclusion selected). Queue: 60796 rules.
196800 rules inserted. Base: 137248 rules (1051 with conclusion selected). Queue: 60779 rules.
197000 rules inserted. Base: 137358 rules (1051 with conclusion selected). Queue: 60740 rules.
197200 rules inserted. Base: 137515 rules (1057 with conclusion selected). Queue: 60719 rules.
197400 rules inserted. Base: 137679 rules (1064 with conclusion selected). Queue: 60707 rules.
197600 rules inserted. Base: 137839 rules (1069 with conclusion selected). Queue: 60679 rules.
197800 rules inserted. Base: 137896 rules (1069 with conclusion selected). Queue: 60667 rules.
198000 rules inserted. Base: 137990 rules (1069 with conclusion selected). Queue: 60644 rules.
198200 rules inserted. Base: 138160 rules (1077 with conclusion selected). Queue: 60671 rules.
198400 rules inserted. Base: 138354 rules (1088 with conclusion selected). Queue: 60746 rules.
198600 rules inserted. Base: 138528 rules (1093 with conclusion selected). Queue: 60783 rules.
198800 rules inserted. Base: 138680 rules (1093 with conclusion selected). Queue: 60777 rules.
199000 rules inserted. Base: 138747 rules (1093 with conclusion selected). Queue: 60765 rules.
199200 rules inserted. Base: 138855 rules (1099 with conclusion selected). Queue: 60744 rules.
199400 rules inserted. Base: 139002 rules (1105 with conclusion selected). Queue: 60696 rules.
199600 rules inserted. Base: 139076 rules (1105 with conclusion selected). Queue: 60675 rules.
199800 rules inserted. Base: 139154 rules (1105 with conclusion selected). Queue: 60653 rules.
200000 rules inserted. Base: 139306 rules (1110 with conclusion selected). Queue: 60636 rules.
200200 rules inserted. Base: 139467 rules (1115 with conclusion selected). Queue: 60623 rules.
200400 rules inserted. Base: 139585 rules (1117 with conclusion selected). Queue: 60601 rules.
200600 rules inserted. Base: 139655 rules (1117 with conclusion selected). Queue: 60585 rules.
200800 rules inserted. Base: 139808 rules (1125 with conclusion selected). Queue: 60638 rules.
201000 rules inserted. Base: 140002 rules (1137 with conclusion selected). Queue: 60713 rules.
201200 rules inserted. Base: 140170 rules (1141 with conclusion selected). Queue: 60743 rules.
201400 rules inserted. Base: 140328 rules (1141 with conclusion selected). Queue: 60732 rules.
201600 rules inserted. Base: 140383 rules (1141 with conclusion selected). Queue: 60725 rules.
201800 rules inserted. Base: 140499 rules (1147 with conclusion selected). Queue: 60700 rules.
202000 rules inserted. Base: 140659 rules (1151 with conclusion selected). Queue: 60688 rules.
202200 rules inserted. Base: 140808 rules (1153 with conclusion selected). Queue: 60669 rules.
202400 rules inserted. Base: 140871 rules (1153 with conclusion selected). Queue: 60659 rules.
202600 rules inserted. Base: 141008 rules (1161 with conclusion selected). Queue: 60705 rules.
202800 rules inserted. Base: 141202 rules (1172 with conclusion selected). Queue: 60781 rules.
203000 rules inserted. Base: 141376 rules (1177 with conclusion selected). Queue: 60817 rules.
203200 rules inserted. Base: 141528 rules (1177 with conclusion selected). Queue: 60811 rules.
203400 rules inserted. Base: 141593 rules (1177 with conclusion selected). Queue: 60799 rules.
203600 rules inserted. Base: 141593 rules (1177 with conclusion selected). Queue: 60799 rules.
203800 rules inserted. Base: 141786 rules (1189 with conclusion selected). Queue: 60873 rules.
204000 rules inserted. Base: 141980 rules (1200 with conclusion selected). Queue: 60948 rules.
204200 rules inserted. Base: 142138 rules (1201 with conclusion selected). Queue: 60954 rules.
204400 rules inserted. Base: 142269 rules (1201 with conclusion selected). Queue: 60939 rules.
204600 rules inserted. Base: 142305 rules (1201 with conclusion selected). Queue: 60939 rules.
204800 rules inserted. Base: 142305 rules (1201 with conclusion selected). Queue: 60939 rules.
205000 rules inserted. Base: 142305 rules (1201 with conclusion selected). Queue: 60939 rules.
205200 rules inserted. Base: 142305 rules (1201 with conclusion selected). Queue: 60939 rules.
205400 rules inserted. Base: 142305 rules (1201 with conclusion selected). Queue: 60939 rules.
205600 rules inserted. Base: 142305 rules (1201 with conclusion selected). Queue: 60939 rules.
205800 rules inserted. Base: 142436 rules (1201 with conclusion selected). Queue: 60939 rules.
206000 rules inserted. Base: 142561 rules (1201 with conclusion selected). Queue: 60939 rules.
206200 rules inserted. Base: 142704 rules (1201 with conclusion selected). Queue: 60939 rules.
206400 rules inserted. Base: 142821 rules (1201 with conclusion selected). Queue: 60939 rules.
206600 rules inserted. Base: 142965 rules (1201 with conclusion selected). Queue: 60939 rules.
206800 rules inserted. Base: 143088 rules (1201 with conclusion selected). Queue: 60939 rules.
207000 rules inserted. Base: 143228 rules (1201 with conclusion selected). Queue: 60939 rules.
207200 rules inserted. Base: 143356 rules (1201 with conclusion selected). Queue: 60939 rules.
207400 rules inserted. Base: 143511 rules (1201 with conclusion selected). Queue: 60974 rules.
207600 rules inserted. Base: 143700 rules (1201 with conclusion selected). Queue: 61063 rules.
207800 rules inserted. Base: 143884 rules (1201 with conclusion selected). Queue: 61150 rules.
208000 rules inserted. Base: 144066 rules (1201 with conclusion selected). Queue: 61235 rules.
208200 rules inserted. Base: 144248 rules (1201 with conclusion selected). Queue: 61314 rules.
208400 rules inserted. Base: 144430 rules (1201 with conclusion selected). Queue: 61407 rules.
208600 rules inserted. Base: 144612 rules (1201 with conclusion selected). Queue: 61485 rules.
208800 rules inserted. Base: 144803 rules (1201 with conclusion selected). Queue: 61579 rules.
209000 rules inserted. Base: 144985 rules (1201 with conclusion selected). Queue: 61666 rules.
209200 rules inserted. Base: 145167 rules (1201 with conclusion selected). Queue: 61750 rules.
209400 rules inserted. Base: 145349 rules (1201 with conclusion selected). Queue: 61831 rules.
209600 rules inserted. Base: 145540 rules (1204 with conclusion selected). Queue: 61952 rules.
209800 rules inserted. Base: 145738 rules (1208 with conclusion selected). Queue: 62105 rules.
210000 rules inserted. Base: 145936 rules (1213 with conclusion selected). Queue: 62252 rules.
210200 rules inserted. Base: 146135 rules (1218 with conclusion selected). Queue: 62404 rules.
210400 rules inserted. Base: 146333 rules (1223 with conclusion selected). Queue: 62553 rules.
210600 rules inserted. Base: 146531 rules (1228 with conclusion selected). Queue: 62700 rules.
210800 rules inserted. Base: 146730 rules (1233 with conclusion selected). Queue: 62852 rules.
211000 rules inserted. Base: 146928 rules (1238 with conclusion selected). Queue: 63003 rules.
211200 rules inserted. Base: 147127 rules (1243 with conclusion selected). Queue: 63158 rules.
211400 rules inserted. Base: 147325 rules (1247 with conclusion selected). Queue: 63309 rules.
211600 rules inserted. Base: 147523 rules (1252 with conclusion selected). Queue: 63456 rules.
211800 rules inserted. Base: 147722 rules (1257 with conclusion selected). Queue: 63608 rules.
212000 rules inserted. Base: 147907 rules (1261 with conclusion selected). Queue: 63696 rules.
212200 rules inserted. Base: 148027 rules (1261 with conclusion selected). Queue: 63648 rules.
212400 rules inserted. Base: 148180 rules (1261 with conclusion selected). Queue: 63575 rules.
212600 rules inserted. Base: 148264 rules (1261 with conclusion selected). Queue: 63550 rules.
212800 rules inserted. Base: 148354 rules (1261 with conclusion selected). Queue: 63516 rules.
213000 rules inserted. Base: 148476 rules (1261 with conclusion selected). Queue: 63462 rules.
213200 rules inserted. Base: 148642 rules (1265 with conclusion selected). Queue: 63422 rules.
213400 rules inserted. Base: 148808 rules (1273 with conclusion selected). Queue: 63406 rules.
213600 rules inserted. Base: 148974 rules (1282 with conclusion selected). Queue: 63391 rules.
213800 rules inserted. Base: 149090 rules (1285 with conclusion selected). Queue: 63369 rules.
214000 rules inserted. Base: 149169 rules (1285 with conclusion selected). Queue: 63342 rules.
214200 rules inserted. Base: 149275 rules (1285 with conclusion selected). Queue: 63300 rules.
214400 rules inserted. Base: 149409 rules (1285 with conclusion selected). Queue: 63253 rules.
214600 rules inserted. Base: 149488 rules (1285 with conclusion selected). Queue: 63227 rules.
214800 rules inserted. Base: 149581 rules (1285 with conclusion selected). Queue: 63194 rules.
215000 rules inserted. Base: 149722 rules (1286 with conclusion selected). Queue: 63141 rules.
215200 rules inserted. Base: 149890 rules (1294 with conclusion selected). Queue: 63127 rules.
215400 rules inserted. Base: 150058 rules (1302 with conclusion selected). Queue: 63109 rules.
215600 rules inserted. Base: 150214 rules (1309 with conclusion selected). Queue: 63090 rules.
215800 rules inserted. Base: 150285 rules (1309 with conclusion selected). Queue: 63067 rules.
216000 rules inserted. Base: 150377 rules (1309 with conclusion selected). Queue: 63036 rules.
216200 rules inserted. Base: 150476 rules (1309 with conclusion selected). Queue: 63012 rules.
216400 rules inserted. Base: 150598 rules (1315 with conclusion selected). Queue: 63000 rules.
216600 rules inserted. Base: 150765 rules (1323 with conclusion selected). Queue: 62984 rules.
216800 rules inserted. Base: 150930 rules (1331 with conclusion selected). Queue: 62968 rules.
217000 rules inserted. Base: 151028 rules (1333 with conclusion selected). Queue: 62944 rules.
217200 rules inserted. Base: 151109 rules (1333 with conclusion selected). Queue: 62916 rules.
217400 rules inserted. Base: 151196 rules (1333 with conclusion selected). Queue: 62880 rules.
217600 rules inserted. Base: 151246 rules (1333 with conclusion selected). Queue: 62880 rules.
217800 rules inserted. Base: 151321 rules (1333 with conclusion selected). Queue: 62880 rules.
218000 rules inserted. Base: 151364 rules (1333 with conclusion selected). Queue: 62880 rules.
218200 rules inserted. Base: 151388 rules (1333 with conclusion selected). Queue: 62880 rules.
218400 rules inserted. Base: 151472 rules (1333 with conclusion selected). Queue: 62820 rules.
218600 rules inserted. Base: 151502 rules (1333 with conclusion selected). Queue: 62820 rules.
218800 rules inserted. Base: 151542 rules (1333 with conclusion selected). Queue: 62808 rules.
219000 rules inserted. Base: 151560 rules (1333 with conclusion selected). Queue: 62808 rules.
219200 rules inserted. Base: 151598 rules (1333 with conclusion selected). Queue: 62796 rules.
219400 rules inserted. Base: 151634 rules (1333 with conclusion selected). Queue: 62784 rules.
219600 rules inserted. Base: 151652 rules (1333 with conclusion selected). Queue: 62784 rules.
219800 rules inserted. Base: 151690 rules (1333 with conclusion selected). Queue: 62772 rules.
220000 rules inserted. Base: 151706 rules (1333 with conclusion selected). Queue: 62772 rules.
220200 rules inserted. Base: 151846 rules (1333 with conclusion selected). Queue: 62757 rules.
220400 rules inserted. Base: 151976 rules (1333 with conclusion selected). Queue: 62754 rules.
220600 rules inserted. Base: 152129 rules (1333 with conclusion selected). Queue: 62747 rules.
220800 rules inserted. Base: 152267 rules (1333 with conclusion selected). Queue: 62741 rules.
221000 rules inserted. Base: 152408 rules (1333 with conclusion selected). Queue: 62738 rules.
221200 rules inserted. Base: 152555 rules (1333 with conclusion selected). Queue: 62731 rules.
221400 rules inserted. Base: 152690 rules (1333 with conclusion selected). Queue: 62728 rules.
221600 rules inserted. Base: 152842 rules (1333 with conclusion selected). Queue: 62722 rules.
221800 rules inserted. Base: 152983 rules (1333 with conclusion selected). Queue: 62715 rules.
222000 rules inserted. Base: 153124 rules (1333 with conclusion selected). Queue: 62712 rules.
222200 rules inserted. Base: 153264 rules (1333 with conclusion selected). Queue: 62707 rules.
222400 rules inserted. Base: 153412 rules (1333 with conclusion selected). Queue: 62703 rules.
222600 rules inserted. Base: 153558 rules (1333 with conclusion selected). Queue: 62696 rules.
222800 rules inserted. Base: 153699 rules (1333 with conclusion selected). Queue: 62693 rules.
223000 rules inserted. Base: 153840 rules (1333 with conclusion selected). Queue: 62690 rules.
223200 rules inserted. Base: 153978 rules (1334 with conclusion selected). Queue: 62679 rules.
223400 rules inserted. Base: 154170 rules (1339 with conclusion selected). Queue: 62768 rules.
223600 rules inserted. Base: 154358 rules (1344 with conclusion selected). Queue: 62850 rules.
223800 rules inserted. Base: 154546 rules (1350 with conclusion selected). Queue: 62929 rules.
224000 rules inserted. Base: 154734 rules (1355 with conclusion selected). Queue: 63016 rules.
224200 rules inserted. Base: 154922 rules (1361 with conclusion selected). Queue: 63092 rules.
224400 rules inserted. Base: 155110 rules (1366 with conclusion selected). Queue: 63177 rules.
224600 rules inserted. Base: 155301 rules (1372 with conclusion selected). Queue: 63253 rules.
224800 rules inserted. Base: 155490 rules (1378 with conclusion selected). Queue: 63341 rules.
225000 rules inserted. Base: 155678 rules (1384 with conclusion selected). Queue: 63413 rules.
225200 rules inserted. Base: 155866 rules (1389 with conclusion selected). Queue: 63502 rules.
225400 rules inserted. Base: 156054 rules (1394 with conclusion selected). Queue: 63578 rules.
225600 rules inserted. Base: 156246 rules (1400 with conclusion selected). Queue: 63663 rules.
225800 rules inserted. Base: 156434 rules (1406 with conclusion selected). Queue: 63735 rules.
226000 rules inserted. Base: 156626 rules (1411 with conclusion selected). Queue: 63824 rules.
226200 rules inserted. Base: 156814 rules (1417 with conclusion selected). Queue: 63912 rules.
226400 rules inserted. Base: 157002 rules (1422 with conclusion selected). Queue: 63986 rules.
226600 rules inserted. Base: 157190 rules (1428 with conclusion selected). Queue: 64075 rules.
226800 rules inserted. Base: 157378 rules (1433 with conclusion selected). Queue: 64152 rules.
227000 rules inserted. Base: 157570 rules (1439 with conclusion selected). Queue: 64236 rules.
227200 rules inserted. Base: 157758 rules (1444 with conclusion selected). Queue: 64320 rules.
227400 rules inserted. Base: 157946 rules (1450 with conclusion selected). Queue: 64397 rules.
227600 rules inserted. Base: 158112 rules (1453 with conclusion selected). Queue: 64414 rules.
227800 rules inserted. Base: 158241 rules (1453 with conclusion selected). Queue: 64358 rules.
228000 rules inserted. Base: 158417 rules (1453 with conclusion selected). Queue: 64256 rules.
228200 rules inserted. Base: 158503 rules (1453 with conclusion selected). Queue: 64228 rules.
228400 rules inserted. Base: 158594 rules (1453 with conclusion selected). Queue: 64198 rules.
228600 rules inserted. Base: 158704 rules (1453 with conclusion selected). Queue: 64155 rules.
228800 rules inserted. Base: 158842 rules (1453 with conclusion selected). Queue: 64092 rules.
229000 rules inserted. Base: 159040 rules (1453 with conclusion selected). Queue: 64020 rules.
229200 rules inserted. Base: 159146 rules (1453 with conclusion selected). Queue: 63992 rules.
229400 rules inserted. Base: 159236 rules (1453 with conclusion selected). Queue: 63962 rules.
229600 rules inserted. Base: 159341 rules (1453 with conclusion selected). Queue: 63921 rules.
229800 rules inserted. Base: 159471 rules (1453 with conclusion selected). Queue: 63865 rules.
230000 rules inserted. Base: 159605 rules (1453 with conclusion selected). Queue: 63828 rules.
230200 rules inserted. Base: 159764 rules (1453 with conclusion selected). Queue: 63708 rules.
230400 rules inserted. Base: 159842 rules (1453 with conclusion selected). Queue: 63684 rules.
230600 rules inserted. Base: 159961 rules (1453 with conclusion selected). Queue: 63636 rules.
230800 rules inserted. Base: 160041 rules (1453 with conclusion selected). Queue: 63612 rules.
231000 rules inserted. Base: 160122 rules (1453 with conclusion selected). Queue: 63598 rules.
231200 rules inserted. Base: 160189 rules (1453 with conclusion selected). Queue: 63576 rules.
231400 rules inserted. Base: 160257 rules (1453 with conclusion selected). Queue: 63552 rules.
231600 rules inserted. Base: 160334 rules (1453 with conclusion selected). Queue: 63522 rules.
231800 rules inserted. Base: 160392 rules (1453 with conclusion selected). Queue: 63510 rules.
232000 rules inserted. Base: 160461 rules (1453 with conclusion selected). Queue: 63486 rules.
232200 rules inserted. Base: 160526 rules (1453 with conclusion selected). Queue: 63462 rules.
232400 rules inserted. Base: 160589 rules (1453 with conclusion selected). Queue: 63440 rules.
232600 rules inserted. Base: 160635 rules (1453 with conclusion selected). Queue: 63426 rules.
232800 rules inserted. Base: 160682 rules (1453 with conclusion selected). Queue: 63415 rules.
233000 rules inserted. Base: 160733 rules (1453 with conclusion selected). Queue: 63397 rules.
233200 rules inserted. Base: 160777 rules (1453 with conclusion selected). Queue: 63385 rules.
233400 rules inserted. Base: 160830 rules (1453 with conclusion selected). Queue: 63368 rules.
233600 rules inserted. Base: 160874 rules (1453 with conclusion selected). Queue: 63356 rules.
233800 rules inserted. Base: 160922 rules (1453 with conclusion selected). Queue: 63341 rules.
234000 rules inserted. Base: 160971 rules (1453 with conclusion selected). Queue: 63327 rules.
234200 rules inserted. Base: 161021 rules (1453 with conclusion selected). Queue: 63309 rules.
234400 rules inserted. Base: 161067 rules (1453 with conclusion selected). Queue: 63298 rules.
234600 rules inserted. Base: 161115 rules (1453 with conclusion selected). Queue: 63284 rules.
234800 rules inserted. Base: 161168 rules (1453 with conclusion selected). Queue: 63266 rules.
235000 rules inserted. Base: 161225 rules (1453 with conclusion selected). Queue: 63249 rules.
235200 rules inserted. Base: 161380 rules (1457 with conclusion selected). Queue: 63240 rules.
235400 rules inserted. Base: 161531 rules (1459 with conclusion selected). Queue: 63231 rules.
235600 rules inserted. Base: 161678 rules (1462 with conclusion selected). Queue: 63224 rules.
235800 rules inserted. Base: 161836 rules (1466 with conclusion selected). Queue: 63213 rules.
236000 rules inserted. Base: 161991 rules (1470 with conclusion selected). Queue: 63204 rules.
236200 rules inserted. Base: 162147 rules (1473 with conclusion selected). Queue: 63191 rules.
236400 rules inserted. Base: 162291 rules (1476 with conclusion selected). Queue: 63183 rules.
236600 rules inserted. Base: 162445 rules (1479 with conclusion selected). Queue: 63173 rules.
236800 rules inserted. Base: 162607 rules (1483 with conclusion selected). Queue: 63165 rules.
237000 rules inserted. Base: 162760 rules (1487 with conclusion selected). Queue: 63154 rules.
237200 rules inserted. Base: 162907 rules (1490 with conclusion selected). Queue: 63144 rules.
237400 rules inserted. Base: 163054 rules (1493 with conclusion selected). Queue: 63133 rules.
237600 rules inserted. Base: 163215 rules (1497 with conclusion selected). Queue: 63124 rules.
237800 rules inserted. Base: 163366 rules (1500 with conclusion selected). Queue: 63114 rules.
238000 rules inserted. Base: 163514 rules (1503 with conclusion selected). Queue: 63107 rules.
238200 rules inserted. Base: 163670 rules (1507 with conclusion selected). Queue: 63096 rules.
238400 rules inserted. Base: 163825 rules (1511 with conclusion selected). Queue: 63085 rules.
238600 rules inserted. Base: 163979 rules (1513 with conclusion selected). Queue: 63076 rules.
238800 rules inserted. Base: 164122 rules (1516 with conclusion selected). Queue: 63068 rules.
239000 rules inserted. Base: 164285 rules (1520 with conclusion selected). Queue: 63059 rules.
239200 rules inserted. Base: 164441 rules (1524 with conclusion selected). Queue: 63049 rules.
239400 rules inserted. Base: 164588 rules (1528 with conclusion selected). Queue: 63038 rules.
239600 rules inserted. Base: 164742 rules (1532 with conclusion selected). Queue: 63027 rules.
239800 rules inserted. Base: 164907 rules (1536 with conclusion selected). Queue: 63016 rules.
240000 rules inserted. Base: 165050 rules (1540 with conclusion selected). Queue: 63006 rules.
240200 rules inserted. Base: 165215 rules (1544 with conclusion selected). Queue: 62995 rules.
240400 rules inserted. Base: 165369 rules (1548 with conclusion selected). Queue: 62985 rules.
240600 rules inserted. Base: 165546 rules (1549 with conclusion selected). Queue: 62858 rules.
240800 rules inserted. Base: 165686 rules (1549 with conclusion selected). Queue: 62794 rules.
241000 rules inserted. Base: 165831 rules (1549 with conclusion selected). Queue: 62721 rules.
241200 rules inserted. Base: 166020 rules (1549 with conclusion selected). Queue: 62611 rules.
241400 rules inserted. Base: 166207 rules (1549 with conclusion selected). Queue: 62536 rules.
241600 rules inserted. Base: 166355 rules (1549 with conclusion selected). Queue: 62464 rules.
241800 rules inserted. Base: 166500 rules (1549 with conclusion selected). Queue: 62390 rules.
242000 rules inserted. Base: 166618 rules (1549 with conclusion selected). Queue: 62340 rules.
242200 rules inserted. Base: 166729 rules (1549 with conclusion selected). Queue: 62296 rules.
242400 rules inserted. Base: 166844 rules (1549 with conclusion selected). Queue: 62249 rules.
242600 rules inserted. Base: 166962 rules (1549 with conclusion selected). Queue: 62202 rules.
242800 rules inserted. Base: 167075 rules (1549 with conclusion selected). Queue: 62165 rules.
243000 rules inserted. Base: 167162 rules (1549 with conclusion selected). Queue: 62131 rules.
243200 rules inserted. Base: 167239 rules (1549 with conclusion selected). Queue: 62106 rules.
243400 rules inserted. Base: 167328 rules (1549 with conclusion selected). Queue: 62071 rules.
243600 rules inserted. Base: 167407 rules (1549 with conclusion selected). Queue: 62044 rules.
243800 rules inserted. Base: 167492 rules (1549 with conclusion selected). Queue: 62012 rules.
244000 rules inserted. Base: 167581 rules (1549 with conclusion selected). Queue: 61978 rules.
244200 rules inserted. Base: 167670 rules (1549 with conclusion selected). Queue: 61944 rules.
244400 rules inserted. Base: 167758 rules (1549 with conclusion selected). Queue: 61912 rules.
244600 rules inserted. Base: 167849 rules (1549 with conclusion selected). Queue: 61880 rules.
244800 rules inserted. Base: 167940 rules (1549 with conclusion selected). Queue: 61846 rules.
245000 rules inserted. Base: 168007 rules (1549 with conclusion selected). Queue: 61821 rules.
245200 rules inserted. Base: 168064 rules (1549 with conclusion selected). Queue: 61802 rules.
245400 rules inserted. Base: 168127 rules (1549 with conclusion selected). Queue: 61783 rules.
245600 rules inserted. Base: 168192 rules (1549 with conclusion selected). Queue: 61763 rules.
245800 rules inserted. Base: 168248 rules (1549 with conclusion selected). Queue: 61744 rules.
246000 rules inserted. Base: 168306 rules (1549 with conclusion selected). Queue: 61725 rules.
246200 rules inserted. Base: 168369 rules (1549 with conclusion selected). Queue: 61706 rules.
246400 rules inserted. Base: 168431 rules (1549 with conclusion selected). Queue: 61686 rules.
246600 rules inserted. Base: 168488 rules (1549 with conclusion selected). Queue: 61668 rules.
246800 rules inserted. Base: 168548 rules (1549 with conclusion selected). Queue: 61648 rules.
247000 rules inserted. Base: 168608 rules (1549 with conclusion selected). Queue: 61631 rules.
247200 rules inserted. Base: 168676 rules (1549 with conclusion selected). Queue: 61609 rules.
247400 rules inserted. Base: 168737 rules (1549 with conclusion selected). Queue: 61589 rules.
247600 rules inserted. Base: 168798 rules (1549 with conclusion selected). Queue: 61569 rules.
247800 rules inserted. Base: 168855 rules (1549 with conclusion selected). Queue: 61552 rules.
248000 rules inserted. Base: 168926 rules (1549 with conclusion selected). Queue: 61531 rules.
248200 rules inserted. Base: 168995 rules (1549 with conclusion selected). Queue: 61509 rules.
248400 rules inserted. Base: 169063 rules (1549 with conclusion selected). Queue: 61485 rules.
248600 rules inserted. Base: 169131 rules (1549 with conclusion selected). Queue: 61464 rules.
248800 rules inserted. Base: 169194 rules (1549 with conclusion selected). Queue: 61446 rules.
249000 rules inserted. Base: 169259 rules (1549 with conclusion selected). Queue: 61426 rules.
249200 rules inserted. Base: 169454 rules (1549 with conclusion selected). Queue: 61264 rules.
249400 rules inserted. Base: 169650 rules (1549 with conclusion selected). Queue: 61170 rules.
249600 rules inserted. Base: 169806 rules (1549 with conclusion selected). Queue: 61090 rules.
249800 rules inserted. Base: 169970 rules (1549 with conclusion selected). Queue: 61005 rules.
250000 rules inserted. Base: 170114 rules (1549 with conclusion selected). Queue: 60930 rules.
250200 rules inserted. Base: 170236 rules (1549 with conclusion selected). Queue: 60878 rules.
250400 rules inserted. Base: 170360 rules (1549 with conclusion selected). Queue: 60824 rules.
250600 rules inserted. Base: 170487 rules (1549 with conclusion selected). Queue: 60768 rules.
250800 rules inserted. Base: 170619 rules (1549 with conclusion selected). Queue: 60705 rules.
251000 rules inserted. Base: 170747 rules (1549 with conclusion selected). Queue: 60651 rules.
251200 rules inserted. Base: 170878 rules (1549 with conclusion selected). Queue: 60600 rules.
251400 rules inserted. Base: 170971 rules (1549 with conclusion selected). Queue: 60562 rules.
251600 rules inserted. Base: 171063 rules (1549 with conclusion selected). Queue: 60527 rules.
251800 rules inserted. Base: 171149 rules (1549 with conclusion selected). Queue: 60495 rules.
252000 rules inserted. Base: 171246 rules (1549 with conclusion selected). Queue: 60455 rules.
252200 rules inserted. Base: 171338 rules (1549 with conclusion selected). Queue: 60421 rules.
252400 rules inserted. Base: 171434 rules (1549 with conclusion selected). Queue: 60380 rules.
252600 rules inserted. Base: 171529 rules (1549 with conclusion selected). Queue: 60347 rules.
252800 rules inserted. Base: 171632 rules (1549 with conclusion selected). Queue: 60303 rules.
253000 rules inserted. Base: 171729 rules (1549 with conclusion selected). Queue: 60262 rules.
253200 rules inserted. Base: 171836 rules (1549 with conclusion selected). Queue: 60222 rules.
253400 rules inserted. Base: 171942 rules (1549 with conclusion selected). Queue: 60176 rules.
253600 rules inserted. Base: 172042 rules (1549 with conclusion selected). Queue: 60136 rules.
253800 rules inserted. Base: 172153 rules (1549 with conclusion selected). Queue: 60090 rules.
254000 rules inserted. Base: 172316 rules (1549 with conclusion selected). Queue: 59958 rules.
254200 rules inserted. Base: 172516 rules (1549 with conclusion selected). Queue: 59833 rules.
254400 rules inserted. Base: 172690 rules (1549 with conclusion selected). Queue: 59750 rules.
254600 rules inserted. Base: 172854 rules (1549 with conclusion selected). Queue: 59664 rules.
254800 rules inserted. Base: 173023 rules (1549 with conclusion selected). Queue: 59571 rules.
255000 rules inserted. Base: 173161 rules (1549 with conclusion selected). Queue: 59503 rules.
255200 rules inserted. Base: 173284 rules (1549 with conclusion selected). Queue: 59448 rules.
255400 rules inserted. Base: 173413 rules (1549 with conclusion selected). Queue: 59392 rules.
255600 rules inserted. Base: 173547 rules (1549 with conclusion selected). Queue: 59330 rules.
255800 rules inserted. Base: 173680 rules (1549 with conclusion selected). Queue: 59267 rules.
256000 rules inserted. Base: 173816 rules (1549 with conclusion selected). Queue: 59203 rules.
256200 rules inserted. Base: 173951 rules (1549 with conclusion selected). Queue: 59145 rules.
256400 rules inserted. Base: 174034 rules (1549 with conclusion selected). Queue: 59110 rules.
256600 rules inserted. Base: 174034 rules (1549 with conclusion selected). Queue: 59110 rules.
256800 rules inserted. Base: 174034 rules (1549 with conclusion selected). Queue: 59110 rules.
257000 rules inserted. Base: 174034 rules (1549 with conclusion selected). Queue: 59110 rules.
257200 rules inserted. Base: 174172 rules (1549 with conclusion selected). Queue: 59035 rules.
257400 rules inserted. Base: 174335 rules (1549 with conclusion selected). Queue: 58946 rules.
257600 rules inserted. Base: 174469 rules (1549 with conclusion selected). Queue: 58876 rules.
257800 rules inserted. Base: 174633 rules (1549 with conclusion selected). Queue: 58799 rules.
258000 rules inserted. Base: 174724 rules (1549 with conclusion selected). Queue: 58770 rules.
258200 rules inserted. Base: 174813 rules (1549 with conclusion selected). Queue: 58740 rules.
258400 rules inserted. Base: 174929 rules (1549 with conclusion selected). Queue: 58692 rules.
258600 rules inserted. Base: 175068 rules (1549 with conclusion selected). Queue: 58632 rules.
258800 rules inserted. Base: 175245 rules (1553 with conclusion selected). Queue: 58570 rules.
259000 rules inserted. Base: 175410 rules (1561 with conclusion selected). Queue: 58554 rules.
259200 rules inserted. Base: 175578 rules (1570 with conclusion selected). Queue: 58537 rules.
259400 rules inserted. Base: 175695 rules (1573 with conclusion selected). Queue: 58516 rules.
259600 rules inserted. Base: 175771 rules (1573 with conclusion selected). Queue: 58490 rules.
259800 rules inserted. Base: 175878 rules (1573 with conclusion selected). Queue: 58448 rules.
260000 rules inserted. Base: 176034 rules (1573 with conclusion selected). Queue: 58384 rules.
260200 rules inserted. Base: 176182 rules (1573 with conclusion selected). Queue: 58310 rules.
260400 rules inserted. Base: 176312 rules (1573 with conclusion selected). Queue: 58247 rules.
260600 rules inserted. Base: 176437 rules (1573 with conclusion selected). Queue: 58203 rules.
260800 rules inserted. Base: 176526 rules (1573 with conclusion selected). Queue: 58173 rules.
261000 rules inserted. Base: 176625 rules (1573 with conclusion selected). Queue: 58134 rules.
261200 rules inserted. Base: 176752 rules (1573 with conclusion selected). Queue: 58078 rules.
261400 rules inserted. Base: 176923 rules (1579 with conclusion selected). Queue: 58050 rules.
261600 rules inserted. Base: 177090 rules (1588 with conclusion selected). Queue: 58033 rules.
261800 rules inserted. Base: 177258 rules (1596 with conclusion selected). Queue: 58017 rules.
262000 rules inserted. Base: 177350 rules (1597 with conclusion selected). Queue: 57993 rules.
262200 rules inserted. Base: 177429 rules (1597 with conclusion selected). Queue: 57968 rules.
262400 rules inserted. Base: 177564 rules (1597 with conclusion selected). Queue: 57916 rules.
262600 rules inserted. Base: 177670 rules (1597 with conclusion selected). Queue: 57876 rules.
262800 rules inserted. Base: 177750 rules (1597 with conclusion selected). Queue: 57850 rules.
263000 rules inserted. Base: 177853 rules (1597 with conclusion selected). Queue: 57812 rules.
263200 rules inserted. Base: 178006 rules (1600 with conclusion selected). Queue: 57769 rules.
263400 rules inserted. Base: 178174 rules (1608 with conclusion selected). Queue: 57753 rules.
263600 rules inserted. Base: 178340 rules (1616 with conclusion selected). Queue: 57737 rules.
263800 rules inserted. Base: 178473 rules (1621 with conclusion selected). Queue: 57714 rules.
264000 rules inserted. Base: 178544 rules (1621 with conclusion selected). Queue: 57692 rules.
264200 rules inserted. Base: 178650 rules (1621 with conclusion selected). Queue: 57644 rules.
264400 rules inserted. Base: 178714 rules (1621 with conclusion selected). Queue: 57644 rules.
264600 rules inserted. Base: 178882 rules (1629 with conclusion selected). Queue: 57626 rules.
264800 rules inserted. Base: 179048 rules (1637 with conclusion selected). Queue: 57610 rules.
265000 rules inserted. Base: 179216 rules (1645 with conclusion selected). Queue: 57591 rules.
265200 rules inserted. Base: 179286 rules (1645 with conclusion selected). Queue: 57569 rules.
265400 rules inserted. Base: 179372 rules (1645 with conclusion selected). Queue: 57540 rules.
265600 rules inserted. Base: 179434 rules (1645 with conclusion selected). Queue: 57512 rules.
265800 rules inserted. Base: 179490 rules (1645 with conclusion selected). Queue: 57512 rules.
266000 rules inserted. Base: 179574 rules (1645 with conclusion selected). Queue: 57512 rules.
266200 rules inserted. Base: 179602 rules (1645 with conclusion selected). Queue: 57512 rules.
266400 rules inserted. Base: 179630 rules (1645 with conclusion selected). Queue: 57512 rules.
266600 rules inserted. Base: 179690 rules (1645 with conclusion selected). Queue: 57496 rules.
266800 rules inserted. Base: 179746 rules (1645 with conclusion selected). Queue: 57452 rules.
267000 rules inserted. Base: 179782 rules (1645 with conclusion selected). Queue: 57440 rules.
267200 rules inserted. Base: 179800 rules (1645 with conclusion selected). Queue: 57440 rules.
267400 rules inserted. Base: 179839 rules (1645 with conclusion selected). Queue: 57428 rules.
267600 rules inserted. Base: 179878 rules (1645 with conclusion selected). Queue: 57416 rules.
267800 rules inserted. Base: 179896 rules (1645 with conclusion selected). Queue: 57416 rules.
268000 rules inserted. Base: 179932 rules (1645 with conclusion selected). Queue: 57404 rules.
268200 rules inserted. Base: 179970 rules (1645 with conclusion selected). Queue: 57394 rules.
268400 rules inserted. Base: 180118 rules (1645 with conclusion selected). Queue: 57389 rules.
268600 rules inserted. Base: 180263 rules (1645 with conclusion selected). Queue: 57386 rules.
268800 rules inserted. Base: 180407 rules (1645 with conclusion selected). Queue: 57383 rules.
269000 rules inserted. Base: 180545 rules (1645 with conclusion selected). Queue: 57373 rules.
269200 rules inserted. Base: 180686 rules (1645 with conclusion selected). Queue: 57370 rules.
269400 rules inserted. Base: 180827 rules (1645 with conclusion selected). Queue: 57367 rules.
269600 rules inserted. Base: 180972 rules (1645 with conclusion selected). Queue: 57360 rules.
269800 rules inserted. Base: 181120 rules (1645 with conclusion selected). Queue: 57354 rules.
270000 rules inserted. Base: 181261 rules (1645 with conclusion selected). Queue: 57351 rules.
270200 rules inserted. Base: 181402 rules (1645 with conclusion selected). Queue: 57344 rules.
270400 rules inserted. Base: 181540 rules (1645 with conclusion selected). Queue: 57338 rules.
270600 rules inserted. Base: 181685 rules (1645 with conclusion selected). Queue: 57335 rules.
270800 rules inserted. Base: 181833 rules (1645 with conclusion selected). Queue: 57328 rules.
271000 rules inserted. Base: 181977 rules (1645 with conclusion selected). Queue: 57325 rules.
271200 rules inserted. Base: 182115 rules (1645 with conclusion selected). Queue: 57319 rules.
271400 rules inserted. Base: 182270 rules (1647 with conclusion selected). Queue: 57342 rules.
271600 rules inserted. Base: 182458 rules (1652 with conclusion selected). Queue: 57423 rules.
271800 rules inserted. Base: 182646 rules (1658 with conclusion selected). Queue: 57503 rules.
272000 rules inserted. Base: 182834 rules (1663 with conclusion selected). Queue: 57584 rules.
272200 rules inserted. Base: 183026 rules (1669 with conclusion selected). Queue: 57666 rules.
272400 rules inserted. Base: 183214 rules (1675 with conclusion selected). Queue: 57754 rules.
272600 rules inserted. Base: 183402 rules (1680 with conclusion selected). Queue: 57829 rules.
272800 rules inserted. Base: 183590 rules (1686 with conclusion selected). Queue: 57915 rules.
273000 rules inserted. Base: 183778 rules (1691 with conclusion selected). Queue: 57990 rules.
273200 rules inserted. Base: 183970 rules (1697 with conclusion selected). Queue: 58076 rules.
273400 rules inserted. Base: 184158 rules (1702 with conclusion selected). Queue: 58158 rules.
273600 rules inserted. Base: 184346 rules (1708 with conclusion selected). Queue: 58237 rules.
273800 rules inserted. Base: 184534 rules (1713 with conclusion selected). Queue: 58319 rules.
274000 rules inserted. Base: 184726 rules (1719 with conclusion selected). Queue: 58398 rules.
274200 rules inserted. Base: 184914 rules (1724 with conclusion selected). Queue: 58487 rules.
274400 rules inserted. Base: 185102 rules (1730 with conclusion selected). Queue: 58559 rules.
274600 rules inserted. Base: 185290 rules (1735 with conclusion selected). Queue: 58648 rules.
274800 rules inserted. Base: 185478 rules (1741 with conclusion selected). Queue: 58720 rules.
275000 rules inserted. Base: 185670 rules (1747 with conclusion selected). Queue: 58810 rules.
275200 rules inserted. Base: 185858 rules (1752 with conclusion selected). Queue: 58893 rules.
275400 rules inserted. Base: 186046 rules (1758 with conclusion selected). Queue: 58971 rules.
275600 rules inserted. Base: 186234 rules (1763 with conclusion selected). Queue: 59054 rules.
275800 rules inserted. Base: 186413 rules (1765 with conclusion selected). Queue: 59003 rules.
276000 rules inserted. Base: 186587 rules (1765 with conclusion selected). Queue: 58894 rules.
276200 rules inserted. Base: 186728 rules (1765 with conclusion selected). Queue: 58827 rules.
276400 rules inserted. Base: 186882 rules (1765 with conclusion selected). Queue: 58747 rules.
276600 rules inserted. Base: 187038 rules (1765 with conclusion selected). Queue: 58655 rules.
276800 rules inserted. Base: 187130 rules (1765 with conclusion selected). Queue: 58626 rules.
277000 rules inserted. Base: 187224 rules (1765 with conclusion selected). Queue: 58595 rules.
277200 rules inserted. Base: 187340 rules (1765 with conclusion selected). Queue: 58548 rules.
277400 rules inserted. Base: 187477 rules (1765 with conclusion selected). Queue: 58486 rules.
277600 rules inserted. Base: 187660 rules (1765 with conclusion selected). Queue: 58372 rules.
277800 rules inserted. Base: 187795 rules (1765 with conclusion selected). Queue: 58311 rules.
278000 rules inserted. Base: 187944 rules (1765 with conclusion selected). Queue: 58235 rules.
278200 rules inserted. Base: 188098 rules (1765 with conclusion selected). Queue: 58150 rules.
278400 rules inserted. Base: 188190 rules (1765 with conclusion selected). Queue: 58119 rules.
278600 rules inserted. Base: 188282 rules (1765 with conclusion selected). Queue: 58090 rules.
278800 rules inserted. Base: 188398 rules (1765 with conclusion selected). Queue: 58042 rules.
279000 rules inserted. Base: 188536 rules (1765 with conclusion selected). Queue: 57980 rules.
279200 rules inserted. Base: 188726 rules (1765 with conclusion selected). Queue: 57888 rules.
279400 rules inserted. Base: 188855 rules (1765 with conclusion selected). Queue: 57867 rules.
279600 rules inserted. Base: 188949 rules (1765 with conclusion selected). Queue: 57836 rules.
279800 rules inserted. Base: 189039 rules (1765 with conclusion selected). Queue: 57806 rules.
280000 rules inserted. Base: 189169 rules (1765 with conclusion selected). Queue: 57750 rules.
280200 rules inserted. Base: 189318 rules (1765 with conclusion selected). Queue: 57679 rules.
280400 rules inserted. Base: 189437 rules (1765 with conclusion selected). Queue: 57660 rules.
280600 rules inserted. Base: 189597 rules (1765 with conclusion selected). Queue: 57540 rules.
280800 rules inserted. Base: 189683 rules (1765 with conclusion selected). Queue: 57516 rules.
281000 rules inserted. Base: 189800 rules (1765 with conclusion selected). Queue: 57471 rules.
281200 rules inserted. Base: 189891 rules (1765 with conclusion selected). Queue: 57444 rules.
281400 rules inserted. Base: 189982 rules (1765 with conclusion selected). Queue: 57414 rules.
281600 rules inserted. Base: 190051 rules (1765 with conclusion selected). Queue: 57388 rules.
281800 rules inserted. Base: 190121 rules (1765 with conclusion selected). Queue: 57370 rules.
282000 rules inserted. Base: 190198 rules (1765 with conclusion selected). Queue: 57342 rules.
282200 rules inserted. Base: 190267 rules (1765 with conclusion selected). Queue: 57316 rules.
282400 rules inserted. Base: 190337 rules (1765 with conclusion selected). Queue: 57298 rules.
282600 rules inserted. Base: 190414 rules (1765 with conclusion selected). Queue: 57270 rules.
282800 rules inserted. Base: 190480 rules (1765 with conclusion selected). Queue: 57253 rules.
283000 rules inserted. Base: 190544 rules (1765 with conclusion selected). Queue: 57226 rules.
283200 rules inserted. Base: 190592 rules (1765 with conclusion selected). Queue: 57212 rules.
283400 rules inserted. Base: 190635 rules (1765 with conclusion selected). Queue: 57200 rules.
283600 rules inserted. Base: 190693 rules (1765 with conclusion selected). Queue: 57179 rules.
283800 rules inserted. Base: 190741 rules (1765 with conclusion selected). Queue: 57166 rules.
284000 rules inserted. Base: 190790 rules (1765 with conclusion selected). Queue: 57152 rules.
284200 rules inserted. Base: 190848 rules (1765 with conclusion selected). Queue: 57132 rules.
284400 rules inserted. Base: 190897 rules (1765 with conclusion selected). Queue: 57118 rules.
284600 rules inserted. Base: 190946 rules (1765 with conclusion selected). Queue: 57104 rules.
284800 rules inserted. Base: 191000 rules (1765 with conclusion selected). Queue: 57084 rules.
285000 rules inserted. Base: 191052 rules (1765 with conclusion selected). Queue: 57070 rules.
285200 rules inserted. Base: 191097 rules (1765 with conclusion selected). Queue: 57057 rules.
285400 rules inserted. Base: 191146 rules (1765 with conclusion selected). Queue: 57043 rules.
285600 rules inserted. Base: 191200 rules (1765 with conclusion selected). Queue: 57024 rules.
285800 rules inserted. Base: 191249 rules (1765 with conclusion selected). Queue: 57010 rules.
286000 rules inserted. Base: 191364 rules (1768 with conclusion selected). Queue: 56994 rules.
286200 rules inserted. Base: 191518 rules (1772 with conclusion selected). Queue: 56983 rules.
286400 rules inserted. Base: 191683 rules (1776 with conclusion selected). Queue: 56972 rules.
286600 rules inserted. Base: 191828 rules (1779 with conclusion selected). Queue: 56963 rules.
286800 rules inserted. Base: 191991 rules (1784 with conclusion selected). Queue: 56951 rules.
287000 rules inserted. Base: 192145 rules (1788 with conclusion selected). Queue: 56941 rules.
287200 rules inserted. Base: 192297 rules (1791 with conclusion selected). Queue: 56931 rules.
287400 rules inserted. Base: 192453 rules (1795 with conclusion selected). Queue: 56920 rules.
287600 rules inserted. Base: 192607 rules (1799 with conclusion selected). Queue: 56910 rules.
287800 rules inserted. Base: 192764 rules (1803 with conclusion selected). Queue: 56899 rules.
288000 rules inserted. Base: 192916 rules (1807 with conclusion selected). Queue: 56890 rules.
288200 rules inserted. Base: 193071 rules (1811 with conclusion selected). Queue: 56881 rules.
288400 rules inserted. Base: 193233 rules (1815 with conclusion selected). Queue: 56867 rules.
288600 rules inserted. Base: 193385 rules (1819 with conclusion selected). Queue: 56859 rules.
288800 rules inserted. Base: 193542 rules (1823 with conclusion selected). Queue: 56846 rules.
289000 rules inserted. Base: 193696 rules (1827 with conclusion selected). Queue: 56835 rules.
289200 rules inserted. Base: 193851 rules (1831 with conclusion selected). Queue: 56827 rules.
289400 rules inserted. Base: 194005 rules (1835 with conclusion selected). Queue: 56817 rules.
289600 rules inserted. Base: 194158 rules (1839 with conclusion selected). Queue: 56803 rules.
289800 rules inserted. Base: 194313 rules (1843 with conclusion selected). Queue: 56795 rules.
290000 rules inserted. Base: 194466 rules (1847 with conclusion selected). Queue: 56782 rules.
290200 rules inserted. Base: 194620 rules (1851 with conclusion selected). Queue: 56771 rules.
290400 rules inserted. Base: 194775 rules (1855 with conclusion selected). Queue: 56763 rules.
290600 rules inserted. Base: 194929 rules (1859 with conclusion selected). Queue: 56753 rules.
290800 rules inserted. Base: 195083 rules (1863 with conclusion selected). Queue: 56742 rules.
291000 rules inserted. Base: 195237 rules (1867 with conclusion selected). Queue: 56732 rules.
291200 rules inserted. Base: 195391 rules (1871 with conclusion selected). Queue: 56721 rules.
291400 rules inserted. Base: 195545 rules (1875 with conclusion selected). Queue: 56710 rules.
291600 rules inserted. Base: 195699 rules (1879 with conclusion selected). Queue: 56700 rules.
291800 rules inserted. Base: 195855 rules (1882 with conclusion selected). Queue: 56690 rules.
292000 rules inserted. Base: 196014 rules (1885 with conclusion selected). Queue: 56656 rules.
292200 rules inserted. Base: 196194 rules (1885 with conclusion selected). Queue: 56549 rules.
292400 rules inserted. Base: 196356 rules (1885 with conclusion selected). Queue: 56452 rules.
292600 rules inserted. Base: 196498 rules (1885 with conclusion selected). Queue: 56382 rules.
292800 rules inserted. Base: 196661 rules (1885 with conclusion selected). Queue: 56294 rules.
293000 rules inserted. Base: 196856 rules (1885 with conclusion selected). Queue: 56136 rules.
293200 rules inserted. Base: 197016 rules (1885 with conclusion selected). Queue: 56034 rules.
293400 rules inserted. Base: 197159 rules (1885 with conclusion selected). Queue: 55965 rules.
293600 rules inserted. Base: 197322 rules (1885 with conclusion selected). Queue: 55877 rules.
293800 rules inserted. Base: 197518 rules (1885 with conclusion selected). Queue: 55757 rules.
294000 rules inserted. Base: 197706 rules (1885 with conclusion selected). Queue: 55670 rules.
294200 rules inserted. Base: 197858 rules (1885 with conclusion selected). Queue: 55602 rules.
294400 rules inserted. Base: 198013 rules (1885 with conclusion selected). Queue: 55526 rules.
294600 rules inserted. Base: 198154 rules (1885 with conclusion selected). Queue: 55455 rules.
294800 rules inserted. Base: 198278 rules (1885 with conclusion selected). Queue: 55403 rules.
295000 rules inserted. Base: 198402 rules (1885 with conclusion selected). Queue: 55352 rules.
295200 rules inserted. Base: 198520 rules (1885 with conclusion selected). Queue: 55306 rules.
295400 rules inserted. Base: 198642 rules (1885 with conclusion selected). Queue: 55254 rules.
295600 rules inserted. Base: 198774 rules (1885 with conclusion selected). Queue: 55196 rules.
295800 rules inserted. Base: 198879 rules (1885 with conclusion selected). Queue: 55155 rules.
296000 rules inserted. Base: 198974 rules (1885 with conclusion selected). Queue: 55116 rules.
296200 rules inserted. Base: 199074 rules (1885 with conclusion selected). Queue: 55079 rules.
296400 rules inserted. Base: 199162 rules (1885 with conclusion selected). Queue: 55045 rules.
296600 rules inserted. Base: 199251 rules (1885 with conclusion selected). Queue: 55013 rules.
296800 rules inserted. Base: 199350 rules (1885 with conclusion selected). Queue: 54973 rules.
297000 rules inserted. Base: 199445 rules (1885 with conclusion selected). Queue: 54936 rules.
297200 rules inserted. Base: 199538 rules (1885 with conclusion selected). Queue: 54901 rules.
297400 rules inserted. Base: 199630 rules (1885 with conclusion selected). Queue: 54866 rules.
297600 rules inserted. Base: 199722 rules (1885 with conclusion selected). Queue: 54833 rules.
297800 rules inserted. Base: 199817 rules (1885 with conclusion selected). Queue: 54795 rules.
298000 rules inserted. Base: 199920 rules (1885 with conclusion selected). Queue: 54754 rules.
298200 rules inserted. Base: 200016 rules (1885 with conclusion selected). Queue: 54718 rules.
298400 rules inserted. Base: 200094 rules (1885 with conclusion selected). Queue: 54688 rules.
298600 rules inserted. Base: 200160 rules (1885 with conclusion selected). Queue: 54667 rules.
298800 rules inserted. Base: 200224 rules (1885 with conclusion selected). Queue: 54646 rules.
299000 rules inserted. Base: 200294 rules (1885 with conclusion selected). Queue: 54626 rules.
299200 rules inserted. Base: 200361 rules (1885 with conclusion selected). Queue: 54604 rules.
299400 rules inserted. Base: 200429 rules (1885 with conclusion selected). Queue: 54581 rules.
299600 rules inserted. Base: 200497 rules (1885 with conclusion selected). Queue: 54559 rules.
299800 rules inserted. Base: 200563 rules (1885 with conclusion selected). Queue: 54538 rules.
300000 rules inserted. Base: 200635 rules (1885 with conclusion selected). Queue: 54515 rules.
300200 rules inserted. Base: 200697 rules (1885 with conclusion selected). Queue: 54497 rules.
300400 rules inserted. Base: 200770 rules (1885 with conclusion selected). Queue: 54471 rules.
300600 rules inserted. Base: 200840 rules (1885 with conclusion selected). Queue: 54448 rules.
300800 rules inserted. Base: 200906 rules (1885 with conclusion selected). Queue: 54427 rules.
301000 rules inserted. Base: 200968 rules (1885 with conclusion selected). Queue: 54408 rules.
301200 rules inserted. Base: 201040 rules (1885 with conclusion selected). Queue: 54386 rules.
301400 rules inserted. Base: 201112 rules (1885 with conclusion selected). Queue: 54360 rules.
301600 rules inserted. Base: 201174 rules (1885 with conclusion selected). Queue: 54341 rules.
301800 rules inserted. Base: 201244 rules (1885 with conclusion selected). Queue: 54319 rules.
302000 rules inserted. Base: 201301 rules (1885 with conclusion selected). Queue: 54303 rules.
302200 rules inserted. Base: 201376 rules (1885 with conclusion selected). Queue: 54278 rules.
302400 rules inserted. Base: 201450 rules (1885 with conclusion selected). Queue: 54253 rules.
302600 rules inserted. Base: 201524 rules (1885 with conclusion selected). Queue: 54228 rules.
302800 rules inserted. Base: 201590 rules (1885 with conclusion selected). Queue: 54209 rules.
303000 rules inserted. Base: 201667 rules (1885 with conclusion selected). Queue: 54183 rules.
303200 rules inserted. Base: 201727 rules (1885 with conclusion selected). Queue: 54165 rules.
303400 rules inserted. Base: 201801 rules (1885 with conclusion selected). Queue: 54140 rules.
303600 rules inserted. Base: 201952 rules (1885 with conclusion selected). Queue: 54053 rules.
303800 rules inserted. Base: 202142 rules (1885 with conclusion selected). Queue: 53916 rules.
304000 rules inserted. Base: 202342 rules (1885 with conclusion selected). Queue: 53755 rules.
304200 rules inserted. Base: 202541 rules (1885 with conclusion selected). Queue: 53640 rules.
304400 rules inserted. Base: 202706 rules (1885 with conclusion selected). Queue: 53554 rules.
304600 rules inserted. Base: 202872 rules (1885 with conclusion selected). Queue: 53466 rules.
304800 rules inserted. Base: 203041 rules (1885 with conclusion selected). Queue: 53373 rules.
305000 rules inserted. Base: 203204 rules (1885 with conclusion selected). Queue: 53286 rules.
305200 rules inserted. Base: 203338 rules (1885 with conclusion selected). Queue: 53223 rules.
305400 rules inserted. Base: 203472 rules (1885 with conclusion selected). Queue: 53161 rules.
305600 rules inserted. Base: 203610 rules (1885 with conclusion selected). Queue: 53097 rules.
305800 rules inserted. Base: 203744 rules (1885 with conclusion selected). Queue: 53034 rules.
306000 rules inserted. Base: 203885 rules (1885 with conclusion selected). Queue: 52969 rules.
306200 rules inserted. Base: 204023 rules (1885 with conclusion selected). Queue: 52903 rules.
306400 rules inserted. Base: 204166 rules (1885 with conclusion selected). Queue: 52834 rules.
306600 rules inserted. Base: 204309 rules (1885 with conclusion selected). Queue: 52765 rules.
306800 rules inserted. Base: 204428 rules (1885 with conclusion selected). Queue: 52713 rules.
307000 rules inserted. Base: 204531 rules (1885 with conclusion selected). Queue: 52670 rules.
307200 rules inserted. Base: 204638 rules (1885 with conclusion selected). Queue: 52625 rules.
307400 rules inserted. Base: 204754 rules (1885 with conclusion selected). Queue: 52571 rules.
307600 rules inserted. Base: 204856 rules (1885 with conclusion selected). Queue: 52531 rules.
307800 rules inserted. Base: 204962 rules (1885 with conclusion selected). Queue: 52487 rules.
308000 rules inserted. Base: 205074 rules (1885 with conclusion selected). Queue: 52440 rules.
308200 rules inserted. Base: 205181 rules (1885 with conclusion selected). Queue: 52393 rules.
308400 rules inserted. Base: 205284 rules (1885 with conclusion selected). Queue: 52350 rules.
308600 rules inserted. Base: 205396 rules (1885 with conclusion selected). Queue: 52303 rules.
308800 rules inserted. Base: 205510 rules (1885 with conclusion selected). Queue: 52252 rules.
309000 rules inserted. Base: 205616 rules (1885 with conclusion selected). Queue: 52208 rules.
309200 rules inserted. Base: 205722 rules (1885 with conclusion selected). Queue: 52164 rules.
309400 rules inserted. Base: 205841 rules (1885 with conclusion selected). Queue: 52113 rules.
309600 rules inserted. Base: 205957 rules (1885 with conclusion selected). Queue: 52060 rules.
309800 rules inserted. Base: 206076 rules (1885 with conclusion selected). Queue: 52007 rules.
310000 rules inserted. Base: 206190 rules (1885 with conclusion selected). Queue: 51957 rules.
310200 rules inserted. Base: 206309 rules (1885 with conclusion selected). Queue: 51904 rules.
310400 rules inserted. Base: 206425 rules (1885 with conclusion selected). Queue: 51853 rules.
310600 rules inserted. Base: 206608 rules (1885 with conclusion selected). Queue: 51695 rules.
310800 rules inserted. Base: 206808 rules (1885 with conclusion selected). Queue: 51565 rules.
311000 rules inserted. Base: 206994 rules (1885 with conclusion selected). Queue: 51456 rules.
311200 rules inserted. Base: 207163 rules (1885 with conclusion selected). Queue: 51363 rules.
311400 rules inserted. Base: 207335 rules (1885 with conclusion selected). Queue: 51266 rules.
311600 rules inserted. Base: 207510 rules (1885 with conclusion selected). Queue: 51164 rules.
311800 rules inserted. Base: 207688 rules (1885 with conclusion selected). Queue: 51058 rules.
312000 rules inserted. Base: 207828 rules (1885 with conclusion selected). Queue: 50989 rules.
312200 rules inserted. Base: 207972 rules (1885 with conclusion selected). Queue: 50920 rules.
312400 rules inserted. Base: 208110 rules (1885 with conclusion selected). Queue: 50853 rules.
312600 rules inserted. Base: 208254 rules (1885 with conclusion selected). Queue: 50783 rules.
312800 rules inserted. Base: 208395 rules (1885 with conclusion selected). Queue: 50714 rules.
313000 rules inserted. Base: 208545 rules (1885 with conclusion selected). Queue: 50639 rules.
313200 rules inserted. Base: 208692 rules (1885 with conclusion selected). Queue: 50564 rules.
313400 rules inserted. Base: 208844 rules (1885 with conclusion selected). Queue: 50485 rules.
313600 rules inserted. Base: 208993 rules (1885 with conclusion selected). Queue: 50410 rules.
313800 rules inserted. Base: 209146 rules (1885 with conclusion selected). Queue: 50328 rules.
314000 rules inserted. Base: 209312 rules (1885 with conclusion selected). Queue: 50220 rules.
314200 rules inserted. Base: 209512 rules (1885 with conclusion selected). Queue: 50062 rules.
314400 rules inserted. Base: 209712 rules (1885 with conclusion selected). Queue: 49924 rules.
314600 rules inserted. Base: 209888 rules (1885 with conclusion selected). Queue: 49825 rules.
314800 rules inserted. Base: 210061 rules (1885 with conclusion selected). Queue: 49728 rules.
315000 rules inserted. Base: 210237 rules (1885 with conclusion selected). Queue: 49624 rules.
315200 rules inserted. Base: 210415 rules (1885 with conclusion selected). Queue: 49518 rules.
315400 rules inserted. Base: 210594 rules (1885 with conclusion selected). Queue: 49409 rules.
315600 rules inserted. Base: 210792 rules (1885 with conclusion selected). Queue: 49220 rules.
315800 rules inserted. Base: 210992 rules (1885 with conclusion selected). Queue: 49020 rules.
316000 rules inserted. Base: 211192 rules (1885 with conclusion selected). Queue: 48820 rules.
316200 rules inserted. Base: 211392 rules (1885 with conclusion selected). Queue: 48634 rules.
316400 rules inserted. Base: 211578 rules (1885 with conclusion selected). Queue: 48507 rules.
316600 rules inserted. Base: 211763 rules (1885 with conclusion selected). Queue: 48383 rules.
316800 rules inserted. Base: 211909 rules (1885 with conclusion selected). Queue: 48311 rules.
317000 rules inserted. Base: 212053 rules (1885 with conclusion selected). Queue: 48240 rules.
317200 rules inserted. Base: 212230 rules (1885 with conclusion selected). Queue: 48139 rules.
317400 rules inserted. Base: 212368 rules (1885 with conclusion selected). Queue: 48057 rules.
317600 rules inserted. Base: 212461 rules (1885 with conclusion selected). Queue: 48025 rules.
317800 rules inserted. Base: 212554 rules (1885 with conclusion selected). Queue: 47994 rules.
318000 rules inserted. Base: 212678 rules (1885 with conclusion selected). Queue: 47941 rules.
318200 rules inserted. Base: 212822 rules (1885 with conclusion selected). Queue: 47874 rules.
318400 rules inserted. Base: 213012 rules (1885 with conclusion selected). Queue: 47750 rules.
318600 rules inserted. Base: 213190 rules (1885 with conclusion selected). Queue: 47641 rules.
318800 rules inserted. Base: 213362 rules (1885 with conclusion selected). Queue: 47536 rules.
319000 rules inserted. Base: 213501 rules (1885 with conclusion selected). Queue: 47470 rules.
319200 rules inserted. Base: 213659 rules (1885 with conclusion selected). Queue: 47386 rules.
319400 rules inserted. Base: 213806 rules (1885 with conclusion selected). Queue: 47302 rules.
319600 rules inserted. Base: 213899 rules (1885 with conclusion selected). Queue: 47272 rules.
319800 rules inserted. Base: 213993 rules (1885 with conclusion selected). Queue: 47241 rules.
320000 rules inserted. Base: 214112 rules (1885 with conclusion selected). Queue: 47192 rules.
320200 rules inserted. Base: 214253 rules (1885 with conclusion selected). Queue: 47126 rules.
320400 rules inserted. Base: 214435 rules (1885 with conclusion selected). Queue: 47014 rules.
320600 rules inserted. Base: 214570 rules (1885 with conclusion selected). Queue: 46952 rules.
320800 rules inserted. Base: 214720 rules (1885 with conclusion selected). Queue: 46876 rules.
321000 rules inserted. Base: 214866 rules (1885 with conclusion selected). Queue: 46796 rules.
321200 rules inserted. Base: 214958 rules (1885 with conclusion selected). Queue: 46766 rules.
321400 rules inserted. Base: 215050 rules (1885 with conclusion selected). Queue: 46736 rules.
321600 rules inserted. Base: 215170 rules (1885 with conclusion selected). Queue: 46686 rules.
321800 rules inserted. Base: 215312 rules (1885 with conclusion selected). Queue: 46620 rules.
322000 rules inserted. Base: 215506 rules (1885 with conclusion selected). Queue: 46538 rules.
322200 rules inserted. Base: 215624 rules (1885 with conclusion selected). Queue: 46513 rules.
322400 rules inserted. Base: 215718 rules (1885 with conclusion selected). Queue: 46482 rules.
322600 rules inserted. Base: 215814 rules (1885 with conclusion selected). Queue: 46448 rules.
322800 rules inserted. Base: 215941 rules (1885 with conclusion selected). Queue: 46394 rules.
323000 rules inserted. Base: 216098 rules (1885 with conclusion selected). Queue: 46318 rules.
323200 rules inserted. Base: 216206 rules (1885 with conclusion selected). Queue: 46310 rules.
323400 rules inserted. Base: 216360 rules (1885 with conclusion selected). Queue: 46190 rules.
323600 rules inserted. Base: 216446 rules (1885 with conclusion selected). Queue: 46166 rules.
323800 rules inserted. Base: 216562 rules (1885 with conclusion selected). Queue: 46122 rules.
324000 rules inserted. Base: 216654 rules (1885 with conclusion selected). Queue: 46094 rules.
324200 rules inserted. Base: 216742 rules (1885 with conclusion selected). Queue: 46064 rules.
324400 rules inserted. Base: 216823 rules (1885 with conclusion selected). Queue: 46034 rules.
324600 rules inserted. Base: 216885 rules (1885 with conclusion selected). Queue: 46019 rules.
324800 rules inserted. Base: 216958 rules (1885 with conclusion selected). Queue: 45992 rules.
325000 rules inserted. Base: 217039 rules (1885 with conclusion selected). Queue: 45962 rules.
325200 rules inserted. Base: 217101 rules (1885 with conclusion selected). Queue: 45947 rules.
325400 rules inserted. Base: 217174 rules (1885 with conclusion selected). Queue: 45920 rules.
325600 rules inserted. Base: 217255 rules (1885 with conclusion selected). Queue: 45890 rules.
325800 rules inserted. Base: 217304 rules (1885 with conclusion selected). Queue: 45876 rules.
326000 rules inserted. Base: 217353 rules (1885 with conclusion selected). Queue: 45862 rules.
326200 rules inserted. Base: 217402 rules (1885 with conclusion selected). Queue: 45847 rules.
326400 rules inserted. Base: 217455 rules (1885 with conclusion selected). Queue: 45829 rules.
326600 rules inserted. Base: 217504 rules (1885 with conclusion selected). Queue: 45815 rules.
326800 rules inserted. Base: 217553 rules (1885 with conclusion selected). Queue: 45801 rules.
327000 rules inserted. Base: 217607 rules (1885 with conclusion selected). Queue: 45782 rules.
327200 rules inserted. Base: 217656 rules (1885 with conclusion selected). Queue: 45768 rules.
327400 rules inserted. Base: 217705 rules (1885 with conclusion selected). Queue: 45754 rules.
327600 rules inserted. Base: 217762 rules (1885 with conclusion selected). Queue: 45734 rules.
327800 rules inserted. Base: 217811 rules (1885 with conclusion selected). Queue: 45720 rules.
328000 rules inserted. Base: 217860 rules (1885 with conclusion selected). Queue: 45706 rules.
328200 rules inserted. Base: 217918 rules (1885 with conclusion selected). Queue: 45686 rules.
328400 rules inserted. Base: 217967 rules (1885 with conclusion selected). Queue: 45672 rules.
328600 rules inserted. Base: 218016 rules (1885 with conclusion selected). Queue: 45658 rules.
328800 rules inserted. Base: 218148 rules (1888 with conclusion selected). Queue: 45644 rules.
329000 rules inserted. Base: 218305 rules (1892 with conclusion selected). Queue: 45633 rules.
329200 rules inserted. Base: 218460 rules (1896 with conclusion selected). Queue: 45623 rules.
329400 rules inserted. Base: 218616 rules (1900 with conclusion selected). Queue: 45612 rules.
329600 rules inserted. Base: 218771 rules (1904 with conclusion selected). Queue: 45601 rules.
329800 rules inserted. Base: 218925 rules (1908 with conclusion selected). Queue: 45591 rules.
330000 rules inserted. Base: 219079 rules (1912 with conclusion selected). Queue: 45580 rules.
330200 rules inserted. Base: 219233 rules (1916 with conclusion selected). Queue: 45569 rules.
330400 rules inserted. Base: 219387 rules (1920 with conclusion selected). Queue: 45559 rules.
330600 rules inserted. Base: 219541 rules (1924 with conclusion selected). Queue: 45548 rules.
330800 rules inserted. Base: 219695 rules (1928 with conclusion selected). Queue: 45537 rules.
331000 rules inserted. Base: 219849 rules (1932 with conclusion selected). Queue: 45527 rules.
331200 rules inserted. Base: 220003 rules (1936 with conclusion selected). Queue: 45516 rules.
331400 rules inserted. Base: 220157 rules (1940 with conclusion selected). Queue: 45505 rules.
331600 rules inserted. Base: 220311 rules (1944 with conclusion selected). Queue: 45495 rules.
331800 rules inserted. Base: 220465 rules (1948 with conclusion selected). Queue: 45484 rules.
332000 rules inserted. Base: 220619 rules (1951 with conclusion selected). Queue: 45474 rules.
332200 rules inserted. Base: 220774 rules (1955 with conclusion selected). Queue: 45464 rules.
332400 rules inserted. Base: 220928 rules (1959 with conclusion selected). Queue: 45454 rules.
332600 rules inserted. Base: 221082 rules (1963 with conclusion selected). Queue: 45446 rules.
332800 rules inserted. Base: 221239 rules (1967 with conclusion selected). Queue: 45435 rules.
333000 rules inserted. Base: 221396 rules (1971 with conclusion selected). Queue: 45424 rules.
333200 rules inserted. Base: 221551 rules (1975 with conclusion selected). Queue: 45414 rules.
333400 rules inserted. Base: 221708 rules (1979 with conclusion selected). Queue: 45403 rules.
333600 rules inserted. Base: 221863 rules (1983 with conclusion selected). Queue: 45392 rules.
333800 rules inserted. Base: 222017 rules (1987 with conclusion selected). Queue: 45382 rules.
334000 rules inserted. Base: 222171 rules (1991 with conclusion selected). Queue: 45371 rules.
334200 rules inserted. Base: 222325 rules (1995 with conclusion selected). Queue: 45360 rules.
334400 rules inserted. Base: 222479 rules (1999 with conclusion selected). Queue: 45350 rules.
334600 rules inserted. Base: 222633 rules (2003 with conclusion selected). Queue: 45339 rules.
334800 rules inserted. Base: 222798 rules (2005 with conclusion selected). Queue: 45282 rules.
335000 rules inserted. Base: 222984 rules (2005 with conclusion selected). Queue: 45155 rules.
335200 rules inserted. Base: 223174 rules (2005 with conclusion selected). Queue: 45022 rules.
335400 rules inserted. Base: 223323 rules (2005 with conclusion selected). Queue: 44947 rules.
335600 rules inserted. Base: 223469 rules (2005 with conclusion selected). Queue: 44875 rules.
335800 rules inserted. Base: 223636 rules (2005 with conclusion selected). Queue: 44782 rules.
336000 rules inserted. Base: 223828 rules (2005 with conclusion selected). Queue: 44648 rules.
336200 rules inserted. Base: 224006 rules (2005 with conclusion selected). Queue: 44541 rules.
336400 rules inserted. Base: 224179 rules (2005 with conclusion selected). Queue: 44430 rules.
336600 rules inserted. Base: 224326 rules (2005 with conclusion selected). Queue: 44355 rules.
336800 rules inserted. Base: 224480 rules (2005 with conclusion selected). Queue: 44275 rules.
337000 rules inserted. Base: 224662 rules (2005 with conclusion selected). Queue: 44166 rules.
337200 rules inserted. Base: 224852 rules (2005 with conclusion selected). Queue: 43996 rules.
337400 rules inserted. Base: 224998 rules (2005 with conclusion selected). Queue: 43925 rules.
337600 rules inserted. Base: 225146 rules (2005 with conclusion selected). Queue: 43851 rules.
337800 rules inserted. Base: 225319 rules (2005 with conclusion selected). Queue: 43752 rules.
338000 rules inserted. Base: 225518 rules (2005 with conclusion selected). Queue: 43629 rules.
338200 rules inserted. Base: 225703 rules (2005 with conclusion selected). Queue: 43544 rules.
338400 rules inserted. Base: 225865 rules (2005 with conclusion selected). Queue: 43458 rules.
338600 rules inserted. Base: 226027 rules (2005 with conclusion selected). Queue: 43372 rules.
338800 rules inserted. Base: 226177 rules (2005 with conclusion selected). Queue: 43302 rules.
339000 rules inserted. Base: 226302 rules (2005 with conclusion selected). Queue: 43249 rules.
339200 rules inserted. Base: 226430 rules (2005 with conclusion selected). Queue: 43194 rules.
339400 rules inserted. Base: 226558 rules (2005 with conclusion selected). Queue: 43139 rules.
339600 rules inserted. Base: 226685 rules (2005 with conclusion selected). Queue: 43085 rules.
339800 rules inserted. Base: 226812 rules (2005 with conclusion selected). Queue: 43031 rules.
340000 rules inserted. Base: 226938 rules (2005 with conclusion selected). Queue: 42977 rules.
340200 rules inserted. Base: 227046 rules (2005 with conclusion selected). Queue: 42932 rules.
340400 rules inserted. Base: 227141 rules (2005 with conclusion selected). Queue: 42897 rules.
340600 rules inserted. Base: 227237 rules (2005 with conclusion selected). Queue: 42861 rules.
340800 rules inserted. Base: 227342 rules (2005 with conclusion selected). Queue: 42817 rules.
341000 rules inserted. Base: 227438 rules (2005 with conclusion selected). Queue: 42778 rules.
341200 rules inserted. Base: 227533 rules (2005 with conclusion selected). Queue: 42743 rules.
341400 rules inserted. Base: 227634 rules (2005 with conclusion selected). Queue: 42702 rules.
341600 rules inserted. Base: 227728 rules (2005 with conclusion selected). Queue: 42666 rules.
341800 rules inserted. Base: 227829 rules (2005 with conclusion selected). Queue: 42627 rules.
342000 rules inserted. Base: 227925 rules (2005 with conclusion selected). Queue: 42589 rules.
342200 rules inserted. Base: 228021 rules (2005 with conclusion selected). Queue: 42553 rules.
342400 rules inserted. Base: 228119 rules (2005 with conclusion selected). Queue: 42514 rules.
342600 rules inserted. Base: 228221 rules (2005 with conclusion selected). Queue: 42473 rules.
342800 rules inserted. Base: 228315 rules (2005 with conclusion selected). Queue: 42437 rules.
343000 rules inserted. Base: 228404 rules (2005 with conclusion selected). Queue: 42405 rules.
343200 rules inserted. Base: 228473 rules (2005 with conclusion selected). Queue: 42383 rules.
343400 rules inserted. Base: 228540 rules (2005 with conclusion selected). Queue: 42361 rules.
343600 rules inserted. Base: 228613 rules (2005 with conclusion selected). Queue: 42336 rules.
343800 rules inserted. Base: 228681 rules (2005 with conclusion selected). Queue: 42317 rules.
344000 rules inserted. Base: 228750 rules (2005 with conclusion selected). Queue: 42295 rules.
344200 rules inserted. Base: 228822 rules (2005 with conclusion selected). Queue: 42270 rules.
344400 rules inserted. Base: 228891 rules (2005 with conclusion selected). Queue: 42247 rules.
344600 rules inserted. Base: 228964 rules (2005 with conclusion selected). Queue: 42225 rules.
344800 rules inserted. Base: 229038 rules (2005 with conclusion selected). Queue: 42200 rules.
345000 rules inserted. Base: 229108 rules (2005 with conclusion selected). Queue: 42178 rules.
345200 rules inserted. Base: 229184 rules (2005 with conclusion selected). Queue: 42152 rules.
345400 rules inserted. Base: 229245 rules (2005 with conclusion selected). Queue: 42134 rules.
345600 rules inserted. Base: 229323 rules (2005 with conclusion selected). Queue: 42108 rules.
345800 rules inserted. Base: 229391 rules (2005 with conclusion selected). Queue: 42086 rules.
346000 rules inserted. Base: 229462 rules (2005 with conclusion selected). Queue: 42064 rules.
346200 rules inserted. Base: 229531 rules (2005 with conclusion selected). Queue: 42042 rules.
346400 rules inserted. Base: 229604 rules (2005 with conclusion selected). Queue: 42017 rules.
346600 rules inserted. Base: 229668 rules (2005 with conclusion selected). Queue: 41998 rules.
346800 rules inserted. Base: 229741 rules (2005 with conclusion selected). Queue: 41972 rules.
347000 rules inserted. Base: 229816 rules (2005 with conclusion selected). Queue: 41947 rules.
347200 rules inserted. Base: 229888 rules (2005 with conclusion selected). Queue: 41925 rules.
347400 rules inserted. Base: 229958 rules (2005 with conclusion selected). Queue: 41903 rules.
347600 rules inserted. Base: 230027 rules (2005 with conclusion selected). Queue: 41881 rules.
347800 rules inserted. Base: 230095 rules (2005 with conclusion selected). Queue: 41859 rules.
348000 rules inserted. Base: 230166 rules (2005 with conclusion selected). Queue: 41835 rules.
348200 rules inserted. Base: 230240 rules (2005 with conclusion selected). Queue: 41811 rules.
348400 rules inserted. Base: 230312 rules (2005 with conclusion selected). Queue: 41789 rules.
348600 rules inserted. Base: 230381 rules (2005 with conclusion selected). Queue: 41767 rules.
348800 rules inserted. Base: 230555 rules (2005 with conclusion selected). Queue: 41638 rules.
349000 rules inserted. Base: 230737 rules (2005 with conclusion selected). Queue: 41526 rules.
349200 rules inserted. Base: 230929 rules (2005 with conclusion selected). Queue: 41386 rules.
349400 rules inserted. Base: 231110 rules (2005 with conclusion selected). Queue: 41274 rules.
349600 rules inserted. Base: 231310 rules (2005 with conclusion selected). Queue: 41098 rules.
349800 rules inserted. Base: 231510 rules (2005 with conclusion selected). Queue: 40957 rules.
350000 rules inserted. Base: 231707 rules (2005 with conclusion selected). Queue: 40831 rules.
350200 rules inserted. Base: 231878 rules (2005 with conclusion selected). Queue: 40738 rules.
350400 rules inserted. Base: 232051 rules (2005 with conclusion selected). Queue: 40640 rules.
350600 rules inserted. Base: 232223 rules (2005 with conclusion selected). Queue: 40545 rules.
350800 rules inserted. Base: 232398 rules (2005 with conclusion selected). Queue: 40443 rules.
351000 rules inserted. Base: 232550 rules (2005 with conclusion selected). Queue: 40367 rules.
351200 rules inserted. Base: 232695 rules (2005 with conclusion selected). Queue: 40296 rules.
351400 rules inserted. Base: 232839 rules (2005 with conclusion selected). Queue: 40224 rules.
351600 rules inserted. Base: 232982 rules (2005 with conclusion selected). Queue: 40154 rules.
351800 rules inserted. Base: 233128 rules (2005 with conclusion selected). Queue: 40083 rules.
352000 rules inserted. Base: 233272 rules (2005 with conclusion selected). Queue: 40012 rules.
352200 rules inserted. Base: 233415 rules (2005 with conclusion selected). Queue: 39942 rules.
352400 rules inserted. Base: 233558 rules (2005 with conclusion selected). Queue: 39874 rules.
352600 rules inserted. Base: 233704 rules (2005 with conclusion selected). Queue: 39801 rules.
352800 rules inserted. Base: 233854 rules (2005 with conclusion selected). Queue: 39725 rules.
353000 rules inserted. Base: 233995 rules (2005 with conclusion selected). Queue: 39656 rules.
353200 rules inserted. Base: 234109 rules (2005 with conclusion selected). Queue: 39604 rules.
353400 rules inserted. Base: 234225 rules (2005 with conclusion selected). Queue: 39555 rules.
353600 rules inserted. Base: 234338 rules (2005 with conclusion selected). Queue: 39504 rules.
353800 rules inserted. Base: 234454 rules (2005 with conclusion selected). Queue: 39454 rules.
354000 rules inserted. Base: 234577 rules (2005 with conclusion selected). Queue: 39397 rules.
354200 rules inserted. Base: 234687 rules (2005 with conclusion selected). Queue: 39351 rules.
354400 rules inserted. Base: 234805 rules (2005 with conclusion selected). Queue: 39299 rules.
354600 rules inserted. Base: 234925 rules (2005 with conclusion selected). Queue: 39243 rules.
354800 rules inserted. Base: 235044 rules (2005 with conclusion selected). Queue: 39190 rules.
355000 rules inserted. Base: 235157 rules (2005 with conclusion selected). Queue: 39141 rules.
355200 rules inserted. Base: 235274 rules (2005 with conclusion selected). Queue: 39088 rules.
355400 rules inserted. Base: 235383 rules (2005 with conclusion selected). Queue: 39043 rules.
355600 rules inserted. Base: 235507 rules (2005 with conclusion selected). Queue: 38988 rules.
355800 rules inserted. Base: 235622 rules (2005 with conclusion selected). Queue: 38935 rules.
356000 rules inserted. Base: 235737 rules (2005 with conclusion selected). Queue: 38886 rules.
356200 rules inserted. Base: 235854 rules (2005 with conclusion selected). Queue: 38832 rules.
356400 rules inserted. Base: 235970 rules (2005 with conclusion selected). Queue: 38782 rules.
356600 rules inserted. Base: 236095 rules (2005 with conclusion selected). Queue: 38725 rules.
356800 rules inserted. Base: 236212 rules (2005 with conclusion selected). Queue: 38674 rules.
357000 rules inserted. Base: 236332 rules (2005 with conclusion selected). Queue: 38618 rules.
357200 rules inserted. Base: 236454 rules (2005 with conclusion selected). Queue: 38564 rules.
357400 rules inserted. Base: 236570 rules (2005 with conclusion selected). Queue: 38513 rules.
357600 rules inserted. Base: 236694 rules (2005 with conclusion selected). Queue: 38452 rules.
357800 rules inserted. Base: 236894 rules (2005 with conclusion selected). Queue: 38274 rules.
358000 rules inserted. Base: 237094 rules (2005 with conclusion selected). Queue: 38124 rules.
358200 rules inserted. Base: 237294 rules (2005 with conclusion selected). Queue: 37982 rules.
358400 rules inserted. Base: 237476 rules (2005 with conclusion selected). Queue: 37868 rules.
358600 rules inserted. Base: 237654 rules (2005 with conclusion selected). Queue: 37762 rules.
358800 rules inserted. Base: 237832 rules (2005 with conclusion selected). Queue: 37655 rules.
359000 rules inserted. Base: 238012 rules (2005 with conclusion selected). Queue: 37547 rules.
359200 rules inserted. Base: 238193 rules (2005 with conclusion selected). Queue: 37434 rules.
359400 rules inserted. Base: 238374 rules (2005 with conclusion selected). Queue: 37322 rules.
359600 rules inserted. Base: 238525 rules (2005 with conclusion selected). Queue: 37243 rules.
359800 rules inserted. Base: 238677 rules (2005 with conclusion selected). Queue: 37163 rules.
360000 rules inserted. Base: 238833 rules (2005 with conclusion selected). Queue: 37079 rules.
360200 rules inserted. Base: 238983 rules (2005 with conclusion selected). Queue: 37001 rules.
360400 rules inserted. Base: 239138 rules (2005 with conclusion selected). Queue: 36920 rules.
360600 rules inserted. Base: 239292 rules (2005 with conclusion selected). Queue: 36837 rules.
360800 rules inserted. Base: 239441 rules (2005 with conclusion selected). Queue: 36761 rules.
361000 rules inserted. Base: 239600 rules (2005 with conclusion selected). Queue: 36676 rules.
361200 rules inserted. Base: 239753 rules (2005 with conclusion selected). Queue: 36593 rules.
361400 rules inserted. Base: 239906 rules (2005 with conclusion selected). Queue: 36512 rules.
361600 rules inserted. Base: 240068 rules (2005 with conclusion selected). Queue: 36424 rules.
361800 rules inserted. Base: 240225 rules (2005 with conclusion selected). Queue: 36336 rules.
362000 rules inserted. Base: 240383 rules (2005 with conclusion selected). Queue: 36251 rules.
362200 rules inserted. Base: 240543 rules (2005 with conclusion selected). Queue: 36162 rules.
362400 rules inserted. Base: 240726 rules (2005 with conclusion selected). Queue: 36008 rules.
362600 rules inserted. Base: 240926 rules (2005 with conclusion selected). Queue: 35864 rules.
362800 rules inserted. Base: 241126 rules (2005 with conclusion selected). Queue: 35714 rules.
363000 rules inserted. Base: 241311 rules (2005 with conclusion selected). Queue: 35593 rules.
363200 rules inserted. Base: 241491 rules (2005 with conclusion selected). Queue: 35483 rules.
363400 rules inserted. Base: 241672 rules (2005 with conclusion selected). Queue: 35370 rules.
363600 rules inserted. Base: 241855 rules (2005 with conclusion selected). Queue: 35254 rules.
363800 rules inserted. Base: 242037 rules (2005 with conclusion selected). Queue: 35140 rules.
364000 rules inserted. Base: 242222 rules (2005 with conclusion selected). Queue: 35018 rules.
364200 rules inserted. Base: 242408 rules (2005 with conclusion selected). Queue: 34895 rules.
364400 rules inserted. Base: 242606 rules (2005 with conclusion selected). Queue: 34720 rules.
364600 rules inserted. Base: 242806 rules (2005 with conclusion selected). Queue: 34573 rules.
364800 rules inserted. Base: 243006 rules (2005 with conclusion selected). Queue: 34420 rules.
365000 rules inserted. Base: 243204 rules (2005 with conclusion selected). Queue: 34259 rules.
365200 rules inserted. Base: 243386 rules (2005 with conclusion selected). Queue: 34145 rules.
365400 rules inserted. Base: 243572 rules (2005 with conclusion selected). Queue: 34012 rules.
365600 rules inserted. Base: 243718 rules (2005 with conclusion selected). Queue: 33941 rules.
365800 rules inserted. Base: 243867 rules (2005 with conclusion selected). Queue: 33865 rules.
366000 rules inserted. Base: 244039 rules (2005 with conclusion selected). Queue: 33768 rules.
366200 rules inserted. Base: 244238 rules (2005 with conclusion selected). Queue: 33615 rules.
366400 rules inserted. Base: 244427 rules (2005 with conclusion selected). Queue: 33482 rules.
366600 rules inserted. Base: 244614 rules (2005 with conclusion selected). Queue: 33361 rules.
366800 rules inserted. Base: 244769 rules (2005 with conclusion selected). Queue: 33270 rules.
367000 rules inserted. Base: 244918 rules (2005 with conclusion selected). Queue: 33196 rules.
367200 rules inserted. Base: 245080 rules (2005 with conclusion selected). Queue: 33107 rules.
367400 rules inserted. Base: 245270 rules (2005 with conclusion selected). Queue: 32976 rules.
367600 rules inserted. Base: 245448 rules (2005 with conclusion selected). Queue: 32870 rules.
367800 rules inserted. Base: 245626 rules (2005 with conclusion selected). Queue: 32751 rules.
368000 rules inserted. Base: 245774 rules (2005 with conclusion selected). Queue: 32679 rules.
368200 rules inserted. Base: 245923 rules (2005 with conclusion selected). Queue: 32602 rules.
368400 rules inserted. Base: 246102 rules (2005 with conclusion selected). Queue: 32497 rules.
368600 rules inserted. Base: 246298 rules (2005 with conclusion selected). Queue: 32321 rules.
368800 rules inserted. Base: 246447 rules (2005 with conclusion selected). Queue: 32245 rules.
369000 rules inserted. Base: 246592 rules (2005 with conclusion selected). Queue: 32174 rules.
369200 rules inserted. Base: 246762 rules (2005 with conclusion selected). Queue: 32078 rules.
369400 rules inserted. Base: 246958 rules (2005 with conclusion selected). Queue: 31955 rules.
369600 rules inserted. Base: 247150 rules (2005 with conclusion selected). Queue: 31863 rules.
369800 rules inserted. Base: 247310 rules (2005 with conclusion selected). Queue: 31782 rules.
370000 rules inserted. Base: 247468 rules (2005 with conclusion selected). Queue: 31709 rules.
370200 rules inserted. Base: 247622 rules (2005 with conclusion selected). Queue: 31627 rules.
370400 rules inserted. Base: 247749 rules (2005 with conclusion selected). Queue: 31573 rules.
370600 rules inserted. Base: 247876 rules (2005 with conclusion selected). Queue: 31519 rules.
370800 rules inserted. Base: 248002 rules (2005 with conclusion selected). Queue: 31465 rules.
371000 rules inserted. Base: 248130 rules (2005 with conclusion selected). Queue: 31410 rules.
371200 rules inserted. Base: 248257 rules (2005 with conclusion selected). Queue: 31356 rules.
371400 rules inserted. Base: 248384 rules (2005 with conclusion selected). Queue: 31302 rules.
371600 rules inserted. Base: 248497 rules (2005 with conclusion selected). Queue: 31254 rules.
371800 rules inserted. Base: 248592 rules (2005 with conclusion selected). Queue: 31216 rules.
372000 rules inserted. Base: 248695 rules (2005 with conclusion selected). Queue: 31175 rules.
372200 rules inserted. Base: 248794 rules (2005 with conclusion selected). Queue: 31136 rules.
372400 rules inserted. Base: 248889 rules (2005 with conclusion selected). Queue: 31100 rules.
372600 rules inserted. Base: 248984 rules (2005 with conclusion selected). Queue: 31063 rules.
372800 rules inserted. Base: 249087 rules (2005 with conclusion selected). Queue: 31021 rules.
373000 rules inserted. Base: 249183 rules (2005 with conclusion selected). Queue: 30985 rules.
373200 rules inserted. Base: 249281 rules (2005 with conclusion selected). Queue: 30946 rules.
373400 rules inserted. Base: 249376 rules (2005 with conclusion selected). Queue: 30909 rules.
373600 rules inserted. Base: 249478 rules (2005 with conclusion selected). Queue: 30868 rules.
373800 rules inserted. Base: 249575 rules (2005 with conclusion selected). Queue: 30831 rules.
374000 rules inserted. Base: 249671 rules (2005 with conclusion selected). Queue: 30795 rules.
374200 rules inserted. Base: 249768 rules (2005 with conclusion selected). Queue: 30755 rules.
374400 rules inserted. Base: 249856 rules (2005 with conclusion selected). Queue: 30722 rules.
374600 rules inserted. Base: 249929 rules (2005 with conclusion selected). Queue: 30699 rules.
374800 rules inserted. Base: 249998 rules (2005 with conclusion selected). Queue: 30677 rules.
375000 rules inserted. Base: 250067 rules (2005 with conclusion selected). Queue: 30655 rules.
375200 rules inserted. Base: 250135 rules (2005 with conclusion selected). Queue: 30633 rules.
375400 rules inserted. Base: 250209 rules (2005 with conclusion selected). Queue: 30608 rules.
375600 rules inserted. Base: 250281 rules (2005 with conclusion selected). Queue: 30585 rules.
375800 rules inserted. Base: 250353 rules (2005 with conclusion selected). Queue: 30563 rules.
376000 rules inserted. Base: 250422 rules (2005 with conclusion selected). Queue: 30541 rules.
376200 rules inserted. Base: 250490 rules (2005 with conclusion selected). Queue: 30519 rules.
376400 rules inserted. Base: 250559 rules (2005 with conclusion selected). Queue: 30496 rules.
376600 rules inserted. Base: 250634 rules (2005 with conclusion selected). Queue: 30471 rules.
376800 rules inserted. Base: 250706 rules (2005 with conclusion selected). Queue: 30447 rules.
377000 rules inserted. Base: 250779 rules (2005 with conclusion selected). Queue: 30424 rules.
377200 rules inserted. Base: 250848 rules (2005 with conclusion selected). Queue: 30402 rules.
377400 rules inserted. Base: 250917 rules (2005 with conclusion selected). Queue: 30380 rules.
377600 rules inserted. Base: 250985 rules (2005 with conclusion selected). Queue: 30358 rules.
377800 rules inserted. Base: 251059 rules (2005 with conclusion selected). Queue: 30333 rules.
378000 rules inserted. Base: 251131 rules (2005 with conclusion selected). Queue: 30310 rules.
378200 rules inserted. Base: 251203 rules (2005 with conclusion selected). Queue: 30288 rules.
378400 rules inserted. Base: 251272 rules (2005 with conclusion selected). Queue: 30266 rules.
378600 rules inserted. Base: 251340 rules (2005 with conclusion selected). Queue: 30244 rules.
378800 rules inserted. Base: 251409 rules (2005 with conclusion selected). Queue: 30221 rules.
379000 rules inserted. Base: 251484 rules (2005 with conclusion selected). Queue: 30196 rules.
379200 rules inserted. Base: 251556 rules (2005 with conclusion selected). Queue: 30172 rules.
379400 rules inserted. Base: 251629 rules (2005 with conclusion selected). Queue: 30149 rules.
379600 rules inserted. Base: 251698 rules (2005 with conclusion selected). Queue: 30127 rules.
379800 rules inserted. Base: 251767 rules (2005 with conclusion selected). Queue: 30105 rules.
380000 rules inserted. Base: 251835 rules (2005 with conclusion selected). Queue: 30083 rules.
380200 rules inserted. Base: 251998 rules (2005 with conclusion selected). Queue: 29962 rules.
380400 rules inserted. Base: 252184 rules (2005 with conclusion selected). Queue: 29835 rules.
380600 rules inserted. Base: 252374 rules (2005 with conclusion selected). Queue: 29704 rules.
380800 rules inserted. Base: 252571 rules (2005 with conclusion selected). Queue: 29545 rules.
381000 rules inserted. Base: 252755 rules (2005 with conclusion selected). Queue: 29428 rules.
381200 rules inserted. Base: 252948 rules (2005 with conclusion selected). Queue: 29285 rules.
381400 rules inserted. Base: 253131 rules (2005 with conclusion selected). Queue: 29169 rules.
381600 rules inserted. Base: 253326 rules (2005 with conclusion selected). Queue: 29018 rules.
381800 rules inserted. Base: 253526 rules (2005 with conclusion selected). Queue: 28852 rules.
382000 rules inserted. Base: 253726 rules (2005 with conclusion selected). Queue: 28718 rules.
382200 rules inserted. Base: 253909 rules (2005 with conclusion selected). Queue: 28608 rules.
382400 rules inserted. Base: 254084 rules (2005 with conclusion selected). Queue: 28509 rules.
382600 rules inserted. Base: 254258 rules (2005 with conclusion selected). Queue: 28410 rules.
382800 rules inserted. Base: 254433 rules (2005 with conclusion selected). Queue: 28310 rules.
383000 rules inserted. Base: 254608 rules (2005 with conclusion selected). Queue: 28210 rules.
383200 rules inserted. Base: 254760 rules (2005 with conclusion selected). Queue: 28131 rules.
383400 rules inserted. Base: 254906 rules (2005 with conclusion selected). Queue: 28058 rules.
383600 rules inserted. Base: 255054 rules (2005 with conclusion selected). Queue: 27986 rules.
383800 rules inserted. Base: 255200 rules (2005 with conclusion selected). Queue: 27913 rules.
384000 rules inserted. Base: 255350 rules (2005 with conclusion selected). Queue: 27836 rules.
384200 rules inserted. Base: 255496 rules (2005 with conclusion selected). Queue: 27763 rules.
384400 rules inserted. Base: 255642 rules (2005 with conclusion selected). Queue: 27692 rules.
384600 rules inserted. Base: 255790 rules (2005 with conclusion selected). Queue: 27618 rules.
384800 rules inserted. Base: 255936 rules (2005 with conclusion selected). Queue: 27545 rules.
385000 rules inserted. Base: 256086 rules (2005 with conclusion selected). Queue: 27469 rules.
385200 rules inserted. Base: 256231 rules (2005 with conclusion selected). Queue: 27397 rules.
385400 rules inserted. Base: 256371 rules (2005 with conclusion selected). Queue: 27328 rules.
385600 rules inserted. Base: 256487 rules (2005 with conclusion selected). Queue: 27276 rules.
385800 rules inserted. Base: 256603 rules (2005 with conclusion selected). Queue: 27226 rules.
386000 rules inserted. Base: 256726 rules (2005 with conclusion selected). Queue: 27171 rules.
386200 rules inserted. Base: 256848 rules (2005 with conclusion selected). Queue: 27115 rules.
386400 rules inserted. Base: 256965 rules (2005 with conclusion selected). Queue: 27061 rules.
386600 rules inserted. Base: 257090 rules (2005 with conclusion selected). Queue: 27004 rules.
386800 rules inserted. Base: 257206 rules (2005 with conclusion selected). Queue: 26954 rules.
387000 rules inserted. Base: 257326 rules (2005 with conclusion selected). Queue: 26898 rules.
387200 rules inserted. Base: 257442 rules (2005 with conclusion selected). Queue: 26848 rules.
387400 rules inserted. Base: 257567 rules (2005 with conclusion selected). Queue: 26791 rules.
387600 rules inserted. Base: 257688 rules (2005 with conclusion selected). Queue: 26734 rules.
387800 rules inserted. Base: 257804 rules (2005 with conclusion selected). Queue: 26683 rules.
388000 rules inserted. Base: 257926 rules (2005 with conclusion selected). Queue: 26630 rules.
388200 rules inserted. Base: 258048 rules (2005 with conclusion selected). Queue: 26574 rules.
388400 rules inserted. Base: 258165 rules (2005 with conclusion selected). Queue: 26521 rules.
388600 rules inserted. Base: 258282 rules (2005 with conclusion selected). Queue: 26470 rules.
388800 rules inserted. Base: 258407 rules (2005 with conclusion selected). Queue: 26412 rules.
389000 rules inserted. Base: 258527 rules (2005 with conclusion selected). Queue: 26356 rules.
389200 rules inserted. Base: 258643 rules (2005 with conclusion selected). Queue: 26306 rules.
389400 rules inserted. Base: 258766 rules (2005 with conclusion selected). Queue: 26251 rules.
389600 rules inserted. Base: 258888 rules (2005 with conclusion selected). Queue: 26195 rules.
389800 rules inserted. Base: 259005 rules (2005 with conclusion selected). Queue: 26142 rules.
390000 rules inserted. Base: 259124 rules (2005 with conclusion selected). Queue: 26090 rules.
390200 rules inserted. Base: 259246 rules (2005 with conclusion selected). Queue: 26034 rules.
390400 rules inserted. Base: 259366 rules (2005 with conclusion selected). Queue: 25978 rules.
390600 rules inserted. Base: 259566 rules (2005 with conclusion selected). Queue: 25810 rules.
390800 rules inserted. Base: 259766 rules (2005 with conclusion selected). Queue: 25626 rules.
391000 rules inserted. Base: 259966 rules (2005 with conclusion selected). Queue: 25474 rules.
391200 rules inserted. Base: 260166 rules (2005 with conclusion selected). Queue: 25327 rules.
391400 rules inserted. Base: 260355 rules (2005 with conclusion selected). Queue: 25200 rules.
391600 rules inserted. Base: 260537 rules (2005 with conclusion selected). Queue: 25086 rules.
391800 rules inserted. Base: 260718 rules (2005 with conclusion selected). Queue: 24974 rules.
392000 rules inserted. Base: 260900 rules (2005 with conclusion selected). Queue: 24859 rules.
392200 rules inserted. Base: 261082 rules (2005 with conclusion selected). Queue: 24745 rules.
392400 rules inserted. Base: 261264 rules (2005 with conclusion selected). Queue: 24632 rules.
392600 rules inserted. Base: 261448 rules (2005 with conclusion selected). Queue: 24513 rules.
392800 rules inserted. Base: 261607 rules (2005 with conclusion selected). Queue: 24426 rules.
393000 rules inserted. Base: 261767 rules (2005 with conclusion selected). Queue: 24337 rules.
393200 rules inserted. Base: 261926 rules (2005 with conclusion selected). Queue: 24249 rules.
393400 rules inserted. Base: 262086 rules (2005 with conclusion selected). Queue: 24160 rules.
393600 rules inserted. Base: 262245 rules (2005 with conclusion selected). Queue: 24075 rules.
393800 rules inserted. Base: 262404 rules (2005 with conclusion selected). Queue: 23986 rules.
394000 rules inserted. Base: 262564 rules (2005 with conclusion selected). Queue: 23897 rules.
394200 rules inserted. Base: 262720 rules (2005 with conclusion selected). Queue: 23812 rules.
394400 rules inserted. Base: 262879 rules (2005 with conclusion selected). Queue: 23726 rules.
394600 rules inserted. Base: 263038 rules (2005 with conclusion selected). Queue: 23638 rules.
394800 rules inserted. Base: 263198 rules (2005 with conclusion selected). Queue: 23548 rules.
395000 rules inserted. Base: 263356 rules (2005 with conclusion selected). Queue: 23464 rules.
395200 rules inserted. Base: 263516 rules (2005 with conclusion selected). Queue: 23375 rules.
395400 rules inserted. Base: 263676 rules (2005 with conclusion selected). Queue: 23285 rules.
395600 rules inserted. Base: 263839 rules (2005 with conclusion selected). Queue: 23193 rules.
395800 rules inserted. Base: 263998 rules (2005 with conclusion selected). Queue: 23105 rules.
396000 rules inserted. Base: 264161 rules (2005 with conclusion selected). Queue: 23013 rules.
396200 rules inserted. Base: 264350 rules (2005 with conclusion selected). Queue: 22843 rules.
396400 rules inserted. Base: 264550 rules (2005 with conclusion selected). Queue: 22690 rules.
396600 rules inserted. Base: 264750 rules (2005 with conclusion selected). Queue: 22536 rules.
396800 rules inserted. Base: 264944 rules (2005 with conclusion selected). Queue: 22393 rules.
397000 rules inserted. Base: 265129 rules (2005 with conclusion selected). Queue: 22272 rules.
397200 rules inserted. Base: 265313 rules (2005 with conclusion selected). Queue: 22153 rules.
397400 rules inserted. Base: 265499 rules (2005 with conclusion selected). Queue: 22029 rules.
397600 rules inserted. Base: 265684 rules (2005 with conclusion selected). Queue: 21909 rules.
397800 rules inserted. Base: 265869 rules (2005 with conclusion selected). Queue: 21787 rules.
398000 rules inserted. Base: 266056 rules (2005 with conclusion selected). Queue: 21660 rules.
398200 rules inserted. Base: 266243 rules (2005 with conclusion selected). Queue: 21534 rules.
398400 rules inserted. Base: 266431 rules (2005 with conclusion selected). Queue: 21406 rules.
398600 rules inserted. Base: 266630 rules (2005 with conclusion selected). Queue: 21226 rules.
398800 rules inserted. Base: 266830 rules (2005 with conclusion selected). Queue: 21070 rules.
399000 rules inserted. Base: 267030 rules (2005 with conclusion selected). Queue: 20910 rules.
399200 rules inserted. Base: 267230 rules (2005 with conclusion selected). Queue: 20730 rules.
399400 rules inserted. Base: 267429 rules (2005 with conclusion selected). Queue: 20559 rules.
399600 rules inserted. Base: 267613 rules (2005 with conclusion selected). Queue: 20442 rules.
399800 rules inserted. Base: 267806 rules (2005 with conclusion selected). Queue: 20298 rules.
400000 rules inserted. Base: 268003 rules (2005 with conclusion selected). Queue: 20137 rules.
400200 rules inserted. Base: 268187 rules (2005 with conclusion selected). Queue: 20020 rules.
400400 rules inserted. Base: 268382 rules (2005 with conclusion selected). Queue: 19871 rules.
400600 rules inserted. Base: 268574 rules (2005 with conclusion selected). Queue: 19730 rules.
400800 rules inserted. Base: 268758 rules (2005 with conclusion selected). Queue: 19612 rules.
401000 rules inserted. Base: 268951 rules (2005 with conclusion selected). Queue: 19470 rules.
401200 rules inserted. Base: 269134 rules (2005 with conclusion selected). Queue: 19354 rules.
401400 rules inserted. Base: 269334 rules (2005 with conclusion selected). Queue: 19178 rules.
401600 rules inserted. Base: 269534 rules (2005 with conclusion selected). Queue: 19032 rules.
401800 rules inserted. Base: 269734 rules (2005 with conclusion selected). Queue: 18898 rules.
402000 rules inserted. Base: 269909 rules (2005 with conclusion selected). Queue: 18799 rules.
402200 rules inserted. Base: 270084 rules (2005 with conclusion selected). Queue: 18699 rules.
402400 rules inserted. Base: 270259 rules (2005 with conclusion selected). Queue: 18600 rules.
402600 rules inserted. Base: 270434 rules (2005 with conclusion selected). Queue: 18501 rules.
402800 rules inserted. Base: 270604 rules (2005 with conclusion selected). Queue: 18403 rules.
403000 rules inserted. Base: 270750 rules (2005 with conclusion selected). Queue: 18332 rules.
403200 rules inserted. Base: 270898 rules (2005 with conclusion selected). Queue: 18258 rules.
403400 rules inserted. Base: 271044 rules (2005 with conclusion selected). Queue: 18185 rules.
403600 rules inserted. Base: 271194 rules (2005 with conclusion selected). Queue: 18109 rules.
403800 rules inserted. Base: 271339 rules (2005 with conclusion selected). Queue: 18037 rules.
404000 rules inserted. Base: 271487 rules (2005 with conclusion selected). Queue: 17964 rules.
404200 rules inserted. Base: 271634 rules (2005 with conclusion selected). Queue: 17889 rules.
404400 rules inserted. Base: 271783 rules (2005 with conclusion selected). Queue: 17814 rules.
404600 rules inserted. Base: 271929 rules (2005 with conclusion selected). Queue: 17742 rules.
404800 rules inserted. Base: 272076 rules (2005 with conclusion selected). Queue: 17670 rules.
405000 rules inserted. Base: 272224 rules (2005 with conclusion selected). Queue: 17594 rules.
405200 rules inserted. Base: 272347 rules (2005 with conclusion selected). Queue: 17538 rules.
405400 rules inserted. Base: 272470 rules (2005 with conclusion selected). Queue: 17483 rules.
405600 rules inserted. Base: 272592 rules (2005 with conclusion selected). Queue: 17427 rules.
405800 rules inserted. Base: 272709 rules (2005 with conclusion selected). Queue: 17374 rules.
406000 rules inserted. Base: 272828 rules (2005 with conclusion selected). Queue: 17322 rules.
406200 rules inserted. Base: 272950 rules (2005 with conclusion selected). Queue: 17266 rules.
406400 rules inserted. Base: 273070 rules (2005 with conclusion selected). Queue: 17210 rules.
406600 rules inserted. Base: 273186 rules (2005 with conclusion selected). Queue: 17160 rules.
406800 rules inserted. Base: 273311 rules (2005 with conclusion selected). Queue: 17104 rules.
407000 rules inserted. Base: 273431 rules (2005 with conclusion selected). Queue: 17048 rules.
407200 rules inserted. Base: 273548 rules (2005 with conclusion selected). Queue: 16995 rules.
407400 rules inserted. Base: 273669 rules (2005 with conclusion selected). Queue: 16943 rules.
407600 rules inserted. Base: 273792 rules (2005 with conclusion selected). Queue: 16886 rules.
407800 rules inserted. Base: 273909 rules (2005 with conclusion selected). Queue: 16833 rules.
408000 rules inserted. Base: 274026 rules (2005 with conclusion selected). Queue: 16782 rules.
408200 rules inserted. Base: 274151 rules (2005 with conclusion selected). Queue: 16724 rules.
408400 rules inserted. Base: 274271 rules (2005 with conclusion selected). Queue: 16669 rules.
408600 rules inserted. Base: 274387 rules (2005 with conclusion selected). Queue: 16618 rules.
408800 rules inserted. Base: 274510 rules (2005 with conclusion selected). Queue: 16563 rules.
409000 rules inserted. Base: 274632 rules (2005 with conclusion selected). Queue: 16507 rules.
409200 rules inserted. Base: 274749 rules (2005 with conclusion selected). Queue: 16454 rules.
409400 rules inserted. Base: 274868 rules (2005 with conclusion selected). Queue: 16402 rules.
409600 rules inserted. Base: 274990 rules (2005 with conclusion selected). Queue: 16346 rules.
409800 rules inserted. Base: 275110 rules (2005 with conclusion selected). Queue: 16290 rules.
410000 rules inserted. Base: 275226 rules (2005 with conclusion selected). Queue: 16240 rules.
410200 rules inserted. Base: 275374 rules (2005 with conclusion selected). Queue: 16145 rules.
410400 rules inserted. Base: 275574 rules (2005 with conclusion selected). Queue: 15976 rules.
410600 rules inserted. Base: 275774 rules (2005 with conclusion selected). Queue: 15810 rules.
410800 rules inserted. Base: 275974 rules (2005 with conclusion selected). Queue: 15625 rules.
411000 rules inserted. Base: 276174 rules (2005 with conclusion selected). Queue: 15475 rules.
411200 rules inserted. Base: 276374 rules (2005 with conclusion selected). Queue: 15325 rules.
411400 rules inserted. Base: 276559 rules (2005 with conclusion selected). Queue: 15205 rules.
411600 rules inserted. Base: 276743 rules (2005 with conclusion selected). Queue: 15088 rules.
411800 rules inserted. Base: 276926 rules (2005 with conclusion selected). Queue: 14971 rules.
412000 rules inserted. Base: 277109 rules (2005 with conclusion selected). Queue: 14855 rules.
412200 rules inserted. Base: 277293 rules (2005 with conclusion selected). Queue: 14738 rules.
412400 rules inserted. Base: 277476 rules (2005 with conclusion selected). Queue: 14621 rules.
412600 rules inserted. Base: 277659 rules (2005 with conclusion selected). Queue: 14505 rules.
412800 rules inserted. Base: 277828 rules (2005 with conclusion selected). Queue: 14407 rules.
413000 rules inserted. Base: 277988 rules (2005 with conclusion selected). Queue: 14317 rules.
413200 rules inserted. Base: 278151 rules (2005 with conclusion selected). Queue: 14225 rules.
413400 rules inserted. Base: 278310 rules (2005 with conclusion selected). Queue: 14137 rules.
413600 rules inserted. Base: 278474 rules (2005 with conclusion selected). Queue: 14043 rules.
413800 rules inserted. Base: 278636 rules (2005 with conclusion selected). Queue: 13954 rules.
414000 rules inserted. Base: 278796 rules (2005 with conclusion selected). Queue: 13864 rules.
414200 rules inserted. Base: 278957 rules (2005 with conclusion selected). Queue: 13776 rules.
414400 rules inserted. Base: 279118 rules (2005 with conclusion selected). Queue: 13683 rules.
414600 rules inserted. Base: 279281 rules (2005 with conclusion selected). Queue: 13591 rules.
414800 rules inserted. Base: 279440 rules (2005 with conclusion selected). Queue: 13503 rules.
415000 rules inserted. Base: 279603 rules (2005 with conclusion selected). Queue: 13413 rules.
415200 rules inserted. Base: 279762 rules (2005 with conclusion selected). Queue: 13324 rules.
415400 rules inserted. Base: 279925 rules (2005 with conclusion selected). Queue: 13232 rules.
415600 rules inserted. Base: 280084 rules (2005 with conclusion selected). Queue: 13144 rules.
415800 rules inserted. Base: 280247 rules (2005 with conclusion selected). Queue: 13052 rules.
416000 rules inserted. Base: 280407 rules (2005 with conclusion selected). Queue: 12964 rules.
416200 rules inserted. Base: 280570 rules (2005 with conclusion selected). Queue: 12870 rules.
416400 rules inserted. Base: 280734 rules (2005 with conclusion selected). Queue: 12770 rules.
416600 rules inserted. Base: 280934 rules (2005 with conclusion selected). Queue: 12581 rules.
416800 rules inserted. Base: 281134 rules (2005 with conclusion selected). Queue: 12423 rules.
417000 rules inserted. Base: 281334 rules (2005 with conclusion selected). Queue: 12265 rules.
417200 rules inserted. Base: 281529 rules (2005 with conclusion selected). Queue: 12118 rules.
417400 rules inserted. Base: 281716 rules (2005 with conclusion selected). Queue: 11992 rules.
417600 rules inserted. Base: 281904 rules (2005 with conclusion selected). Queue: 11864 rules.
417800 rules inserted. Base: 282091 rules (2005 with conclusion selected). Queue: 11737 rules.
418000 rules inserted. Base: 282278 rules (2005 with conclusion selected). Queue: 11611 rules.
418200 rules inserted. Base: 282466 rules (2005 with conclusion selected). Queue: 11482 rules.
418400 rules inserted. Base: 282653 rules (2005 with conclusion selected). Queue: 11356 rules.
418600 rules inserted. Base: 282840 rules (2005 with conclusion selected). Queue: 11230 rules.
418800 rules inserted. Base: 283029 rules (2005 with conclusion selected). Queue: 11099 rules.
419000 rules inserted. Base: 283217 rules (2005 with conclusion selected). Queue: 10970 rules.
419200 rules inserted. Base: 283414 rules (2005 with conclusion selected). Queue: 10793 rules.
419400 rules inserted. Base: 283614 rules (2005 with conclusion selected). Queue: 10631 rules.
419600 rules inserted. Base: 283814 rules (2005 with conclusion selected). Queue: 10469 rules.
419800 rules inserted. Base: 284014 rules (2005 with conclusion selected). Queue: 10304 rules.
420000 rules inserted. Base: 284214 rules (2005 with conclusion selected). Queue: 10115 rules.
420200 rules inserted. Base: 284414 rules (2005 with conclusion selected). Queue: 9945 rules.
420400 rules inserted. Base: 284614 rules (2005 with conclusion selected). Queue: 9776 rules.
420600 rules inserted. Base: 284814 rules (2005 with conclusion selected). Queue: 9602 rules.
420800 rules inserted. Base: 285014 rules (2005 with conclusion selected). Queue: 9427 rules.
421000 rules inserted. Base: 285214 rules (2005 with conclusion selected). Queue: 9277 rules.
421200 rules inserted. Base: 285412 rules (2005 with conclusion selected). Queue: 9132 rules.
421400 rules inserted. Base: 285596 rules (2005 with conclusion selected). Queue: 9013 rules.
421600 rules inserted. Base: 285779 rules (2005 with conclusion selected). Queue: 8897 rules.
421800 rules inserted. Base: 285962 rules (2005 with conclusion selected). Queue: 8782 rules.
422000 rules inserted. Base: 286146 rules (2005 with conclusion selected). Queue: 8663 rules.
422200 rules inserted. Base: 286329 rules (2005 with conclusion selected). Queue: 8547 rules.
422400 rules inserted. Base: 286512 rules (2005 with conclusion selected). Queue: 8432 rules.
422600 rules inserted. Base: 286696 rules (2005 with conclusion selected). Queue: 8313 rules.
422800 rules inserted. Base: 286858 rules (2005 with conclusion selected). Queue: 8223 rules.
423000 rules inserted. Base: 287022 rules (2005 with conclusion selected). Queue: 8130 rules.
423200 rules inserted. Base: 287182 rules (2005 with conclusion selected). Queue: 8042 rules.
423400 rules inserted. Base: 287344 rules (2005 with conclusion selected). Queue: 7949 rules.
423600 rules inserted. Base: 287506 rules (2005 with conclusion selected). Queue: 7860 rules.
423800 rules inserted. Base: 287666 rules (2005 with conclusion selected). Queue: 7769 rules.
424000 rules inserted. Base: 287828 rules (2005 with conclusion selected). Queue: 7679 rules.
424200 rules inserted. Base: 287988 rules (2005 with conclusion selected). Queue: 7589 rules.
424400 rules inserted. Base: 288151 rules (2005 with conclusion selected). Queue: 7497 rules.
424600 rules inserted. Base: 288310 rules (2005 with conclusion selected). Queue: 7409 rules.
424800 rules inserted. Base: 288473 rules (2005 with conclusion selected). Queue: 7317 rules.
425000 rules inserted. Base: 288632 rules (2005 with conclusion selected). Queue: 7230 rules.
425200 rules inserted. Base: 288796 rules (2005 with conclusion selected). Queue: 7136 rules.
425400 rules inserted. Base: 288957 rules (2005 with conclusion selected). Queue: 7048 rules.
425600 rules inserted. Base: 289118 rules (2005 with conclusion selected). Queue: 6955 rules.
425800 rules inserted. Base: 289280 rules (2005 with conclusion selected). Queue: 6866 rules.
426000 rules inserted. Base: 289440 rules (2005 with conclusion selected). Queue: 6775 rules.
426200 rules inserted. Base: 289603 rules (2005 with conclusion selected). Queue: 6685 rules.
426400 rules inserted. Base: 289774 rules (2005 with conclusion selected). Queue: 6562 rules.
426600 rules inserted. Base: 289974 rules (2005 with conclusion selected). Queue: 6376 rules.
426800 rules inserted. Base: 290174 rules (2005 with conclusion selected). Queue: 6216 rules.
427000 rules inserted. Base: 290374 rules (2005 with conclusion selected). Queue: 6056 rules.
427200 rules inserted. Base: 290570 rules (2005 with conclusion selected). Queue: 5906 rules.
427400 rules inserted. Base: 290759 rules (2005 with conclusion selected). Queue: 5777 rules.
427600 rules inserted. Base: 290947 rules (2005 with conclusion selected). Queue: 5646 rules.
427800 rules inserted. Base: 291135 rules (2005 with conclusion selected). Queue: 5517 rules.
428000 rules inserted. Base: 291323 rules (2005 with conclusion selected). Queue: 5388 rules.
428200 rules inserted. Base: 291512 rules (2005 with conclusion selected). Queue: 5259 rules.
428400 rules inserted. Base: 291700 rules (2005 with conclusion selected). Queue: 5128 rules.
428600 rules inserted. Base: 291888 rules (2005 with conclusion selected). Queue: 4999 rules.
428800 rules inserted. Base: 292076 rules (2005 with conclusion selected). Queue: 4870 rules.
429000 rules inserted. Base: 292264 rules (2005 with conclusion selected). Queue: 4742 rules.
429200 rules inserted. Base: 292454 rules (2005 with conclusion selected). Queue: 4602 rules.
429400 rules inserted. Base: 292654 rules (2005 with conclusion selected). Queue: 4421 rules.
429600 rules inserted. Base: 292854 rules (2005 with conclusion selected). Queue: 4256 rules.
429800 rules inserted. Base: 293054 rules (2005 with conclusion selected). Queue: 4091 rules.
430000 rules inserted. Base: 293254 rules (2005 with conclusion selected). Queue: 3922 rules.
430200 rules inserted. Base: 293454 rules (2005 with conclusion selected). Queue: 3722 rules.
430400 rules inserted. Base: 293654 rules (2005 with conclusion selected). Queue: 3537 rules.
430600 rules inserted. Base: 293854 rules (2005 with conclusion selected). Queue: 3377 rules.
430800 rules inserted. Base: 294054 rules (2005 with conclusion selected). Queue: 3217 rules.
431000 rules inserted. Base: 294250 rules (2005 with conclusion selected). Queue: 3068 rules.
431200 rules inserted. Base: 294438 rules (2005 with conclusion selected). Queue: 2939 rules.
431400 rules inserted. Base: 294626 rules (2005 with conclusion selected). Queue: 2810 rules.
431600 rules inserted. Base: 294815 rules (2005 with conclusion selected). Queue: 2681 rules.
431800 rules inserted. Base: 295003 rules (2005 with conclusion selected). Queue: 2550 rules.
432000 rules inserted. Base: 295191 rules (2005 with conclusion selected). Queue: 2421 rules.
432200 rules inserted. Base: 295379 rules (2005 with conclusion selected). Queue: 2292 rules.
432400 rules inserted. Base: 295567 rules (2005 with conclusion selected). Queue: 2164 rules.
432600 rules inserted. Base: 295756 rules (2005 with conclusion selected). Queue: 2033 rules.
432800 rules inserted. Base: 295944 rules (2005 with conclusion selected). Queue: 1903 rules.
433000 rules inserted. Base: 296134 rules (2005 with conclusion selected). Queue: 1762 rules.
433200 rules inserted. Base: 296334 rules (2005 with conclusion selected). Queue: 1581 rules.
433400 rules inserted. Base: 296534 rules (2005 with conclusion selected). Queue: 1415 rules.
433600 rules inserted. Base: 296734 rules (2005 with conclusion selected). Queue: 1248 rules.
433800 rules inserted. Base: 296934 rules (2005 with conclusion selected). Queue: 1081 rules.
434000 rules inserted. Base: 297134 rules (2005 with conclusion selected). Queue: 882 rules.
434200 rules inserted. Base: 297334 rules (2005 with conclusion selected). Queue: 708 rules.
434400 rules inserted. Base: 297534 rules (2005 with conclusion selected). Queue: 541 rules.
434600 rules inserted. Base: 297734 rules (2005 with conclusion selected). Queue: 375 rules.
434800 rules inserted. Base: 297934 rules (2005 with conclusion selected). Queue: 202 rules.
435000 rules inserted. Base: 298134 rules (2005 with conclusion selected). Queue: 2 rules.
Starting query not event(access_count(c6))
RESULT not event(access_count(c6)) is true.

--------------------------------------------------------------
Verification summary:

Query not event(access_count(c5)) is false.

Query not event(access_count(c6)) is true.

--------------------------------------------------------------

nixos@nixos ~/Documents-Linux/star-proverif main @