
[anonymous2@nixos:~/Documents/star-proverif]$ git diff
diff --git a/unlinkability.pv b/unlinkability.pv
index 851c9ac..8b861e6 100644
--- a/unlinkability.pv
+++ b/unlinkability.pv
@@ -13,11 +13,11 @@ let System =
       in(user_secure,(identity1: identity, cred1: bitstring, cnt: counter));
       in(user_secure, (identity2: identity, cred2: bitstring, cnt: counter));

-      (* let authCipher = UserAuthCore(cred1, c1, yesterday, pk) in
-      out(auth_net, authCipher); *)
+      let authCipher = UserAuthCore(cred1, c1, yesterday, pk) in
+      out(auth_net, authCipher);

-      let authCipher = UserAuthCore(cred1, c0, today, pk) in
-      out(auth_net, authCipher);
+      (* let authCipher = UserAuthCore(cred1, c0, today, pk) in
+      out(auth_net, authCipher); *)

       let (identity: identity, cred: bitstring) = choice[(identity1, cred1), (identity2, cred2)] in
       let authCipher = UserAuthCore(cred, c1, today, pk) in

[anonymous2@nixos:~/Documents/star-proverif]$ make unlinkability
proverif -lib ./protocol/core.pvl -lib ./protocol/server.pvl -lib ./protocol/malicious_server.pvl -lib ./protocol/user.pvl ./unlinkability.pv
File "./protocol/core.pvl", line 50, characters 7-12:
Warning: identifier cipher rebound.
File "./protocol/core.pvl", line 54, characters 17-21:
Warning: identifier nonce rebound.
File "./protocol/core.pvl", line 64, characters 7-12:
Warning: identifier cipher rebound.
File "./protocol/user.pvl", line 5, characters 7-12:
Warning: identifier cipher rebound.
File "./unlinkability.pv", line 6, characters 7-8:
Warning: identifier pk rebound.
File "./unlinkability.pv", line 14, characters 63-65:
Warning: identifier cnt rebound.
File "./unlinkability.pv", line 22, characters 12-19:
Warning: identifier identity rebound.
File "./unlinkability.pv", line 23, characters 11-20:
Warning: identifier authCipher rebound.
Biprocess 0 (that is, the initial process):
{1}new sk: key;
{2}let pk_1: pkey = pk(sk) in
(
    {3}let t: period = today in
    {4}let sk_1: key = sk in
    {5}new sess: session;
    (
        {6}in(reg_net, regReq: bitstring);
        {7}let RegisterRequest(id: identity,cipherIn: cipher) = regReq in
        {8}out(register_library_call, cipherIn);
        {9}in(register_library_return, cipherOut: cipher);
        {10}out(reg_net, cipherOut)
    ) | (
        {11}let sess_1: session = sess in
        {12}in(auth_net, authReq: cipher);
        {13}out(auth_library_call, (authReq,t,sess_1));
        {14}in(auth_library_return, (h: bitstring,=sess_1));
        {15}event checkpoint
    ) | (
        {16}!
        {17}in(register_library_call, cipherIn_1: cipher);
        {18}let v: cipher = cipherIn_1 in
        {19}let v_1: bool = success?(1-proj-Cipher(v)) in
        {20}let nonce_1: nonce = (if v_1 then 2-proj-Cipher(v) else caught-fail) in
        {21}let c: bitstring = (if v_1 then 1-proj-Cipher(v) else caught-fail) in
        {22}let plain: bitstring = (if v_1 then catch-fail(adec_internal(c,nonce_1,sk_1)) else caught-fail) in
        {23}let v_2: bool = not-caught-fail(plain) in
        {24}let ck: bitstring = (if v_1 then (if v_2 then plain else fail-any_type) else fail-any_type) in
        {25}new uid: bitstring;
        {26}let code: bitstring = mac(uid,sk_1) in
        {27}let cred: bitstring = Credential(code,uid) in
        {28}new n: nonce;
        {29}let c_1: bitstring = senc_internal(cred,n,ck) in
        {30}let cipher_1: cipher = Cipher(c_1,n) in
        {31}let cipherOut_1: cipher = cipher_1 in
        {32}event user_registered(uid);
        {33}let cipherOut_2: cipher = cipherOut_1 in
        {34}out(register_library_return, cipherOut_2)
    ) | (
        {35}!
        {36}let sess_2: session = sess in
        {37}in(auth_library_call, (authReq_1: cipher,t_1: period,=sess_2));
        {38}let v_3: cipher = authReq_1 in
        {39}let v_4: bool = success?(1-proj-Cipher(v_3)) in
        {40}let nonce_2: nonce = (if v_4 then 2-proj-Cipher(v_3) else caught-fail) in
        {41}let c_2: bitstring = (if v_4 then 1-proj-Cipher(v_3) else caught-fail) in
        {42}let plain_1: bitstring = (if v_4 then catch-fail(adec_internal(c_2,nonce_2,sk_1)) else caught-fail) in
        {43}let v_5: bool = not-caught-fail(plain_1) in
        {44}let payload: bitstring = (if v_4 then (if v_5 then plain_1 else fail-any_type) else fail-any_type) in
        {45}let AuthRequestPlain(=t_1,cnt: counter,cred_1: bitstring) = payload in
        {46}let Credential(code_1: bitstring,uid_1: bitstring) = cred_1 in
        {47}if ((code_1 = mac(uid_1,sk_1)) && ((cnt = c0) || ((cnt = c1) || ((cnt = c2) || ((cnt = c3) || ((cnt = c4) || (cnt = c5))))))) then
        {48}let prfK: key = prfKey(cnt,uid_1) in
        {49}let prfT: bitstring = prfTag(t_1) in
        {50}let h_1: bitstring = prf(prfT,prfK) in
        {51}let nym: bitstring = h_1 in
        {52}event user_authenticated(uid_1);
        {53}let v_6: bitstring = (nym,uid_1) in
        {54}let v_7: bool = success?(1-proj-2-tuple(v_6)) in
        {55}let ignored_v: bitstring = (if v_7 then 2-proj-2-tuple(v_6) else caught-fail) in
        {56}let nym_1: bitstring = (if v_7 then 1-proj-2-tuple(v_6) else caught-fail) in
        {57}let h_2: bitstring = (if v_7 then nym_1 else fail-any_type) in
        {58}out(auth_library_return, (h_2,sess_2))
    )
) | (
    {59}let t_2: period = today in
    {60}let sk_2: key = sk in
    {61}new sess_3: session;
    (
        {62}in(reg_net, regReq_1: bitstring);
        {63}let RegisterRequest(id_1: identity,cipherIn_2: cipher) = regReq_1 in
        {64}out(register_library_call, cipherIn_2);
        {65}in(register_library_return, cipherOut_3: cipher);
        {66}out(reg_net, cipherOut_3)
    ) | (
        {67}let sess_4: session = sess_3 in
        {68}in(auth_net, authReq_2: cipher);
        {69}out(auth_library_call, (authReq_2,t_2,sess_4));
        {70}in(auth_library_return, (h_3: bitstring,=sess_4));
        {71}event checkpoint
    ) | (
        {72}!
        {73}in(register_library_call, cipherIn_3: cipher);
        {74}let v_8: cipher = cipherIn_3 in
        {75}let v_9: bool = success?(1-proj-Cipher(v_8)) in
        {76}let nonce_3: nonce = (if v_9 then 2-proj-Cipher(v_8) else caught-fail) in
        {77}let c_3: bitstring = (if v_9 then 1-proj-Cipher(v_8) else caught-fail) in
        {78}let plain_2: bitstring = (if v_9 then catch-fail(adec_internal(c_3,nonce_3,sk_2)) else caught-fail) in
        {79}let v_10: bool = not-caught-fail(plain_2) in
        {80}let ck_1: bitstring = (if v_9 then (if v_10 then plain_2 else fail-any_type) else fail-any_type) in
        {81}new uid_2: bitstring;
        {82}let code_2: bitstring = mac(uid_2,sk_2) in
        {83}let cred_2: bitstring = Credential(code_2,uid_2) in
        {84}new n_1: nonce;
        {85}let c_4: bitstring = senc_internal(cred_2,n_1,ck_1) in
        {86}let cipher_2: cipher = Cipher(c_4,n_1) in
        {87}let cipherOut_4: cipher = cipher_2 in
        {88}event user_registered(uid_2);
        {89}let cipherOut_5: cipher = cipherOut_4 in
        {90}out(register_library_return, cipherOut_5)
    ) | (
        {91}!
        {92}let sess_5: session = sess_3 in
        {93}in(auth_library_call, (authReq_3: cipher,t_3: period,=sess_5));
        {94}let v_11: cipher = authReq_3 in
        {95}let v_12: bool = success?(1-proj-Cipher(v_11)) in
        {96}let nonce_4: nonce = (if v_12 then 2-proj-Cipher(v_11) else caught-fail) in
        {97}let c_5: bitstring = (if v_12 then 1-proj-Cipher(v_11) else caught-fail) in
        {98}let plain_3: bitstring = (if v_12 then catch-fail(adec_internal(c_5,nonce_4,sk_2)) else caught-fail) in
        {99}let v_13: bool = not-caught-fail(plain_3) in
        {100}let payload_1: bitstring = (if v_12 then (if v_13 then plain_3 else fail-any_type) else fail-any_type) in
        {101}let AuthRequestPlain(=t_3,cnt_1: counter,cred_3: bitstring) = payload_1 in
        {102}let Credential(code_3: bitstring,uid_3: bitstring) = cred_3 in
        {103}if ((code_3 = mac(uid_3,sk_2)) && ((cnt_1 = c0) || ((cnt_1 = c1) || ((cnt_1 = c2) || ((cnt_1 = c3) || ((cnt_1 = c4) || (cnt_1 = c5))))))) then
        {104}let prfK_1: key = prfKey(cnt_1,uid_3) in
        {105}let prfT_1: bitstring = prfTag(t_3) in
        {106}let h_4: bitstring = prf(prfT_1,prfK_1) in
        {107}let nym_2: bitstring = h_4 in
        {108}event user_authenticated(uid_3);
        {109}let v_14: bitstring = (nym_2,uid_3) in
        {110}let v_15: bool = success?(1-proj-2-tuple(v_14)) in
        {111}let ignored_v_1: bitstring = (if v_15 then 2-proj-2-tuple(v_14) else caught-fail) in
        {112}let nym_3: bitstring = (if v_15 then 1-proj-2-tuple(v_14) else caught-fail) in
        {113}let h_5: bitstring = (if v_15 then nym_3 else fail-any_type) in
        {114}out(auth_library_return, (h_5,sess_5))
    )
) | (
    {115}let t_4: period = yesterday in
    {116}let sk_3: key = sk in
    {117}new sess_6: session;
    (
        {118}in(reg_net, regReq_2: bitstring);
        {119}let RegisterRequest(id_2: identity,cipherIn_4: cipher) = regReq_2 in
        {120}out(register_library_call, cipherIn_4);
        {121}in(register_library_return, cipherOut_6: cipher);
        {122}out(reg_net, cipherOut_6)
    ) | (
        {123}let sess_7: session = sess_6 in
        {124}in(auth_net, authReq_4: cipher);
        {125}out(auth_library_call, (authReq_4,t_4,sess_7));
        {126}in(auth_library_return, (h_6: bitstring,=sess_7));
        {127}event checkpoint
    ) | (
        {128}!
        {129}in(register_library_call, cipherIn_5: cipher);
        {130}let v_16: cipher = cipherIn_5 in
        {131}let v_17: bool = success?(1-proj-Cipher(v_16)) in
        {132}let nonce_5: nonce = (if v_17 then 2-proj-Cipher(v_16) else caught-fail) in
        {133}let c_6: bitstring = (if v_17 then 1-proj-Cipher(v_16) else caught-fail) in
        {134}let plain_4: bitstring = (if v_17 then catch-fail(adec_internal(c_6,nonce_5,sk_3)) else caught-fail) in
        {135}let v_18: bool = not-caught-fail(plain_4) in
        {136}let ck_2: bitstring = (if v_17 then (if v_18 then plain_4 else fail-any_type) else fail-any_type) in
        {137}new uid_4: bitstring;
        {138}let code_4: bitstring = mac(uid_4,sk_3) in
        {139}let cred_4: bitstring = Credential(code_4,uid_4) in
        {140}new n_2: nonce;
        {141}let c_7: bitstring = senc_internal(cred_4,n_2,ck_2) in
        {142}let cipher_3: cipher = Cipher(c_7,n_2) in
        {143}let cipherOut_7: cipher = cipher_3 in
        {144}event user_registered(uid_4);
        {145}let cipherOut_8: cipher = cipherOut_7 in
        {146}out(register_library_return, cipherOut_8)
    ) | (
        {147}!
        {148}let sess_8: session = sess_6 in
        {149}in(auth_library_call, (authReq_5: cipher,t_5: period,=sess_8));
        {150}let v_19: cipher = authReq_5 in
        {151}let v_20: bool = success?(1-proj-Cipher(v_19)) in
        {152}let nonce_6: nonce = (if v_20 then 2-proj-Cipher(v_19) else caught-fail) in
        {153}let c_8: bitstring = (if v_20 then 1-proj-Cipher(v_19) else caught-fail) in
        {154}let plain_5: bitstring = (if v_20 then catch-fail(adec_internal(c_8,nonce_6,sk_3)) else caught-fail) in
        {155}let v_21: bool = not-caught-fail(plain_5) in
        {156}let payload_2: bitstring = (if v_20 then (if v_21 then plain_5 else fail-any_type) else fail-any_type) in
        {157}let AuthRequestPlain(=t_5,cnt_2: counter,cred_5: bitstring) = payload_2 in
        {158}let Credential(code_5: bitstring,uid_5: bitstring) = cred_5 in
        {159}if ((code_5 = mac(uid_5,sk_3)) && ((cnt_2 = c0) || ((cnt_2 = c1) || ((cnt_2 = c2) || ((cnt_2 = c3) || ((cnt_2 = c4) || (cnt_2 = c5))))))) then
        {160}let prfK_2: key = prfKey(cnt_2,uid_5) in
        {161}let prfT_2: bitstring = prfTag(t_5) in
        {162}let h_7: bitstring = prf(prfT_2,prfK_2) in
        {163}let nym_4: bitstring = h_7 in
        {164}event user_authenticated(uid_5);
        {165}let v_22: bitstring = (nym_4,uid_5) in
        {166}let v_23: bool = success?(1-proj-2-tuple(v_22)) in
        {167}let ignored_v_2: bitstring = (if v_23 then 2-proj-2-tuple(v_22) else caught-fail) in
        {168}let nym_5: bitstring = (if v_23 then 1-proj-2-tuple(v_22) else caught-fail) in
        {169}let h_8: bitstring = (if v_23 then nym_5 else fail-any_type) in
        {170}out(auth_library_return, (h_8,sess_8))
    )
) | (
    {171}let id_3: identity = id_A in
    {172}new ck_3: bitstring;
    {173}let plain_6: bitstring = ck_3 in
    {174}new n_3: nonce;
    {175}let c_9: bitstring = aenc_internal(plain_6,n_3,pk_1) in
    {176}let cipher_4: cipher = Cipher(c_9,n_3) in
    {177}let cipher1: cipher = cipher_4 in
    {178}let request: bitstring = RegisterRequest(id_3,cipher1) in
    {179}let (ck_4: bitstring,request_1: bitstring) = (ck_3,request) in
    {180}out(reg_net, request_1);
    {181}in(reg_net, regResp: cipher);
    {182}let v_24: cipher = regResp in
    {183}let v_25: bool = success?(1-proj-Cipher(v_24)) in
    {184}let n_4: nonce = (if v_25 then 2-proj-Cipher(v_24) else caught-fail) in
    {185}let c_10: bitstring = (if v_25 then 1-proj-Cipher(v_24) else caught-fail) in
    {186}let plain_7: bitstring = (if v_25 then catch-fail(sdec_internal(c_10,n_4,ck_4)) else caught-fail) in
    {187}let v_26: bool = not-caught-fail(plain_7) in
    {188}let cred_6: bitstring = catch-fail((if v_25 then (if v_26 then plain_7 else fail-any_type) else fail-any_type)) in
    {189}let v_27: bool = not-caught-fail(cred_6) in
    {190}let cred_7: bitstring = (if v_27 then cred_6 else fail-any_type) in
    {191}out(user_secure, (id_3,cred_7,c0))
) | (
    {192}let id_4: identity = id_B in
    {193}new ck_5: bitstring;
    {194}let plain_8: bitstring = ck_5 in
    {195}new n_5: nonce;
    {196}let c_11: bitstring = aenc_internal(plain_8,n_5,pk_1) in
    {197}let cipher_5: cipher = Cipher(c_11,n_5) in
    {198}let cipher1_1: cipher = cipher_5 in
    {199}let request_2: bitstring = RegisterRequest(id_4,cipher1_1) in
    {200}let (ck_6: bitstring,request_3: bitstring) = (ck_5,request_2) in
    {201}out(reg_net, request_3);
    {202}in(reg_net, regResp_1: cipher);
    {203}let v_28: cipher = regResp_1 in
    {204}let v_29: bool = success?(1-proj-Cipher(v_28)) in
    {205}let n_6: nonce = (if v_29 then 2-proj-Cipher(v_28) else caught-fail) in
    {206}let c_12: bitstring = (if v_29 then 1-proj-Cipher(v_28) else caught-fail) in
    {207}let plain_9: bitstring = (if v_29 then catch-fail(sdec_internal(c_12,n_6,ck_6)) else caught-fail) in
    {208}let v_30: bool = not-caught-fail(plain_9) in
    {209}let cred_8: bitstring = catch-fail((if v_29 then (if v_30 then plain_9 else fail-any_type) else fail-any_type)) in
    {210}let v_31: bool = not-caught-fail(cred_8) in
    {211}let cred_9: bitstring = (if v_31 then cred_8 else fail-any_type) in
    {212}out(user_secure, (id_4,cred_9,c0))
) | (
    {213}in(user_secure, (identity1: identity,cred1: bitstring,cnt_3: counter));
    {214}in(user_secure, (identity2: identity,cred2: bitstring,cnt_4: counter));
    {215}let cnt_5: counter = c1 in
    {216}let t_6: period = yesterday in
    {217}let authPayload: bitstring = AuthRequestPlain(t_6,cnt_5,cred1) in
    {218}new n_7: nonce;
    {219}let c_13: bitstring = aenc_internal(authPayload,n_7,pk_1) in
    {220}let cipher_6: cipher = Cipher(c_13,n_7) in
    {221}let cipher_7: cipher = cipher_6 in
    {222}let Credential(code_6: bitstring,uid_6: bitstring) = cred1 in
    {223}event user_authenticating(uid_6);
    {224}let authCipher: cipher = cipher_7 in
    {225}out(auth_net, authCipher);
    {226}let (identity_1: identity,cred_10: bitstring) = choice[(identity1,cred1),(identity2,cred2)] in
    {227}let cnt_6: counter = c1 in
    {228}let t_7: period = today in
    {229}let authPayload_1: bitstring = AuthRequestPlain(t_7,cnt_6,cred_10) in
    {230}new n_8: nonce;
    {231}let c_14: bitstring = aenc_internal(authPayload_1,n_8,pk_1) in
    {232}let cipher_8: cipher = Cipher(c_14,n_8) in
    {233}let cipher_9: cipher = cipher_8 in
    {234}let Credential(code_7: bitstring,uid_7: bitstring) = cred_10 in
    {235}event user_authenticating(uid_7);
    {236}let authCipher_1: cipher = cipher_9 in
    {237}out(auth_net, authCipher_1)
)

-- Observational equivalence in biprocess 1 (that is, biprocess 0, with let moved downwards):
{1}new sk: key;
(
    {5}new sess: session;
    (
        {6}in(reg_net, regReq: bitstring);
        {7}let RegisterRequest(id: identity,cipherIn: cipher) = regReq in
        {8}out(register_library_call, cipherIn);
        {9}in(register_library_return, cipherOut: cipher);
        {10}out(reg_net, cipherOut)
    ) | (
        {12}in(auth_net, authReq: cipher);
        {11}let sess_1: session = sess in
        {3}let t: period = today in
        {13}out(auth_library_call, (authReq,t,sess_1));
        {14}in(auth_library_return, (h: bitstring,=sess_1));
        {15}event checkpoint
    ) | (
        {4}let sk_1: key = sk in
        (
            {16}!
            {17}in(register_library_call, cipherIn_1: cipher);
            {18}let v: cipher = cipherIn_1 in
            {19}let v_1: bool = success?(1-proj-Cipher(v)) in
            {20}let nonce_1: nonce = (if v_1 then 2-proj-Cipher(v) else caught-fail) in
            {21}let c: bitstring = (if v_1 then 1-proj-Cipher(v) else caught-fail) in
            {22}let plain: bitstring = (if v_1 then catch-fail(adec_internal(c,nonce_1,sk_1)) else caught-fail) in
            {23}let v_2: bool = not-caught-fail(plain) in
            {24}let ck: bitstring = (if v_1 then (if v_2 then plain else fail-any_type) else fail-any_type) in
            {25}new uid: bitstring;
            {28}new n: nonce;
            {32}event user_registered(uid);
            {26}let code: bitstring = mac(uid,sk_1) in
            {27}let cred: bitstring = Credential(code,uid) in
            {29}let c_1: bitstring = senc_internal(cred,n,ck) in
            {30}let cipher_1: cipher = Cipher(c_1,n) in
            {31}let cipherOut_1: cipher = cipher_1 in
            {33}let cipherOut_2: cipher = cipherOut_1 in
            {34}out(register_library_return, cipherOut_2)
        ) | (
            {35}!
            {36}let sess_2: session = sess in
            {37}in(auth_library_call, (authReq_1: cipher,t_1: period,=sess_2));
            {38}let v_3: cipher = authReq_1 in
            {39}let v_4: bool = success?(1-proj-Cipher(v_3)) in
            {40}let nonce_2: nonce = (if v_4 then 2-proj-Cipher(v_3) else caught-fail) in
            {41}let c_2: bitstring = (if v_4 then 1-proj-Cipher(v_3) else caught-fail) in
            {42}let plain_1: bitstring = (if v_4 then catch-fail(adec_internal(c_2,nonce_2,sk_1)) else caught-fail) in
            {43}let v_5: bool = not-caught-fail(plain_1) in
            {44}let payload: bitstring = (if v_4 then (if v_5 then plain_1 else fail-any_type) else fail-any_type) in
            {45}let AuthRequestPlain(=t_1,cnt: counter,cred_1: bitstring) = payload in
            {46}let Credential(code_1: bitstring,uid_1: bitstring) = cred_1 in
            {47}if ((code_1 = mac(uid_1,sk_1)) && ((cnt = c0) || ((cnt = c1) || ((cnt = c2) || ((cnt = c3) || ((cnt = c4) || (cnt = c5))))))) then
            {52}event user_authenticated(uid_1);
            {49}let prfT: bitstring = prfTag(t_1) in
            {48}let prfK: key = prfKey(cnt,uid_1) in
            {50}let h_1: bitstring = prf(prfT,prfK) in
            {51}let nym: bitstring = h_1 in
            {53}let v_6: bitstring = (nym,uid_1) in
            {54}let v_7: bool = success?(1-proj-2-tuple(v_6)) in
            {55}let ignored_v: bitstring = (if v_7 then 2-proj-2-tuple(v_6) else caught-fail) in
            {56}let nym_1: bitstring = (if v_7 then 1-proj-2-tuple(v_6) else caught-fail) in
            {57}let h_2: bitstring = (if v_7 then nym_1 else fail-any_type) in
            {58}out(auth_library_return, (h_2,sess_2))
        )
    )
) | (
    {61}new sess_3: session;
    (
        {62}in(reg_net, regReq_1: bitstring);
        {63}let RegisterRequest(id_1: identity,cipherIn_2: cipher) = regReq_1 in
        {64}out(register_library_call, cipherIn_2);
        {65}in(register_library_return, cipherOut_3: cipher);
        {66}out(reg_net, cipherOut_3)
    ) | (
        {68}in(auth_net, authReq_2: cipher);
        {67}let sess_4: session = sess_3 in
        {59}let t_2: period = today in
        {69}out(auth_library_call, (authReq_2,t_2,sess_4));
        {70}in(auth_library_return, (h_3: bitstring,=sess_4));
        {71}event checkpoint
    ) | (
        {60}let sk_2: key = sk in
        (
            {72}!
            {73}in(register_library_call, cipherIn_3: cipher);
            {74}let v_8: cipher = cipherIn_3 in
            {75}let v_9: bool = success?(1-proj-Cipher(v_8)) in
            {76}let nonce_3: nonce = (if v_9 then 2-proj-Cipher(v_8) else caught-fail) in
            {77}let c_3: bitstring = (if v_9 then 1-proj-Cipher(v_8) else caught-fail) in
            {78}let plain_2: bitstring = (if v_9 then catch-fail(adec_internal(c_3,nonce_3,sk_2)) else caught-fail) in
            {79}let v_10: bool = not-caught-fail(plain_2) in
            {80}let ck_1: bitstring = (if v_9 then (if v_10 then plain_2 else fail-any_type) else fail-any_type) in
            {81}new uid_2: bitstring;
            {84}new n_1: nonce;
            {88}event user_registered(uid_2);
            {82}let code_2: bitstring = mac(uid_2,sk_2) in
            {83}let cred_2: bitstring = Credential(code_2,uid_2) in
            {85}let c_4: bitstring = senc_internal(cred_2,n_1,ck_1) in
            {86}let cipher_2: cipher = Cipher(c_4,n_1) in
            {87}let cipherOut_4: cipher = cipher_2 in
            {89}let cipherOut_5: cipher = cipherOut_4 in
            {90}out(register_library_return, cipherOut_5)
        ) | (
            {91}!
            {92}let sess_5: session = sess_3 in
            {93}in(auth_library_call, (authReq_3: cipher,t_3: period,=sess_5));
            {94}let v_11: cipher = authReq_3 in
            {95}let v_12: bool = success?(1-proj-Cipher(v_11)) in
            {96}let nonce_4: nonce = (if v_12 then 2-proj-Cipher(v_11) else caught-fail) in
            {97}let c_5: bitstring = (if v_12 then 1-proj-Cipher(v_11) else caught-fail) in
            {98}let plain_3: bitstring = (if v_12 then catch-fail(adec_internal(c_5,nonce_4,sk_2)) else caught-fail) in
            {99}let v_13: bool = not-caught-fail(plain_3) in
            {100}let payload_1: bitstring = (if v_12 then (if v_13 then plain_3 else fail-any_type) else fail-any_type) in
            {101}let AuthRequestPlain(=t_3,cnt_1: counter,cred_3: bitstring) = payload_1 in
            {102}let Credential(code_3: bitstring,uid_3: bitstring) = cred_3 in
            {103}if ((code_3 = mac(uid_3,sk_2)) && ((cnt_1 = c0) || ((cnt_1 = c1) || ((cnt_1 = c2) || ((cnt_1 = c3) || ((cnt_1 = c4) || (cnt_1 = c5))))))) then
            {108}event user_authenticated(uid_3);
            {105}let prfT_1: bitstring = prfTag(t_3) in
            {104}let prfK_1: key = prfKey(cnt_1,uid_3) in
            {106}let h_4: bitstring = prf(prfT_1,prfK_1) in
            {107}let nym_2: bitstring = h_4 in
            {109}let v_14: bitstring = (nym_2,uid_3) in
            {110}let v_15: bool = success?(1-proj-2-tuple(v_14)) in
            {111}let ignored_v_1: bitstring = (if v_15 then 2-proj-2-tuple(v_14) else caught-fail) in
            {112}let nym_3: bitstring = (if v_15 then 1-proj-2-tuple(v_14) else caught-fail) in
            {113}let h_5: bitstring = (if v_15 then nym_3 else fail-any_type) in
            {114}out(auth_library_return, (h_5,sess_5))
        )
    )
) | (
    {117}new sess_6: session;
    (
        {118}in(reg_net, regReq_2: bitstring);
        {119}let RegisterRequest(id_2: identity,cipherIn_4: cipher) = regReq_2 in
        {120}out(register_library_call, cipherIn_4);
        {121}in(register_library_return, cipherOut_6: cipher);
        {122}out(reg_net, cipherOut_6)
    ) | (
        {124}in(auth_net, authReq_4: cipher);
        {123}let sess_7: session = sess_6 in
        {115}let t_4: period = yesterday in
        {125}out(auth_library_call, (authReq_4,t_4,sess_7));
        {126}in(auth_library_return, (h_6: bitstring,=sess_7));
        {127}event checkpoint
    ) | (
        {116}let sk_3: key = sk in
        (
            {128}!
            {129}in(register_library_call, cipherIn_5: cipher);
            {130}let v_16: cipher = cipherIn_5 in
            {131}let v_17: bool = success?(1-proj-Cipher(v_16)) in
            {132}let nonce_5: nonce = (if v_17 then 2-proj-Cipher(v_16) else caught-fail) in
            {133}let c_6: bitstring = (if v_17 then 1-proj-Cipher(v_16) else caught-fail) in
            {134}let plain_4: bitstring = (if v_17 then catch-fail(adec_internal(c_6,nonce_5,sk_3)) else caught-fail) in
            {135}let v_18: bool = not-caught-fail(plain_4) in
            {136}let ck_2: bitstring = (if v_17 then (if v_18 then plain_4 else fail-any_type) else fail-any_type) in
            {137}new uid_4: bitstring;
            {140}new n_2: nonce;
            {144}event user_registered(uid_4);
            {138}let code_4: bitstring = mac(uid_4,sk_3) in
            {139}let cred_4: bitstring = Credential(code_4,uid_4) in
            {141}let c_7: bitstring = senc_internal(cred_4,n_2,ck_2) in
            {142}let cipher_3: cipher = Cipher(c_7,n_2) in
            {143}let cipherOut_7: cipher = cipher_3 in
            {145}let cipherOut_8: cipher = cipherOut_7 in
            {146}out(register_library_return, cipherOut_8)
        ) | (
            {147}!
            {148}let sess_8: session = sess_6 in
            {149}in(auth_library_call, (authReq_5: cipher,t_5: period,=sess_8));
            {150}let v_19: cipher = authReq_5 in
            {151}let v_20: bool = success?(1-proj-Cipher(v_19)) in
            {152}let nonce_6: nonce = (if v_20 then 2-proj-Cipher(v_19) else caught-fail) in
            {153}let c_8: bitstring = (if v_20 then 1-proj-Cipher(v_19) else caught-fail) in
            {154}let plain_5: bitstring = (if v_20 then catch-fail(adec_internal(c_8,nonce_6,sk_3)) else caught-fail) in
            {155}let v_21: bool = not-caught-fail(plain_5) in
            {156}let payload_2: bitstring = (if v_20 then (if v_21 then plain_5 else fail-any_type) else fail-any_type) in
            {157}let AuthRequestPlain(=t_5,cnt_2: counter,cred_5: bitstring) = payload_2 in
            {158}let Credential(code_5: bitstring,uid_5: bitstring) = cred_5 in
            {159}if ((code_5 = mac(uid_5,sk_3)) && ((cnt_2 = c0) || ((cnt_2 = c1) || ((cnt_2 = c2) || ((cnt_2 = c3) || ((cnt_2 = c4) || (cnt_2 = c5))))))) then
            {164}event user_authenticated(uid_5);
            {161}let prfT_2: bitstring = prfTag(t_5) in
            {160}let prfK_2: key = prfKey(cnt_2,uid_5) in
            {162}let h_7: bitstring = prf(prfT_2,prfK_2) in
            {163}let nym_4: bitstring = h_7 in
            {165}let v_22: bitstring = (nym_4,uid_5) in
            {166}let v_23: bool = success?(1-proj-2-tuple(v_22)) in
            {167}let ignored_v_2: bitstring = (if v_23 then 2-proj-2-tuple(v_22) else caught-fail) in
            {168}let nym_5: bitstring = (if v_23 then 1-proj-2-tuple(v_22) else caught-fail) in
            {169}let h_8: bitstring = (if v_23 then nym_5 else fail-any_type) in
            {170}out(auth_library_return, (h_8,sess_8))
        )
    )
) | (
    {2}let pk_1: pkey = pk(sk) in
    (
        {172}new ck_3: bitstring;
        {174}new n_3: nonce;
        {173}let plain_6: bitstring = ck_3 in
        {175}let c_9: bitstring = aenc_internal(plain_6,n_3,pk_1) in
        {176}let cipher_4: cipher = Cipher(c_9,n_3) in
        {177}let cipher1: cipher = cipher_4 in
        {171}let id_3: identity = id_A in
        {178}let request: bitstring = RegisterRequest(id_3,cipher1) in
        {179}let (ck_4: bitstring,request_1: bitstring) = (ck_3,request) in
        {180}out(reg_net, request_1);
        {181}in(reg_net, regResp: cipher);
        {182}let v_24: cipher = regResp in
        {183}let v_25: bool = success?(1-proj-Cipher(v_24)) in
        {184}let n_4: nonce = (if v_25 then 2-proj-Cipher(v_24) else caught-fail) in
        {185}let c_10: bitstring = (if v_25 then 1-proj-Cipher(v_24) else caught-fail) in
        {186}let plain_7: bitstring = (if v_25 then catch-fail(sdec_internal(c_10,n_4,ck_4)) else caught-fail) in
        {187}let v_26: bool = not-caught-fail(plain_7) in
        {188}let cred_6: bitstring = catch-fail((if v_25 then (if v_26 then plain_7 else fail-any_type) else fail-any_type)) in
        {189}let v_27: bool = not-caught-fail(cred_6) in
        {190}let cred_7: bitstring = (if v_27 then cred_6 else fail-any_type) in
        {191}out(user_secure, (id_3,cred_7,c0))
    ) | (
        {193}new ck_5: bitstring;
        {195}new n_5: nonce;
        {194}let plain_8: bitstring = ck_5 in
        {196}let c_11: bitstring = aenc_internal(plain_8,n_5,pk_1) in
        {197}let cipher_5: cipher = Cipher(c_11,n_5) in
        {198}let cipher1_1: cipher = cipher_5 in
        {192}let id_4: identity = id_B in
        {199}let request_2: bitstring = RegisterRequest(id_4,cipher1_1) in
        {200}let (ck_6: bitstring,request_3: bitstring) = (ck_5,request_2) in
        {201}out(reg_net, request_3);
        {202}in(reg_net, regResp_1: cipher);
        {203}let v_28: cipher = regResp_1 in
        {204}let v_29: bool = success?(1-proj-Cipher(v_28)) in
        {205}let n_6: nonce = (if v_29 then 2-proj-Cipher(v_28) else caught-fail) in
        {206}let c_12: bitstring = (if v_29 then 1-proj-Cipher(v_28) else caught-fail) in
        {207}let plain_9: bitstring = (if v_29 then catch-fail(sdec_internal(c_12,n_6,ck_6)) else caught-fail) in
        {208}let v_30: bool = not-caught-fail(plain_9) in
        {209}let cred_8: bitstring = catch-fail((if v_29 then (if v_30 then plain_9 else fail-any_type) else fail-any_type)) in
        {210}let v_31: bool = not-caught-fail(cred_8) in
        {211}let cred_9: bitstring = (if v_31 then cred_8 else fail-any_type) in
        {212}out(user_secure, (id_4,cred_9,c0))
    ) | (
        {213}in(user_secure, (identity1: identity,cred1: bitstring,cnt_3: counter));
        {214}in(user_secure, (identity2: identity,cred2: bitstring,cnt_4: counter));
        {218}new n_7: nonce;
        {222}let Credential(code_6: bitstring,uid_6: bitstring) = cred1 in
        {223}event user_authenticating(uid_6);
        {216}let t_6: period = yesterday in
        {215}let cnt_5: counter = c1 in
        {217}let authPayload: bitstring = AuthRequestPlain(t_6,cnt_5,cred1) in
        {219}let c_13: bitstring = aenc_internal(authPayload,n_7,pk_1) in
        {220}let cipher_6: cipher = Cipher(c_13,n_7) in
        {221}let cipher_7: cipher = cipher_6 in
        {224}let authCipher: cipher = cipher_7 in
        {225}out(auth_net, authCipher);
        {226}let (identity_1: identity,cred_10: bitstring) = choice[(identity1,cred1),(identity2,cred2)] in
        {230}new n_8: nonce;
        {234}let Credential(code_7: bitstring,uid_7: bitstring) = cred_10 in
        {235}event user_authenticating(uid_7);
        {228}let t_7: period = today in
        {227}let cnt_6: counter = c1 in
        {229}let authPayload_1: bitstring = AuthRequestPlain(t_7,cnt_6,cred_10) in
        {231}let c_14: bitstring = aenc_internal(authPayload_1,n_8,pk_1) in
        {232}let cipher_8: cipher = Cipher(c_14,n_8) in
        {233}let cipher_9: cipher = cipher_8 in
        {236}let authCipher_1: cipher = cipher_9 in
        {237}out(auth_net, authCipher_1)
    )
)

Translating the process into Horn clauses...
Termination warning: v_32 ≠ v_33 && attacker2(v_34,v_32) && attacker2(v_34,v_33) -> bad
Selecting 0
Termination warning: v_32 ≠ v_33 && attacker2(v_32,v_34) && attacker2(v_33,v_34) -> bad
Selecting 0
Completing...
Termination warning: v_32 ≠ v_33 && attacker2(v_34,v_32) && attacker2(v_34,v_33) -> bad
Selecting 0
Termination warning: v_32 ≠ v_33 && attacker2(v_32,v_34) && attacker2(v_33,v_34) -> bad
Selecting 0
200 rules inserted. Base: 200 rules (42 with conclusion selected). Queue: 220 rules.
400 rules inserted. Base: 400 rules (46 with conclusion selected). Queue: 110 rules.
600 rules inserted. Base: 561 rules (68 with conclusion selected). Queue: 208 rules.
800 rules inserted. Base: 732 rules (95 with conclusion selected). Queue: 401 rules.
1000 rules inserted. Base: 895 rules (124 with conclusion selected). Queue: 698 rules.
1200 rules inserted. Base: 999 rules (124 with conclusion selected). Queue: 666 rules.
1400 rules inserted. Base: 1098 rules (124 with conclusion selected). Queue: 655 rules.
1600 rules inserted. Base: 1176 rules (124 with conclusion selected). Queue: 598 rules.
1800 rules inserted. Base: 1326 rules (172 with conclusion selected). Queue: 739 rules.
2000 rules inserted. Base: 1488 rules (247 with conclusion selected). Queue: 1003 rules.
2200 rules inserted. Base: 1664 rules (352 with conclusion selected). Queue: 1387 rules.
2400 rules inserted. Base: 1844 rules (383 with conclusion selected). Queue: 1877 rules.
2600 rules inserted. Base: 2041 rules (400 with conclusion selected). Queue: 2287 rules.
2800 rules inserted. Base: 2239 rules (412 with conclusion selected). Queue: 2610 rules.
3000 rules inserted. Base: 2437 rules (418 with conclusion selected). Queue: 3083 rules.
3200 rules inserted. Base: 2635 rules (424 with conclusion selected). Queue: 3350 rules.
3400 rules inserted. Base: 2832 rules (436 with conclusion selected). Queue: 3580 rules.
3600 rules inserted. Base: 3031 rules (442 with conclusion selected). Queue: 3800 rules.
3800 rules inserted. Base: 3230 rules (508 with conclusion selected). Queue: 4489 rules.
4000 rules inserted. Base: 3430 rules (691 with conclusion selected). Queue: 6414 rules.
4200 rules inserted. Base: 3629 rules (834 with conclusion selected). Queue: 7800 rules.
4400 rules inserted. Base: 3828 rules (976 with conclusion selected). Queue: 9169 rules.
4600 rules inserted. Base: 4028 rules (1156 with conclusion selected). Queue: 11026 rules.
4800 rules inserted. Base: 4227 rules (1269 with conclusion selected). Queue: 12195 rules.
5000 rules inserted. Base: 4427 rules (1444 with conclusion selected). Queue: 14001 rules.
5200 rules inserted. Base: 4627 rules (1626 with conclusion selected). Queue: 15739 rules.
5400 rules inserted. Base: 4827 rules (1730 with conclusion selected). Queue: 16873 rules.
5600 rules inserted. Base: 5027 rules (1905 with conclusion selected). Queue: 18713 rules.
5800 rules inserted. Base: 5227 rules (2082 with conclusion selected). Queue: 20468 rules.
6000 rules inserted. Base: 5425 rules (2212 with conclusion selected). Queue: 21758 rules.
6200 rules inserted. Base: 5625 rules (2347 with conclusion selected). Queue: 23002 rules.
6400 rules inserted. Base: 5825 rules (2525 with conclusion selected). Queue: 24876 rules.
6600 rules inserted. Base: 6025 rules (2699 with conclusion selected). Queue: 26648 rules.
6800 rules inserted. Base: 6224 rules (2800 with conclusion selected). Queue: 27664 rules.
7000 rules inserted. Base: 6424 rules (2967 with conclusion selected). Queue: 29402 rules.
7200 rules inserted. Base: 6624 rules (3141 with conclusion selected). Queue: 31123 rules.
7400 rules inserted. Base: 6824 rules (3286 with conclusion selected). Queue: 32610 rules.
7600 rules inserted. Base: 7024 rules (3412 with conclusion selected). Queue: 33859 rules.
7800 rules inserted. Base: 7224 rules (3575 with conclusion selected). Queue: 34715 rules.
8000 rules inserted. Base: 7424 rules (3739 with conclusion selected). Queue: 35560 rules.
8200 rules inserted. Base: 7624 rules (3903 with conclusion selected). Queue: 36415 rules.
8400 rules inserted. Base: 7824 rules (4066 with conclusion selected). Queue: 37231 rules.
8600 rules inserted. Base: 8024 rules (4229 with conclusion selected). Queue: 38057 rules.
8800 rules inserted. Base: 8224 rules (4393 with conclusion selected). Queue: 38902 rules.
9000 rules inserted. Base: 8424 rules (4557 with conclusion selected). Queue: 39757 rules.
9200 rules inserted. Base: 8624 rules (4721 with conclusion selected). Queue: 40573 rules.
9400 rules inserted. Base: 8824 rules (4885 with conclusion selected). Queue: 41418 rules.
9600 rules inserted. Base: 9024 rules (5047 with conclusion selected). Queue: 42244 rules.
9800 rules inserted. Base: 9224 rules (5211 with conclusion selected). Queue: 43099 rules.
10000 rules inserted. Base: 9424 rules (5375 with conclusion selected). Queue: 43915 rules.
10200 rules inserted. Base: 9623 rules (5531 with conclusion selected). Queue: 44750 rules.
10400 rules inserted. Base: 9823 rules (5694 with conclusion selected). Queue: 45603 rules.
10600 rules inserted. Base: 10022 rules (5848 with conclusion selected). Queue: 46407 rules.
10800 rules inserted. Base: 10222 rules (6011 with conclusion selected). Queue: 47233 rules.
11000 rules inserted. Base: 10422 rules (6175 with conclusion selected). Queue: 48078 rules.
11200 rules inserted. Base: 10622 rules (6339 with conclusion selected). Queue: 48933 rules.
11400 rules inserted. Base: 10822 rules (6503 with conclusion selected). Queue: 49749 rules.
11600 rules inserted. Base: 11022 rules (6667 with conclusion selected). Queue: 50594 rules.
11800 rules inserted. Base: 11222 rules (6829 with conclusion selected). Queue: 51420 rules.
12000 rules inserted. Base: 11422 rules (6993 with conclusion selected). Queue: 52275 rules.
12200 rules inserted. Base: 11622 rules (7157 with conclusion selected). Queue: 53091 rules.
12400 rules inserted. Base: 11822 rules (7321 with conclusion selected). Queue: 53936 rules.
12600 rules inserted. Base: 12022 rules (7485 with conclusion selected). Queue: 54791 rules.
12800 rules inserted. Base: 12222 rules (7648 with conclusion selected). Queue: 55607 rules.
13000 rules inserted. Base: 12422 rules (7811 with conclusion selected). Queue: 56433 rules.
13200 rules inserted. Base: 12622 rules (7975 with conclusion selected). Queue: 57278 rules.
13400 rules inserted. Base: 12821 rules (8130 with conclusion selected). Queue: 58121 rules.
13600 rules inserted. Base: 13021 rules (8294 with conclusion selected). Queue: 58937 rules.
13800 rules inserted. Base: 13221 rules (8449 with conclusion selected). Queue: 59770 rules.
14000 rules inserted. Base: 13421 rules (8612 with conclusion selected). Queue: 60596 rules.
14200 rules inserted. Base: 13621 rules (8776 with conclusion selected). Queue: 61441 rules.
14400 rules inserted. Base: 13821 rules (8940 with conclusion selected). Queue: 62296 rules.
14600 rules inserted. Base: 14021 rules (9104 with conclusion selected). Queue: 63112 rules.
14800 rules inserted. Base: 14221 rules (9268 with conclusion selected). Queue: 63957 rules.
15000 rules inserted. Base: 14421 rules (9430 with conclusion selected). Queue: 64783 rules.
15200 rules inserted. Base: 14621 rules (9594 with conclusion selected). Queue: 65638 rules.
15400 rules inserted. Base: 14821 rules (9758 with conclusion selected). Queue: 66454 rules.
15600 rules inserted. Base: 15021 rules (9922 with conclusion selected). Queue: 67299 rules.
15800 rules inserted. Base: 15221 rules (10086 with conclusion selected). Queue: 68154 rules.
16000 rules inserted. Base: 15421 rules (10249 with conclusion selected). Queue: 68970 rules.
16200 rules inserted. Base: 15621 rules (10412 with conclusion selected). Queue: 69796 rules.
16400 rules inserted. Base: 15821 rules (10576 with conclusion selected). Queue: 70641 rules.
16600 rules inserted. Base: 16021 rules (10732 with conclusion selected). Queue: 71474 rules.
16800 rules inserted. Base: 16221 rules (10888 with conclusion selected). Queue: 72307 rules.
17000 rules inserted. Base: 16421 rules (11050 with conclusion selected). Queue: 73133 rules.
17200 rules inserted. Base: 16621 rules (11214 with conclusion selected). Queue: 73988 rules.
17400 rules inserted. Base: 16821 rules (11378 with conclusion selected). Queue: 74804 rules.
17600 rules inserted. Base: 17021 rules (11542 with conclusion selected). Queue: 75649 rules.
17800 rules inserted. Base: 17221 rules (11706 with conclusion selected). Queue: 76504 rules.
18000 rules inserted. Base: 17421 rules (11869 with conclusion selected). Queue: 77320 rules.
18200 rules inserted. Base: 17621 rules (12032 with conclusion selected). Queue: 78146 rules.
18400 rules inserted. Base: 17821 rules (12196 with conclusion selected). Queue: 78991 rules.
18600 rules inserted. Base: 18021 rules (12360 with conclusion selected). Queue: 79846 rules.
18800 rules inserted. Base: 18221 rules (12524 with conclusion selected). Queue: 80662 rules.
19000 rules inserted. Base: 18421 rules (12688 with conclusion selected). Queue: 81507 rules.
19200 rules inserted. Base: 18621 rules (12850 with conclusion selected). Queue: 82333 rules.
19400 rules inserted. Base: 18821 rules (13014 with conclusion selected). Queue: 83188 rules.
19600 rules inserted. Base: 19021 rules (13178 with conclusion selected). Queue: 84004 rules.
19800 rules inserted. Base: 19221 rules (13342 with conclusion selected). Queue: 84849 rules.
20000 rules inserted. Base: 19421 rules (13506 with conclusion selected). Queue: 85704 rules.
20200 rules inserted. Base: 19620 rules (13660 with conclusion selected). Queue: 86508 rules.
20400 rules inserted. Base: 19820 rules (13823 with conclusion selected). Queue: 87334 rules.
20600 rules inserted. Base: 20020 rules (13987 with conclusion selected). Queue: 88179 rules.
20800 rules inserted. Base: 20219 rules (14142 with conclusion selected). Queue: 89022 rules.
21000 rules inserted. Base: 20419 rules (14306 with conclusion selected). Queue: 89838 rules.
21200 rules inserted. Base: 20619 rules (14470 with conclusion selected). Queue: 90683 rules.
21400 rules inserted. Base: 20819 rules (14632 with conclusion selected). Queue: 91509 rules.
21600 rules inserted. Base: 21019 rules (14796 with conclusion selected). Queue: 92364 rules.
21800 rules inserted. Base: 21219 rules (14960 with conclusion selected). Queue: 93180 rules.
22000 rules inserted. Base: 21419 rules (15124 with conclusion selected). Queue: 94025 rules.
22200 rules inserted. Base: 21619 rules (15288 with conclusion selected). Queue: 94880 rules.
22400 rules inserted. Base: 21819 rules (15451 with conclusion selected). Queue: 95696 rules.
22600 rules inserted. Base: 22019 rules (15614 with conclusion selected). Queue: 96522 rules.
22800 rules inserted. Base: 22219 rules (15778 with conclusion selected). Queue: 97367 rules.
23000 rules inserted. Base: 22419 rules (15942 with conclusion selected). Queue: 98222 rules.
23200 rules inserted. Base: 22619 rules (16106 with conclusion selected). Queue: 99038 rules.
23400 rules inserted. Base: 22819 rules (16270 with conclusion selected). Queue: 99883 rules.
23600 rules inserted. Base: 23019 rules (16432 with conclusion selected). Queue: 100709 rules.
23800 rules inserted. Base: 23219 rules (16596 with conclusion selected). Queue: 101564 rules.
24000 rules inserted. Base: 23419 rules (16760 with conclusion selected). Queue: 102380 rules.
24200 rules inserted. Base: 23619 rules (16924 with conclusion selected). Queue: 103225 rules.
24400 rules inserted. Base: 23818 rules (17079 with conclusion selected). Queue: 104068 rules.
24600 rules inserted. Base: 24018 rules (17242 with conclusion selected). Queue: 104884 rules.
24800 rules inserted. Base: 24218 rules (17405 with conclusion selected). Queue: 105710 rules.
25000 rules inserted. Base: 24418 rules (17561 with conclusion selected). Queue: 106543 rules.
25200 rules inserted. Base: 24618 rules (17725 with conclusion selected). Queue: 107388 rules.
25400 rules inserted. Base: 24818 rules (17889 with conclusion selected). Queue: 108243 rules.
25600 rules inserted. Base: 25018 rules (18052 with conclusion selected). Queue: 109059 rules.
25800 rules inserted. Base: 25218 rules (18215 with conclusion selected). Queue: 109885 rules.
26000 rules inserted. Base: 25418 rules (18379 with conclusion selected). Queue: 110730 rules.
26200 rules inserted. Base: 25618 rules (18543 with conclusion selected). Queue: 111585 rules.
26400 rules inserted. Base: 25818 rules (18707 with conclusion selected). Queue: 112401 rules.
26600 rules inserted. Base: 26018 rules (18871 with conclusion selected). Queue: 113246 rules.
26800 rules inserted. Base: 26218 rules (19033 with conclusion selected). Queue: 114072 rules.
27000 rules inserted. Base: 26418 rules (19197 with conclusion selected). Queue: 114927 rules.
27200 rules inserted. Base: 26618 rules (19361 with conclusion selected). Queue: 115743 rules.
27400 rules inserted. Base: 26818 rules (19525 with conclusion selected). Queue: 116588 rules.
27600 rules inserted. Base: 27018 rules (19689 with conclusion selected). Queue: 117443 rules.
27800 rules inserted. Base: 27218 rules (19852 with conclusion selected). Queue: 118259 rules.
28000 rules inserted. Base: 27418 rules (20015 with conclusion selected). Queue: 119085 rules.
28200 rules inserted. Base: 27618 rules (20179 with conclusion selected). Queue: 119930 rules.
28400 rules inserted. Base: 27818 rules (20343 with conclusion selected). Queue: 120785 rules.
28600 rules inserted. Base: 28018 rules (20499 with conclusion selected). Queue: 121618 rules.
28800 rules inserted. Base: 28218 rules (20662 with conclusion selected). Queue: 122434 rules.
29000 rules inserted. Base: 28418 rules (20825 with conclusion selected). Queue: 123260 rules.
29200 rules inserted. Base: 28618 rules (20981 with conclusion selected). Queue: 124093 rules.
29400 rules inserted. Base: 28818 rules (21145 with conclusion selected). Queue: 124938 rules.
29600 rules inserted. Base: 29018 rules (21309 with conclusion selected). Queue: 125793 rules.
29800 rules inserted. Base: 29137 rules (21346 with conclusion selected). Queue: 125967 rules.
30000 rules inserted. Base: 29231 rules (21346 with conclusion selected). Queue: 125923 rules.
30200 rules inserted. Base: 29327 rules (21346 with conclusion selected). Queue: 125879 rules.
30400 rules inserted. Base: 29422 rules (21346 with conclusion selected). Queue: 125874 rules.
30600 rules inserted. Base: 29517 rules (21346 with conclusion selected). Queue: 125830 rules.
30800 rules inserted. Base: 29613 rules (21346 with conclusion selected). Queue: 125786 rules.
31000 rules inserted. Base: 29707 rules (21346 with conclusion selected). Queue: 125684 rules.
31200 rules inserted. Base: 29804 rules (21346 with conclusion selected). Queue: 125646 rules.
31400 rules inserted. Base: 29897 rules (21346 with conclusion selected). Queue: 125610 rules.
31600 rules inserted. Base: 29995 rules (21346 with conclusion selected). Queue: 125571 rules.
31800 rules inserted. Base: 30087 rules (21346 with conclusion selected). Queue: 125536 rules.
32000 rules inserted. Base: 30186 rules (21346 with conclusion selected). Queue: 125496 rules.
32200 rules inserted. Base: 30277 rules (21346 with conclusion selected). Queue: 125508 rules.
32400 rules inserted. Base: 30377 rules (21346 with conclusion selected). Queue: 125447 rules.
32600 rules inserted. Base: 30467 rules (21346 with conclusion selected). Queue: 125384 rules.
32800 rules inserted. Base: 30567 rules (21346 with conclusion selected). Queue: 125307 rules.
33000 rules inserted. Base: 30658 rules (21346 with conclusion selected). Queue: 125224 rules.
33200 rules inserted. Base: 30757 rules (21346 with conclusion selected). Queue: 125141 rules.
33400 rules inserted. Base: 30849 rules (21346 with conclusion selected). Queue: 125055 rules.
33600 rules inserted. Base: 30947 rules (21346 with conclusion selected). Queue: 124994 rules.
33800 rules inserted. Base: 31040 rules (21346 with conclusion selected). Queue: 124928 rules.
34000 rules inserted. Base: 31137 rules (21346 with conclusion selected). Queue: 124848 rules.
34200 rules inserted. Base: 31231 rules (21346 with conclusion selected). Queue: 124765 rules.
34400 rules inserted. Base: 31327 rules (21346 with conclusion selected). Queue: 124682 rules.
34600 rules inserted. Base: 31422 rules (21346 with conclusion selected). Queue: 124547 rules.
34800 rules inserted. Base: 31517 rules (21346 with conclusion selected). Queue: 124509 rules.
35000 rules inserted. Base: 31613 rules (21346 with conclusion selected). Queue: 124472 rules.
35200 rules inserted. Base: 31707 rules (21346 with conclusion selected). Queue: 124435 rules.
35400 rules inserted. Base: 31804 rules (21346 with conclusion selected). Queue: 124397 rules.
35600 rules inserted. Base: 31897 rules (21346 with conclusion selected). Queue: 124361 rules.
35800 rules inserted. Base: 31995 rules (21346 with conclusion selected). Queue: 124322 rules.
36000 rules inserted. Base: 32087 rules (21346 with conclusion selected). Queue: 124283 rules.
36200 rules inserted. Base: 32186 rules (21346 with conclusion selected). Queue: 124247 rules.
36400 rules inserted. Base: 32277 rules (21346 with conclusion selected). Queue: 124213 rules.
36600 rules inserted. Base: 32377 rules (21346 with conclusion selected). Queue: 124146 rules.
36800 rules inserted. Base: 32467 rules (21346 with conclusion selected). Queue: 124124 rules.
37000 rules inserted. Base: 32567 rules (21346 with conclusion selected). Queue: 124086 rules.
37200 rules inserted. Base: 32658 rules (21346 with conclusion selected). Queue: 124066 rules.
37400 rules inserted. Base: 32757 rules (21346 with conclusion selected). Queue: 123983 rules.
37600 rules inserted. Base: 32849 rules (21346 with conclusion selected). Queue: 123912 rules.
37800 rules inserted. Base: 32947 rules (21346 with conclusion selected). Queue: 123817 rules.
38000 rules inserted. Base: 33040 rules (21346 with conclusion selected). Queue: 123759 rules.
38200 rules inserted. Base: 33137 rules (21346 with conclusion selected). Queue: 123651 rules.
38400 rules inserted. Base: 33231 rules (21346 with conclusion selected). Queue: 123607 rules.
38600 rules inserted. Base: 33327 rules (21346 with conclusion selected). Queue: 123524 rules.
38800 rules inserted. Base: 33422 rules (21346 with conclusion selected). Queue: 123454 rules.
39000 rules inserted. Base: 33517 rules (21346 with conclusion selected). Queue: 123358 rules.
39200 rules inserted. Base: 33613 rules (21346 with conclusion selected). Queue: 123301 rules.
39400 rules inserted. Base: 33707 rules (21346 with conclusion selected). Queue: 123192 rules.
39600 rules inserted. Base: 33804 rules (21346 with conclusion selected). Queue: 123187 rules.
39800 rules inserted. Base: 33897 rules (21346 with conclusion selected). Queue: 123143 rules.
40000 rules inserted. Base: 33995 rules (21346 with conclusion selected). Queue: 123099 rules.
40200 rules inserted. Base: 34087 rules (21346 with conclusion selected). Queue: 123043 rules.
40400 rules inserted. Base: 34186 rules (21346 with conclusion selected). Queue: 123011 rules.
40600 rules inserted. Base: 34277 rules (21346 with conclusion selected). Queue: 122997 rules.
40800 rules inserted. Base: 34377 rules (21346 with conclusion selected). Queue: 122884 rules.
41000 rules inserted. Base: 34467 rules (21346 with conclusion selected). Queue: 122851 rules.
41200 rules inserted. Base: 34567 rules (21346 with conclusion selected). Queue: 122810 rules.
41400 rules inserted. Base: 34658 rules (21346 with conclusion selected). Queue: 122776 rules.
41600 rules inserted. Base: 34757 rules (21346 with conclusion selected). Queue: 122736 rules.
41800 rules inserted. Base: 34849 rules (21346 with conclusion selected). Queue: 122702 rules.
42000 rules inserted. Base: 34947 rules (21346 with conclusion selected). Queue: 122668 rules.
42200 rules inserted. Base: 35040 rules (21346 with conclusion selected). Queue: 122639 rules.
42400 rules inserted. Base: 35137 rules (21346 with conclusion selected). Queue: 122544 rules.
42600 rules inserted. Base: 35231 rules (21346 with conclusion selected). Queue: 122501 rules.
42800 rules inserted. Base: 35327 rules (21346 with conclusion selected). Queue: 122420 rules.
43000 rules inserted. Base: 35422 rules (21346 with conclusion selected). Queue: 122361 rules.
43200 rules inserted. Base: 35517 rules (21346 with conclusion selected). Queue: 122218 rules.
43400 rules inserted. Base: 35613 rules (21346 with conclusion selected). Queue: 122182 rules.
43600 rules inserted. Base: 35707 rules (21346 with conclusion selected). Queue: 122094 rules.
43800 rules inserted. Base: 35804 rules (21346 with conclusion selected). Queue: 122042 rules.
44000 rules inserted. Base: 35897 rules (21346 with conclusion selected). Queue: 121970 rules.
44200 rules inserted. Base: 35995 rules (21346 with conclusion selected). Queue: 121902 rules.
44400 rules inserted. Base: 36096 rules (21355 with conclusion selected). Queue: 121798 rules.
44600 rules inserted. Base: 36219 rules (21400 with conclusion selected). Queue: 122065 rules.
44800 rules inserted. Base: 36313 rules (21400 with conclusion selected). Queue: 122113 rules.
45000 rules inserted. Base: 36410 rules (21400 with conclusion selected). Queue: 122159 rules.
45200 rules inserted. Base: 36503 rules (21400 with conclusion selected). Queue: 122209 rules.
45400 rules inserted. Base: 36601 rules (21400 with conclusion selected). Queue: 122253 rules.
45600 rules inserted. Base: 36693 rules (21400 with conclusion selected). Queue: 122305 rules.
45800 rules inserted. Base: 36792 rules (21400 with conclusion selected). Queue: 122347 rules.
46000 rules inserted. Base: 36904 rules (21427 with conclusion selected). Queue: 122526 rules.
46200 rules inserted. Base: 37016 rules (21454 with conclusion selected). Queue: 122705 rules.
46400 rules inserted. Base: 37109 rules (21454 with conclusion selected). Queue: 122755 rules.
46600 rules inserted. Base: 37207 rules (21454 with conclusion selected). Queue: 122799 rules.
46800 rules inserted. Base: 37299 rules (21454 with conclusion selected). Queue: 122851 rules.
47000 rules inserted. Base: 37398 rules (21454 with conclusion selected). Queue: 122893 rules.
47200 rules inserted. Base: 37489 rules (21454 with conclusion selected). Queue: 122947 rules.
47400 rules inserted. Base: 37589 rules (21454 with conclusion selected). Queue: 122987 rules.
47600 rules inserted. Base: 37679 rules (21454 with conclusion selected). Queue: 122969 rules.
47800 rules inserted. Base: 37779 rules (21454 with conclusion selected). Queue: 122849 rules.
48000 rules inserted. Base: 37870 rules (21454 with conclusion selected). Queue: 122747 rules.
48200 rules inserted. Base: 37969 rules (21454 with conclusion selected). Queue: 122642 rules.
48400 rules inserted. Base: 38061 rules (21454 with conclusion selected). Queue: 122520 rules.
48600 rules inserted. Base: 38159 rules (21454 with conclusion selected). Queue: 122398 rules.
48800 rules inserted. Base: 38252 rules (21454 with conclusion selected). Queue: 122314 rules.
49000 rules inserted. Base: 38349 rules (21454 with conclusion selected). Queue: 122275 rules.
49200 rules inserted. Base: 38443 rules (21454 with conclusion selected). Queue: 122240 rules.
49400 rules inserted. Base: 38539 rules (21454 with conclusion selected). Queue: 122201 rules.
49600 rules inserted. Base: 38634 rules (21454 with conclusion selected). Queue: 122152 rules.
49800 rules inserted. Base: 38729 rules (21454 with conclusion selected). Queue: 122120 rules.
50000 rules inserted. Base: 38825 rules (21454 with conclusion selected). Queue: 122090 rules.
50200 rules inserted. Base: 38919 rules (21454 with conclusion selected). Queue: 122046 rules.
50400 rules inserted. Base: 39016 rules (21454 with conclusion selected). Queue: 121924 rules.
50600 rules inserted. Base: 39109 rules (21454 with conclusion selected). Queue: 121841 rules.
50800 rules inserted. Base: 39207 rules (21454 with conclusion selected). Queue: 121719 rules.
51000 rules inserted. Base: 39299 rules (21454 with conclusion selected). Queue: 121636 rules.
51200 rules inserted. Base: 39398 rules (21454 with conclusion selected). Queue: 121514 rules.
51400 rules inserted. Base: 39489 rules (21454 with conclusion selected). Queue: 121431 rules.
51600 rules inserted. Base: 39589 rules (21454 with conclusion selected). Queue: 121309 rules.
51800 rules inserted. Base: 39679 rules (21454 with conclusion selected). Queue: 121226 rules.
52000 rules inserted. Base: 39779 rules (21454 with conclusion selected). Queue: 121104 rules.
52200 rules inserted. Base: 39870 rules (21454 with conclusion selected). Queue: 121021 rules.
52400 rules inserted. Base: 39969 rules (21454 with conclusion selected). Queue: 120899 rules.
52600 rules inserted. Base: 40061 rules (21454 with conclusion selected). Queue: 120777 rules.
52800 rules inserted. Base: 40159 rules (21454 with conclusion selected). Queue: 120655 rules.
53000 rules inserted. Base: 40252 rules (21454 with conclusion selected). Queue: 120533 rules.
53200 rules inserted. Base: 40349 rules (21454 with conclusion selected). Queue: 120432 rules.
53400 rules inserted. Base: 40443 rules (21454 with conclusion selected). Queue: 120328 rules.
53600 rules inserted. Base: 40539 rules (21454 with conclusion selected). Queue: 120206 rules.
53800 rules inserted. Base: 40634 rules (21454 with conclusion selected). Queue: 120097 rules.
54000 rules inserted. Base: 40729 rules (21454 with conclusion selected). Queue: 120059 rules.
54200 rules inserted. Base: 40825 rules (21454 with conclusion selected). Queue: 120022 rules.
54400 rules inserted. Base: 40919 rules (21454 with conclusion selected). Queue: 119985 rules.
54600 rules inserted. Base: 41016 rules (21454 with conclusion selected). Queue: 119947 rules.
54800 rules inserted. Base: 41109 rules (21454 with conclusion selected). Queue: 119911 rules.
55000 rules inserted. Base: 41207 rules (21454 with conclusion selected). Queue: 119898 rules.
55200 rules inserted. Base: 41299 rules (21454 with conclusion selected). Queue: 119820 rules.
55400 rules inserted. Base: 41398 rules (21454 with conclusion selected). Queue: 119732 rules.
55600 rules inserted. Base: 41489 rules (21454 with conclusion selected). Queue: 119643 rules.
55800 rules inserted. Base: 41589 rules (21454 with conclusion selected). Queue: 119566 rules.
56000 rules inserted. Base: 41679 rules (21454 with conclusion selected). Queue: 119444 rules.
56200 rules inserted. Base: 41779 rules (21454 with conclusion selected). Queue: 119286 rules.
56400 rules inserted. Base: 41870 rules (21454 with conclusion selected). Queue: 119209 rules.
56600 rules inserted. Base: 41969 rules (21454 with conclusion selected). Queue: 119123 rules.
56800 rules inserted. Base: 42061 rules (21454 with conclusion selected). Queue: 119032 rules.
57000 rules inserted. Base: 42159 rules (21454 with conclusion selected). Queue: 118951 rules.
57200 rules inserted. Base: 42252 rules (21454 with conclusion selected). Queue: 118829 rules.
57400 rules inserted. Base: 42349 rules (21454 with conclusion selected). Queue: 118629 rules.
57600 rules inserted. Base: 42443 rules (21454 with conclusion selected). Queue: 118507 rules.
57800 rules inserted. Base: 42539 rules (21454 with conclusion selected). Queue: 118385 rules.
58000 rules inserted. Base: 42634 rules (21454 with conclusion selected). Queue: 118302 rules.
58200 rules inserted. Base: 42729 rules (21454 with conclusion selected). Queue: 118180 rules.
58400 rules inserted. Base: 42825 rules (21454 with conclusion selected). Queue: 118058 rules.
58600 rules inserted. Base: 42919 rules (21454 with conclusion selected). Queue: 117956 rules.
58800 rules inserted. Base: 43016 rules (21454 with conclusion selected). Queue: 117905 rules.
59000 rules inserted. Base: 43109 rules (21454 with conclusion selected). Queue: 117877 rules.
59200 rules inserted. Base: 43207 rules (21454 with conclusion selected). Queue: 117843 rules.
59400 rules inserted. Base: 43299 rules (21454 with conclusion selected). Queue: 117778 rules.
59600 rules inserted. Base: 43398 rules (21454 with conclusion selected). Queue: 117742 rules.
59800 rules inserted. Base: 43489 rules (21454 with conclusion selected). Queue: 117718 rules.
60000 rules inserted. Base: 43589 rules (21454 with conclusion selected). Queue: 117706 rules.
60200 rules inserted. Base: 43679 rules (21454 with conclusion selected). Queue: 117584 rules.
60400 rules inserted. Base: 43779 rules (21454 with conclusion selected). Queue: 117501 rules.
60600 rules inserted. Base: 43870 rules (21454 with conclusion selected). Queue: 117379 rules.
60800 rules inserted. Base: 43969 rules (21454 with conclusion selected). Queue: 117296 rules.
61000 rules inserted. Base: 44061 rules (21454 with conclusion selected). Queue: 117174 rules.
61200 rules inserted. Base: 44159 rules (21454 with conclusion selected). Queue: 117091 rules.
61400 rules inserted. Base: 44252 rules (21454 with conclusion selected). Queue: 116969 rules.
61600 rules inserted. Base: 44349 rules (21454 with conclusion selected). Queue: 116886 rules.
61800 rules inserted. Base: 44443 rules (21454 with conclusion selected). Queue: 116764 rules.
62000 rules inserted. Base: 44539 rules (21454 with conclusion selected). Queue: 116681 rules.
62200 rules inserted. Base: 44634 rules (21454 with conclusion selected). Queue: 116559 rules.
62400 rules inserted. Base: 44765 rules (21508 with conclusion selected). Queue: 116730 rules.
62600 rules inserted. Base: 44858 rules (21508 with conclusion selected). Queue: 116656 rules.
62800 rules inserted. Base: 44955 rules (21508 with conclusion selected). Queue: 116578 rules.
63000 rules inserted. Base: 45049 rules (21508 with conclusion selected). Queue: 116504 rules.
63200 rules inserted. Base: 45145 rules (21508 with conclusion selected). Queue: 116426 rules.
63400 rules inserted. Base: 45240 rules (21508 with conclusion selected). Queue: 116351 rules.
63600 rules inserted. Base: 45335 rules (21508 with conclusion selected). Queue: 116274 rules.
63800 rules inserted. Base: 45431 rules (21508 with conclusion selected). Queue: 116198 rules.
64000 rules inserted. Base: 45561 rules (21562 with conclusion selected). Queue: 116465 rules.
64200 rules inserted. Base: 45655 rules (21562 with conclusion selected). Queue: 116517 rules.
64400 rules inserted. Base: 45751 rules (21562 with conclusion selected). Queue: 116561 rules.
64600 rules inserted. Base: 45846 rules (21562 with conclusion selected). Queue: 116611 rules.
64800 rules inserted. Base: 45941 rules (21562 with conclusion selected). Queue: 116657 rules.
65000 rules inserted. Base: 46037 rules (21562 with conclusion selected). Queue: 116705 rules.
65200 rules inserted. Base: 46131 rules (21562 with conclusion selected). Queue: 116753 rules.
65400 rules inserted. Base: 46228 rules (21562 with conclusion selected). Queue: 116799 rules.
65600 rules inserted. Base: 46321 rules (21562 with conclusion selected). Queue: 116729 rules.
65800 rules inserted. Base: 46419 rules (21562 with conclusion selected). Queue: 116607 rules.
66000 rules inserted. Base: 46511 rules (21562 with conclusion selected). Queue: 116485 rules.
66200 rules inserted. Base: 46610 rules (21562 with conclusion selected). Queue: 116402 rules.
66400 rules inserted. Base: 46701 rules (21562 with conclusion selected). Queue: 116280 rules.
66600 rules inserted. Base: 46801 rules (21562 with conclusion selected). Queue: 116158 rules.
66800 rules inserted. Base: 46891 rules (21562 with conclusion selected). Queue: 116036 rules.
67000 rules inserted. Base: 46991 rules (21562 with conclusion selected). Queue: 115914 rules.
67200 rules inserted. Base: 47082 rules (21562 with conclusion selected). Queue: 115792 rules.
67400 rules inserted. Base: 47181 rules (21562 with conclusion selected). Queue: 115709 rules.
67600 rules inserted. Base: 47273 rules (21562 with conclusion selected). Queue: 115587 rules.
67800 rules inserted. Base: 47371 rules (21562 with conclusion selected). Queue: 115465 rules.
68000 rules inserted. Base: 47464 rules (21562 with conclusion selected). Queue: 115418 rules.
68200 rules inserted. Base: 47561 rules (21562 with conclusion selected). Queue: 115320 rules.
68400 rules inserted. Base: 47655 rules (21562 with conclusion selected). Queue: 115216 rules.
68600 rules inserted. Base: 47751 rules (21562 with conclusion selected). Queue: 115094 rules.
68800 rules inserted. Base: 47846 rules (21562 with conclusion selected). Queue: 114972 rules.
69000 rules inserted. Base: 47941 rules (21562 with conclusion selected). Queue: 114850 rules.
69200 rules inserted. Base: 48037 rules (21562 with conclusion selected). Queue: 114650 rules.
69400 rules inserted. Base: 48131 rules (21562 with conclusion selected). Queue: 114555 rules.
69600 rules inserted. Base: 48228 rules (21562 with conclusion selected). Queue: 114445 rules.
69800 rules inserted. Base: 48321 rules (21562 with conclusion selected). Queue: 114323 rules.
70000 rules inserted. Base: 48419 rules (21562 with conclusion selected). Queue: 114201 rules.
70200 rules inserted. Base: 48511 rules (21562 with conclusion selected). Queue: 114079 rules.
70400 rules inserted. Base: 48610 rules (21562 with conclusion selected). Queue: 113801 rules.
70600 rules inserted. Base: 48701 rules (21562 with conclusion selected). Queue: 113679 rules.
70800 rules inserted. Base: 48801 rules (21562 with conclusion selected). Queue: 113557 rules.
71000 rules inserted. Base: 48891 rules (21562 with conclusion selected). Queue: 113474 rules.
71200 rules inserted. Base: 48991 rules (21562 with conclusion selected). Queue: 113352 rules.
71400 rules inserted. Base: 49082 rules (21562 with conclusion selected). Queue: 113230 rules.
71600 rules inserted. Base: 49181 rules (21562 with conclusion selected). Queue: 113136 rules.
71800 rules inserted. Base: 49273 rules (21562 with conclusion selected). Queue: 113024 rules.
72000 rules inserted. Base: 49371 rules (21562 with conclusion selected). Queue: 112906 rules.
72200 rules inserted. Base: 49464 rules (21562 with conclusion selected). Queue: 112793 rules.
72400 rules inserted. Base: 49561 rules (21562 with conclusion selected). Queue: 112676 rules.
72600 rules inserted. Base: 49655 rules (21562 with conclusion selected). Queue: 112563 rules.
72800 rules inserted. Base: 49751 rules (21562 with conclusion selected). Queue: 112446 rules.
73000 rules inserted. Base: 49846 rules (21562 with conclusion selected). Queue: 112410 rules.
73200 rules inserted. Base: 49941 rules (21562 with conclusion selected). Queue: 112282 rules.
73400 rules inserted. Base: 50037 rules (21562 with conclusion selected). Queue: 112166 rules.
73600 rules inserted. Base: 50131 rules (21562 with conclusion selected). Queue: 112024 rules.
73800 rules inserted. Base: 50228 rules (21562 with conclusion selected). Queue: 111922 rules.
74000 rules inserted. Base: 50321 rules (21562 with conclusion selected). Queue: 111766 rules.
74200 rules inserted. Base: 50419 rules (21562 with conclusion selected). Queue: 111639 rules.
74400 rules inserted. Base: 50511 rules (21562 with conclusion selected). Queue: 111508 rules.
74600 rules inserted. Base: 50610 rules (21562 with conclusion selected). Queue: 111395 rules.
74800 rules inserted. Base: 50701 rules (21562 with conclusion selected). Queue: 111250 rules.
75000 rules inserted. Base: 50801 rules (21562 with conclusion selected). Queue: 111151 rules.
75200 rules inserted. Base: 50891 rules (21562 with conclusion selected). Queue: 110992 rules.
75400 rules inserted. Base: 50991 rules (21562 with conclusion selected). Queue: 110829 rules.
75600 rules inserted. Base: 51082 rules (21562 with conclusion selected). Queue: 110707 rules.
75800 rules inserted. Base: 51181 rules (21562 with conclusion selected). Queue: 110585 rules.
76000 rules inserted. Base: 51273 rules (21562 with conclusion selected). Queue: 110474 rules.
76200 rules inserted. Base: 51371 rules (21562 with conclusion selected). Queue: 110360 rules.
76400 rules inserted. Base: 51464 rules (21562 with conclusion selected). Queue: 110256 rules.
76600 rules inserted. Base: 51561 rules (21562 with conclusion selected). Queue: 110136 rules.
76800 rules inserted. Base: 51655 rules (21562 with conclusion selected). Queue: 110014 rules.
77000 rules inserted. Base: 51751 rules (21562 with conclusion selected). Queue: 109892 rules.
77200 rules inserted. Base: 51846 rules (21562 with conclusion selected). Queue: 109796 rules.
77400 rules inserted. Base: 51941 rules (21562 with conclusion selected). Queue: 109680 rules.
77600 rules inserted. Base: 52037 rules (21562 with conclusion selected). Queue: 109565 rules.
77800 rules inserted. Base: 52131 rules (21562 with conclusion selected). Queue: 109464 rules.
78000 rules inserted. Base: 52228 rules (21562 with conclusion selected). Queue: 109386 rules.
78200 rules inserted. Base: 52321 rules (21562 with conclusion selected). Queue: 109262 rules.
78400 rules inserted. Base: 52419 rules (21562 with conclusion selected). Queue: 109168 rules.
78600 rules inserted. Base: 52511 rules (21562 with conclusion selected). Queue: 109060 rules.
78800 rules inserted. Base: 52610 rules (21562 with conclusion selected). Queue: 108950 rules.
79000 rules inserted. Base: 52701 rules (21562 with conclusion selected). Queue: 108702 rules.
79200 rules inserted. Base: 52801 rules (21562 with conclusion selected). Queue: 108615 rules.
79400 rules inserted. Base: 52891 rules (21562 with conclusion selected). Queue: 108500 rules.
79600 rules inserted. Base: 52991 rules (21562 with conclusion selected). Queue: 108399 rules.
79800 rules inserted. Base: 53082 rules (21562 with conclusion selected). Queue: 108295 rules.
80000 rules inserted. Base: 53181 rules (21562 with conclusion selected). Queue: 108179 rules.
80200 rules inserted. Base: 53284 rules (21575 with conclusion selected). Queue: 107977 rules.
80400 rules inserted. Base: 53407 rules (21616 with conclusion selected). Queue: 108134 rules.
80600 rules inserted. Base: 53497 rules (21616 with conclusion selected). Queue: 108062 rules.
80800 rules inserted. Base: 53597 rules (21616 with conclusion selected). Queue: 107982 rules.
81000 rules inserted. Base: 53688 rules (21616 with conclusion selected). Queue: 107909 rules.
81200 rules inserted. Base: 53787 rules (21616 with conclusion selected). Queue: 107830 rules.
81400 rules inserted. Base: 53879 rules (21616 with conclusion selected). Queue: 107757 rules.
81600 rules inserted. Base: 53977 rules (21616 with conclusion selected). Queue: 107678 rules.
81800 rules inserted. Base: 54092 rules (21647 with conclusion selected). Queue: 107769 rules.
82000 rules inserted. Base: 54203 rules (21670 with conclusion selected). Queue: 107826 rules.
82200 rules inserted. Base: 54294 rules (21670 with conclusion selected). Queue: 107753 rules.
82400 rules inserted. Base: 54393 rules (21670 with conclusion selected). Queue: 107674 rules.
82600 rules inserted. Base: 54485 rules (21670 with conclusion selected). Queue: 107601 rules.
82800 rules inserted. Base: 54583 rules (21670 with conclusion selected). Queue: 107522 rules.
83000 rules inserted. Base: 54676 rules (21670 with conclusion selected). Queue: 107448 rules.
83200 rules inserted. Base: 54773 rules (21670 with conclusion selected). Queue: 107370 rules.
83400 rules inserted. Base: 54867 rules (21670 with conclusion selected). Queue: 107374 rules.
83600 rules inserted. Base: 54963 rules (21670 with conclusion selected). Queue: 107540 rules.
83800 rules inserted. Base: 55058 rules (21670 with conclusion selected). Queue: 107715 rules.
84000 rules inserted. Base: 55153 rules (21670 with conclusion selected). Queue: 107884 rules.
84200 rules inserted. Base: 55249 rules (21670 with conclusion selected). Queue: 108056 rules.
84400 rules inserted. Base: 55343 rules (21670 with conclusion selected). Queue: 108162 rules.
84600 rules inserted. Base: 55440 rules (21670 with conclusion selected). Queue: 108124 rules.
84800 rules inserted. Base: 55533 rules (21670 with conclusion selected). Queue: 108026 rules.
85000 rules inserted. Base: 55631 rules (21670 with conclusion selected). Queue: 107984 rules.
85200 rules inserted. Base: 55723 rules (21670 with conclusion selected). Queue: 107902 rules.
85400 rules inserted. Base: 55822 rules (21670 with conclusion selected). Queue: 107844 rules.
85600 rules inserted. Base: 55913 rules (21670 with conclusion selected). Queue: 107706 rules.
85800 rules inserted. Base: 56013 rules (21670 with conclusion selected). Queue: 107665 rules.
86000 rules inserted. Base: 56103 rules (21670 with conclusion selected). Queue: 107576 rules.
86200 rules inserted. Base: 56203 rules (21670 with conclusion selected). Queue: 107527 rules.
86400 rules inserted. Base: 56294 rules (21670 with conclusion selected). Queue: 107449 rules.
86600 rules inserted. Base: 56393 rules (21670 with conclusion selected). Queue: 107389 rules.
86800 rules inserted. Base: 56485 rules (21670 with conclusion selected). Queue: 107211 rules.
87000 rules inserted. Base: 56583 rules (21670 with conclusion selected). Queue: 107137 rules.
87200 rules inserted. Base: 56676 rules (21670 with conclusion selected). Queue: 107081 rules.
87400 rules inserted. Base: 56773 rules (21670 with conclusion selected). Queue: 106962 rules.
87600 rules inserted. Base: 56867 rules (21670 with conclusion selected). Queue: 106879 rules.
87800 rules inserted. Base: 56963 rules (21670 with conclusion selected). Queue: 106796 rules.
88000 rules inserted. Base: 57058 rules (21670 with conclusion selected). Queue: 106713 rules.
88200 rules inserted. Base: 57153 rules (21670 with conclusion selected). Queue: 106630 rules.
88400 rules inserted. Base: 57249 rules (21670 with conclusion selected). Queue: 106547 rules.
88600 rules inserted. Base: 57343 rules (21670 with conclusion selected). Queue: 106464 rules.
88800 rules inserted. Base: 57440 rules (21670 with conclusion selected). Queue: 106381 rules.
89000 rules inserted. Base: 57533 rules (21670 with conclusion selected). Queue: 106298 rules.
89200 rules inserted. Base: 57631 rules (21670 with conclusion selected). Queue: 106215 rules.
89400 rules inserted. Base: 57723 rules (21670 with conclusion selected). Queue: 106276 rules.
89600 rules inserted. Base: 57822 rules (21670 with conclusion selected). Queue: 106439 rules.
89800 rules inserted. Base: 57913 rules (21670 with conclusion selected). Queue: 106620 rules.
90000 rules inserted. Base: 58013 rules (21670 with conclusion selected). Queue: 106780 rules.
90200 rules inserted. Base: 58103 rules (21670 with conclusion selected). Queue: 106964 rules.
90400 rules inserted. Base: 58203 rules (21670 with conclusion selected). Queue: 107044 rules.
90600 rules inserted. Base: 58294 rules (21670 with conclusion selected). Queue: 106960 rules.
90800 rules inserted. Base: 58393 rules (21670 with conclusion selected). Queue: 106892 rules.
91000 rules inserted. Base: 58485 rules (21670 with conclusion selected). Queue: 106794 rules.
91200 rules inserted. Base: 58583 rules (21670 with conclusion selected). Queue: 106740 rules.
91400 rules inserted. Base: 58676 rules (21670 with conclusion selected). Queue: 106628 rules.
91600 rules inserted. Base: 58773 rules (21670 with conclusion selected). Queue: 106588 rules.
91800 rules inserted. Base: 58867 rules (21670 with conclusion selected). Queue: 106501 rules.
92000 rules inserted. Base: 58963 rules (21670 with conclusion selected). Queue: 106436 rules.
92200 rules inserted. Base: 59058 rules (21670 with conclusion selected). Queue: 106335 rules.
92400 rules inserted. Base: 59153 rules (21670 with conclusion selected). Queue: 106284 rules.
92600 rules inserted. Base: 59249 rules (21670 with conclusion selected). Queue: 106169 rules.
92800 rules inserted. Base: 59343 rules (21670 with conclusion selected). Queue: 106086 rules.
93000 rules inserted. Base: 59440 rules (21670 with conclusion selected). Queue: 106003 rules.
93200 rules inserted. Base: 59533 rules (21670 with conclusion selected). Queue: 105920 rules.
93400 rules inserted. Base: 59631 rules (21670 with conclusion selected). Queue: 105798 rules.
93600 rules inserted. Base: 59723 rules (21670 with conclusion selected). Queue: 105742 rules.
93800 rules inserted. Base: 59822 rules (21670 with conclusion selected). Queue: 105671 rules.
94000 rules inserted. Base: 59913 rules (21670 with conclusion selected). Queue: 105501 rules.
94200 rules inserted. Base: 60013 rules (21670 with conclusion selected). Queue: 105427 rules.
94400 rules inserted. Base: 60103 rules (21670 with conclusion selected). Queue: 105377 rules.
94600 rules inserted. Base: 60203 rules (21670 with conclusion selected). Queue: 105222 rules.
94800 rules inserted. Base: 60294 rules (21670 with conclusion selected). Queue: 105139 rules.
95000 rules inserted. Base: 60393 rules (21670 with conclusion selected). Queue: 105062 rules.
95200 rules inserted. Base: 60485 rules (21670 with conclusion selected). Queue: 105009 rules.
95400 rules inserted. Base: 60583 rules (21670 with conclusion selected). Queue: 105172 rules.
95600 rules inserted. Base: 60676 rules (21670 with conclusion selected). Queue: 105350 rules.
95800 rules inserted. Base: 60773 rules (21670 with conclusion selected). Queue: 105516 rules.
96000 rules inserted. Base: 60867 rules (21670 with conclusion selected). Queue: 105694 rules.
96200 rules inserted. Base: 60963 rules (21670 with conclusion selected). Queue: 105850 rules.
96400 rules inserted. Base: 61058 rules (21670 with conclusion selected). Queue: 105840 rules.
96600 rules inserted. Base: 61153 rules (21670 with conclusion selected). Queue: 105718 rules.
96800 rules inserted. Base: 61249 rules (21670 with conclusion selected). Queue: 105674 rules.
97000 rules inserted. Base: 61343 rules (21670 with conclusion selected). Queue: 105552 rules.
97200 rules inserted. Base: 61440 rules (21670 with conclusion selected). Queue: 105508 rules.
97400 rules inserted. Base: 61533 rules (21670 with conclusion selected). Queue: 105394 rules.
97600 rules inserted. Base: 61631 rules (21670 with conclusion selected). Queue: 105381 rules.
97800 rules inserted. Base: 61723 rules (21670 with conclusion selected). Queue: 105259 rules.
98000 rules inserted. Base: 61822 rules (21670 with conclusion selected). Queue: 105215 rules.
98200 rules inserted. Base: 61913 rules (21670 with conclusion selected). Queue: 105093 rules.
98400 rules inserted. Base: 62013 rules (21670 with conclusion selected). Queue: 105049 rules.
98600 rules inserted. Base: 62103 rules (21670 with conclusion selected). Queue: 104927 rules.
98800 rules inserted. Base: 62203 rules (21670 with conclusion selected). Queue: 104844 rules.
99000 rules inserted. Base: 62294 rules (21670 with conclusion selected). Queue: 104761 rules.
99200 rules inserted. Base: 62393 rules (21670 with conclusion selected). Queue: 104678 rules.
99400 rules inserted. Base: 62485 rules (21670 with conclusion selected). Queue: 104595 rules.
99600 rules inserted. Base: 62583 rules (21670 with conclusion selected). Queue: 104512 rules.
99800 rules inserted. Base: 62676 rules (21670 with conclusion selected). Queue: 104429 rules.
100000 rules inserted. Base: 62773 rules (21670 with conclusion selected). Queue: 104346 rules.
100200 rules inserted. Base: 62867 rules (21670 with conclusion selected). Queue: 104263 rules.
100400 rules inserted. Base: 62963 rules (21670 with conclusion selected). Queue: 104180 rules.
100600 rules inserted. Base: 63058 rules (21670 with conclusion selected). Queue: 104097 rules.
100800 rules inserted. Base: 63153 rules (21670 with conclusion selected). Queue: 104014 rules.
101000 rules inserted. Base: 63249 rules (21670 with conclusion selected). Queue: 103931 rules.
101200 rules inserted. Base: 63379 rules (21724 with conclusion selected). Queue: 104107 rules.
101400 rules inserted. Base: 63473 rules (21724 with conclusion selected). Queue: 104159 rules.
101600 rules inserted. Base: 63569 rules (21724 with conclusion selected). Queue: 104203 rules.
101800 rules inserted. Base: 63664 rules (21724 with conclusion selected). Queue: 104253 rules.
102000 rules inserted. Base: 63759 rules (21724 with conclusion selected). Queue: 104299 rules.
102200 rules inserted. Base: 63855 rules (21724 with conclusion selected). Queue: 104347 rules.
102400 rules inserted. Base: 63949 rules (21724 with conclusion selected). Queue: 104395 rules.
102600 rules inserted. Base: 64046 rules (21724 with conclusion selected). Queue: 104441 rules.
102800 rules inserted. Base: 64139 rules (21724 with conclusion selected). Queue: 104418 rules.
103000 rules inserted. Base: 64237 rules (21724 with conclusion selected). Queue: 104340 rules.
103200 rules inserted. Base: 64329 rules (21724 with conclusion selected). Queue: 104266 rules.
103400 rules inserted. Base: 64428 rules (21724 with conclusion selected). Queue: 104187 rules.
103600 rules inserted. Base: 64519 rules (21724 with conclusion selected). Queue: 104114 rules.
103800 rules inserted. Base: 64619 rules (21724 with conclusion selected). Queue: 104034 rules.
104000 rules inserted. Base: 64709 rules (21724 with conclusion selected). Queue: 103962 rules.
104200 rules inserted. Base: 64810 rules (21727 with conclusion selected). Queue: 103900 rules.
104400 rules inserted. Base: 64935 rules (21778 with conclusion selected). Queue: 104197 rules.
104600 rules inserted. Base: 65034 rules (21778 with conclusion selected). Queue: 104239 rules.
104800 rules inserted. Base: 65125 rules (21778 with conclusion selected). Queue: 104293 rules.
105000 rules inserted. Base: 65225 rules (21778 with conclusion selected). Queue: 104333 rules.
105200 rules inserted. Base: 65315 rules (21778 with conclusion selected). Queue: 104389 rules.
105400 rules inserted. Base: 65415 rules (21778 with conclusion selected). Queue: 104429 rules.
105600 rules inserted. Base: 65506 rules (21778 with conclusion selected). Queue: 104483 rules.
105800 rules inserted. Base: 65605 rules (21778 with conclusion selected). Queue: 104510 rules.
106000 rules inserted. Base: 65697 rules (21778 with conclusion selected). Queue: 104437 rules.
106200 rules inserted. Base: 65795 rules (21778 with conclusion selected). Queue: 104358 rules.
106400 rules inserted. Base: 65888 rules (21778 with conclusion selected). Queue: 104284 rules.
106600 rules inserted. Base: 65985 rules (21778 with conclusion selected). Queue: 104206 rules.
106800 rules inserted. Base: 66079 rules (21778 with conclusion selected). Queue: 104132 rules.
107000 rules inserted. Base: 66175 rules (21778 with conclusion selected). Queue: 104054 rules.
107200 rules inserted. Base: 66270 rules (21778 with conclusion selected). Queue: 103979 rules.
107400 rules inserted. Base: 66365 rules (21778 with conclusion selected). Queue: 103973 rules.
107600 rules inserted. Base: 66461 rules (21778 with conclusion selected). Queue: 104021 rules.
107800 rules inserted. Base: 66555 rules (21778 with conclusion selected). Queue: 104076 rules.
108000 rules inserted. Base: 66652 rules (21778 with conclusion selected). Queue: 104245 rules.
108200 rules inserted. Base: 66745 rules (21778 with conclusion selected). Queue: 104420 rules.
108400 rules inserted. Base: 66843 rules (21778 with conclusion selected). Queue: 104404 rules.
108600 rules inserted. Base: 66935 rules (21778 with conclusion selected). Queue: 104300 rules.
108800 rules inserted. Base: 67034 rules (21778 with conclusion selected). Queue: 104186 rules.
109000 rules inserted. Base: 67125 rules (21778 with conclusion selected). Queue: 104064 rules.
109200 rules inserted. Base: 67225 rules (21778 with conclusion selected). Queue: 103942 rules.
109400 rules inserted. Base: 67315 rules (21778 with conclusion selected). Queue: 103820 rules.
109600 rules inserted. Base: 67415 rules (21778 with conclusion selected). Queue: 103635 rules.
109800 rules inserted. Base: 67506 rules (21778 with conclusion selected). Queue: 103533 rules.
110000 rules inserted. Base: 67605 rules (21778 with conclusion selected). Queue: 103415 rules.
110200 rules inserted. Base: 67697 rules (21778 with conclusion selected). Queue: 103293 rules.
110400 rules inserted. Base: 67795 rules (21778 with conclusion selected). Queue: 103171 rules.
110600 rules inserted. Base: 67888 rules (21778 with conclusion selected). Queue: 103049 rules.
110800 rules inserted. Base: 67985 rules (21778 with conclusion selected). Queue: 102909 rules.
111000 rules inserted. Base: 68079 rules (21778 with conclusion selected). Queue: 102766 rules.
111200 rules inserted. Base: 68175 rules (21778 with conclusion selected). Queue: 102600 rules.
111400 rules inserted. Base: 68270 rules (21778 with conclusion selected). Queue: 102392 rules.
111600 rules inserted. Base: 68365 rules (21778 with conclusion selected). Queue: 102243 rules.
111800 rules inserted. Base: 68461 rules (21778 with conclusion selected). Queue: 102096 rules.
112000 rules inserted. Base: 68555 rules (21778 with conclusion selected). Queue: 101883 rules.
112200 rules inserted. Base: 68652 rules (21778 with conclusion selected). Queue: 101800 rules.
112400 rules inserted. Base: 68745 rules (21778 with conclusion selected). Queue: 101741 rules.
112600 rules inserted. Base: 68843 rules (21778 with conclusion selected). Queue: 101634 rules.
112800 rules inserted. Base: 68935 rules (21778 with conclusion selected). Queue: 101551 rules.
113000 rules inserted. Base: 69034 rules (21778 with conclusion selected). Queue: 101468 rules.
113200 rules inserted. Base: 69125 rules (21778 with conclusion selected). Queue: 101385 rules.
113400 rules inserted. Base: 69225 rules (21778 with conclusion selected). Queue: 101419 rules.
113600 rules inserted. Base: 69315 rules (21778 with conclusion selected). Queue: 101475 rules.
113800 rules inserted. Base: 69415 rules (21778 with conclusion selected). Queue: 101568 rules.
114000 rules inserted. Base: 69506 rules (21778 with conclusion selected). Queue: 101749 rules.
114200 rules inserted. Base: 69605 rules (21778 with conclusion selected). Queue: 101912 rules.
114400 rules inserted. Base: 69697 rules (21778 with conclusion selected). Queue: 101784 rules.
114600 rules inserted. Base: 69795 rules (21778 with conclusion selected). Queue: 101662 rules.
114800 rules inserted. Base: 69888 rules (21778 with conclusion selected). Queue: 101540 rules.
115000 rules inserted. Base: 69985 rules (21778 with conclusion selected). Queue: 101418 rules.
115200 rules inserted. Base: 70079 rules (21778 with conclusion selected). Queue: 101296 rules.
115400 rules inserted. Base: 70175 rules (21778 with conclusion selected). Queue: 101174 rules.
115600 rules inserted. Base: 70270 rules (21778 with conclusion selected). Queue: 101013 rules.
115800 rules inserted. Base: 70365 rules (21778 with conclusion selected). Queue: 100891 rules.
116000 rules inserted. Base: 70461 rules (21778 with conclusion selected). Queue: 100769 rules.
116200 rules inserted. Base: 70555 rules (21778 with conclusion selected). Queue: 100647 rules.
116400 rules inserted. Base: 70652 rules (21778 with conclusion selected). Queue: 100525 rules.
116600 rules inserted. Base: 70745 rules (21778 with conclusion selected). Queue: 100403 rules.
116800 rules inserted. Base: 70843 rules (21778 with conclusion selected). Queue: 100242 rules.
117000 rules inserted. Base: 70935 rules (21778 with conclusion selected). Queue: 100081 rules.
117200 rules inserted. Base: 71034 rules (21778 with conclusion selected). Queue: 99920 rules.
117400 rules inserted. Base: 71125 rules (21778 with conclusion selected). Queue: 99775 rules.
117600 rules inserted. Base: 71225 rules (21778 with conclusion selected). Queue: 99611 rules.
117800 rules inserted. Base: 71315 rules (21778 with conclusion selected). Queue: 99439 rules.
118000 rules inserted. Base: 71415 rules (21778 with conclusion selected). Queue: 99354 rules.
118200 rules inserted. Base: 71506 rules (21778 with conclusion selected). Queue: 99271 rules.
118400 rules inserted. Base: 71605 rules (21778 with conclusion selected). Queue: 99188 rules.
118600 rules inserted. Base: 71697 rules (21778 with conclusion selected). Queue: 99063 rules.
118800 rules inserted. Base: 71795 rules (21778 with conclusion selected). Queue: 98992 rules.
119000 rules inserted. Base: 71888 rules (21778 with conclusion selected). Queue: 98936 rules.
119200 rules inserted. Base: 71985 rules (21778 with conclusion selected). Queue: 98825 rules.
119400 rules inserted. Base: 72079 rules (21778 with conclusion selected). Queue: 98877 rules.
119600 rules inserted. Base: 72175 rules (21778 with conclusion selected). Queue: 98921 rules.
119800 rules inserted. Base: 72270 rules (21778 with conclusion selected). Queue: 99075 rules.
120000 rules inserted. Base: 72365 rules (21778 with conclusion selected). Queue: 99244 rules.
120200 rules inserted. Base: 72461 rules (21778 with conclusion selected). Queue: 99260 rules.
120400 rules inserted. Base: 72555 rules (21778 with conclusion selected). Queue: 99152 rules.
120600 rules inserted. Base: 72652 rules (21778 with conclusion selected). Queue: 99042 rules.
120800 rules inserted. Base: 72745 rules (21778 with conclusion selected). Queue: 98936 rules.
121000 rules inserted. Base: 72843 rules (21778 with conclusion selected). Queue: 98824 rules.
121200 rules inserted. Base: 72935 rules (21778 with conclusion selected). Queue: 98720 rules.
121400 rules inserted. Base: 73034 rules (21778 with conclusion selected). Queue: 98489 rules.
121600 rules inserted. Base: 73125 rules (21778 with conclusion selected). Queue: 98387 rules.
121800 rules inserted. Base: 73225 rules (21778 with conclusion selected). Queue: 98271 rules.
122000 rules inserted. Base: 73315 rules (21778 with conclusion selected). Queue: 98171 rules.
122200 rules inserted. Base: 73415 rules (21778 with conclusion selected). Queue: 98055 rules.
122400 rules inserted. Base: 73506 rules (21778 with conclusion selected). Queue: 97953 rules.
122600 rules inserted. Base: 73605 rules (21778 with conclusion selected). Queue: 97761 rules.
122800 rules inserted. Base: 73697 rules (21778 with conclusion selected). Queue: 97620 rules.
123000 rules inserted. Base: 73795 rules (21778 with conclusion selected). Queue: 97467 rules.
123200 rules inserted. Base: 73888 rules (21778 with conclusion selected). Queue: 97274 rules.
123400 rules inserted. Base: 73985 rules (21778 with conclusion selected). Queue: 97113 rules.
123600 rules inserted. Base: 74079 rules (21778 with conclusion selected). Queue: 96952 rules.
123800 rules inserted. Base: 74175 rules (21778 with conclusion selected). Queue: 96791 rules.
124000 rules inserted. Base: 74270 rules (21778 with conclusion selected). Queue: 96708 rules.
124200 rules inserted. Base: 74365 rules (21778 with conclusion selected). Queue: 96625 rules.
124400 rules inserted. Base: 74461 rules (21778 with conclusion selected). Queue: 96542 rules.
124600 rules inserted. Base: 74555 rules (21778 with conclusion selected). Queue: 96459 rules.
124800 rules inserted. Base: 74652 rules (21778 with conclusion selected). Queue: 96376 rules.
125000 rules inserted. Base: 74745 rules (21778 with conclusion selected). Queue: 96293 rules.
125200 rules inserted. Base: 74876 rules (21832 with conclusion selected). Queue: 96487 rules.
125400 rules inserted. Base: 74971 rules (21832 with conclusion selected). Queue: 96410 rules.
125600 rules inserted. Base: 75067 rules (21832 with conclusion selected). Queue: 96334 rules.
125800 rules inserted. Base: 75161 rules (21832 with conclusion selected). Queue: 96258 rules.
126000 rules inserted. Base: 75258 rules (21832 with conclusion selected). Queue: 96181 rules.
126200 rules inserted. Base: 75351 rules (21832 with conclusion selected). Queue: 96106 rules.
126400 rules inserted. Base: 75449 rules (21832 with conclusion selected). Queue: 96028 rules.
126600 rules inserted. Base: 75541 rules (21832 with conclusion selected). Queue: 95954 rules.
126800 rules inserted. Base: 75640 rules (21832 with conclusion selected). Queue: 95875 rules.
127000 rules inserted. Base: 75731 rules (21832 with conclusion selected). Queue: 95802 rules.
127200 rules inserted. Base: 75831 rules (21832 with conclusion selected). Queue: 95722 rules.
127400 rules inserted. Base: 75921 rules (21832 with conclusion selected). Queue: 95650 rules.
127600 rules inserted. Base: 76021 rules (21832 with conclusion selected). Queue: 95570 rules.
127800 rules inserted. Base: 76112 rules (21832 with conclusion selected). Queue: 95497 rules.
128000 rules inserted. Base: 76211 rules (21832 with conclusion selected). Queue: 95418 rules.
128200 rules inserted. Base: 76336 rules (21879 with conclusion selected). Queue: 95621 rules.
128400 rules inserted. Base: 76437 rules (21886 with conclusion selected). Queue: 95683 rules.
128600 rules inserted. Base: 76527 rules (21886 with conclusion selected). Queue: 95739 rules.
128800 rules inserted. Base: 76627 rules (21886 with conclusion selected). Queue: 95779 rules.
129000 rules inserted. Base: 76718 rules (21886 with conclusion selected). Queue: 95833 rules.
129200 rules inserted. Base: 76817 rules (21886 with conclusion selected). Queue: 95875 rules.
129400 rules inserted. Base: 76909 rules (21886 with conclusion selected). Queue: 95929 rules.
129600 rules inserted. Base: 77007 rules (21886 with conclusion selected). Queue: 95971 rules.
129800 rules inserted. Base: 77100 rules (21886 with conclusion selected). Queue: 95972 rules.
130000 rules inserted. Base: 77197 rules (21886 with conclusion selected). Queue: 95894 rules.
130200 rules inserted. Base: 77291 rules (21886 with conclusion selected). Queue: 95820 rules.
130400 rules inserted. Base: 77387 rules (21886 with conclusion selected). Queue: 95742 rules.
130600 rules inserted. Base: 77482 rules (21886 with conclusion selected). Queue: 95667 rules.
130800 rules inserted. Base: 77577 rules (21886 with conclusion selected). Queue: 95590 rules.
131000 rules inserted. Base: 77673 rules (21886 with conclusion selected). Queue: 95514 rules.
131200 rules inserted. Base: 77767 rules (21886 with conclusion selected). Queue: 95438 rules.
131400 rules inserted. Base: 77864 rules (21886 with conclusion selected). Queue: 95465 rules.
131600 rules inserted. Base: 77957 rules (21886 with conclusion selected). Queue: 95515 rules.
131800 rules inserted. Base: 78055 rules (21886 with conclusion selected). Queue: 95559 rules.
132000 rules inserted. Base: 78147 rules (21886 with conclusion selected). Queue: 95611 rules.
132200 rules inserted. Base: 78246 rules (21886 with conclusion selected). Queue: 95653 rules.
132400 rules inserted. Base: 78337 rules (21886 with conclusion selected). Queue: 95466 rules.
132600 rules inserted. Base: 78437 rules (21886 with conclusion selected). Queue: 95279 rules.
132800 rules inserted. Base: 78527 rules (21886 with conclusion selected). Queue: 95144 rules.
133000 rules inserted. Base: 78627 rules (21886 with conclusion selected). Queue: 94944 rules.
133200 rules inserted. Base: 78718 rules (21886 with conclusion selected). Queue: 94822 rules.
133400 rules inserted. Base: 78817 rules (21886 with conclusion selected). Queue: 94622 rules.
133600 rules inserted. Base: 78909 rules (21886 with conclusion selected). Queue: 94383 rules.
133800 rules inserted. Base: 79007 rules (21886 with conclusion selected). Queue: 94193 rules.
134000 rules inserted. Base: 79100 rules (21886 with conclusion selected). Queue: 94061 rules.
134200 rules inserted. Base: 79197 rules (21886 with conclusion selected). Queue: 93861 rules.
134400 rules inserted. Base: 79291 rules (21886 with conclusion selected). Queue: 93739 rules.
134600 rules inserted. Base: 79387 rules (21886 with conclusion selected). Queue: 93539 rules.
134800 rules inserted. Base: 79482 rules (21886 with conclusion selected). Queue: 93391 rules.
135000 rules inserted. Base: 79577 rules (21886 with conclusion selected). Queue: 93224 rules.
135200 rules inserted. Base: 79673 rules (21886 with conclusion selected). Queue: 93056 rules.
135400 rules inserted. Base: 79767 rules (21886 with conclusion selected). Queue: 92927 rules.
135600 rules inserted. Base: 79864 rules (21886 with conclusion selected). Queue: 92760 rules.
135800 rules inserted. Base: 79957 rules (21886 with conclusion selected). Queue: 92591 rules.
136000 rules inserted. Base: 80055 rules (21886 with conclusion selected). Queue: 92425 rules.
136200 rules inserted. Base: 80147 rules (21886 with conclusion selected). Queue: 92282 rules.
136400 rules inserted. Base: 80246 rules (21886 with conclusion selected). Queue: 92129 rules.
136600 rules inserted. Base: 80337 rules (21886 with conclusion selected). Queue: 91910 rules.
136800 rules inserted. Base: 80437 rules (21886 with conclusion selected). Queue: 91755 rules.
137000 rules inserted. Base: 80527 rules (21886 with conclusion selected). Queue: 91616 rules.
137200 rules inserted. Base: 80627 rules (21886 with conclusion selected). Queue: 91461 rules.
137400 rules inserted. Base: 80718 rules (21886 with conclusion selected). Queue: 91515 rules.
137600 rules inserted. Base: 80817 rules (21886 with conclusion selected). Queue: 91557 rules.
137800 rules inserted. Base: 80909 rules (21886 with conclusion selected). Queue: 91611 rules.
138000 rules inserted. Base: 81007 rules (21886 with conclusion selected). Queue: 91653 rules.
138200 rules inserted. Base: 81100 rules (21886 with conclusion selected). Queue: 91580 rules.
138400 rules inserted. Base: 81197 rules (21886 with conclusion selected). Queue: 91416 rules.
138600 rules inserted. Base: 81291 rules (21886 with conclusion selected). Queue: 91216 rules.
138800 rules inserted. Base: 81387 rules (21886 with conclusion selected). Queue: 91099 rules.
139000 rules inserted. Base: 81482 rules (21886 with conclusion selected). Queue: 90920 rules.
139200 rules inserted. Base: 81577 rules (21886 with conclusion selected). Queue: 90791 rules.
139400 rules inserted. Base: 81673 rules (21886 with conclusion selected). Queue: 90494 rules.
139600 rules inserted. Base: 81767 rules (21886 with conclusion selected). Queue: 90333 rules.
139800 rules inserted. Base: 81864 rules (21886 with conclusion selected). Queue: 90133 rules.
140000 rules inserted. Base: 81957 rules (21886 with conclusion selected). Queue: 90019 rules.
140200 rules inserted. Base: 82055 rules (21886 with conclusion selected). Queue: 89837 rules.
140400 rules inserted. Base: 82147 rules (21886 with conclusion selected). Queue: 89711 rules.
140600 rules inserted. Base: 82246 rules (21886 with conclusion selected). Queue: 89489 rules.
140800 rules inserted. Base: 82337 rules (21886 with conclusion selected). Queue: 89328 rules.
141000 rules inserted. Base: 82437 rules (21886 with conclusion selected). Queue: 89167 rules.
141200 rules inserted. Base: 82527 rules (21886 with conclusion selected). Queue: 89006 rules.
141400 rules inserted. Base: 82627 rules (21886 with conclusion selected). Queue: 88845 rules.
141600 rules inserted. Base: 82718 rules (21886 with conclusion selected). Queue: 88684 rules.
141800 rules inserted. Base: 82817 rules (21886 with conclusion selected). Queue: 88523 rules.
142000 rules inserted. Base: 82909 rules (21886 with conclusion selected). Queue: 88401 rules.
142200 rules inserted. Base: 83007 rules (21886 with conclusion selected). Queue: 88237 rules.
142400 rules inserted. Base: 83100 rules (21886 with conclusion selected). Queue: 88067 rules.
142600 rules inserted. Base: 83197 rules (21886 with conclusion selected). Queue: 87918 rules.
142800 rules inserted. Base: 83291 rules (21886 with conclusion selected). Queue: 87757 rules.
143000 rules inserted. Base: 83387 rules (21886 with conclusion selected). Queue: 87596 rules.
143200 rules inserted. Base: 83482 rules (21886 with conclusion selected). Queue: 87513 rules.
143400 rules inserted. Base: 83577 rules (21886 with conclusion selected). Queue: 87559 rules.
143600 rules inserted. Base: 83673 rules (21886 with conclusion selected). Queue: 87607 rules.
143800 rules inserted. Base: 83767 rules (21886 with conclusion selected). Queue: 87655 rules.
144000 rules inserted. Base: 83864 rules (21886 with conclusion selected). Queue: 87701 rules.
144200 rules inserted. Base: 83957 rules (21886 with conclusion selected). Queue: 87556 rules.
144400 rules inserted. Base: 84055 rules (21886 with conclusion selected). Queue: 87405 rules.
144600 rules inserted. Base: 84147 rules (21886 with conclusion selected). Queue: 87244 rules.
144800 rules inserted. Base: 84246 rules (21886 with conclusion selected). Queue: 87070 rules.
145000 rules inserted. Base: 84337 rules (21886 with conclusion selected). Queue: 86922 rules.
145200 rules inserted. Base: 84437 rules (21886 with conclusion selected). Queue: 86735 rules.
145400 rules inserted. Base: 84527 rules (21886 with conclusion selected). Queue: 86479 rules.
145600 rules inserted. Base: 84627 rules (21886 with conclusion selected). Queue: 86321 rules.
145800 rules inserted. Base: 84718 rules (21886 with conclusion selected). Queue: 86161 rules.
146000 rules inserted. Base: 84817 rules (21886 with conclusion selected). Queue: 85985 rules.
146200 rules inserted. Base: 84909 rules (21886 with conclusion selected). Queue: 85839 rules.
146400 rules inserted. Base: 85007 rules (21886 with conclusion selected). Queue: 85649 rules.
146600 rules inserted. Base: 85100 rules (21886 with conclusion selected). Queue: 85515 rules.
146800 rules inserted. Base: 85197 rules (21886 with conclusion selected). Queue: 85352 rules.
147000 rules inserted. Base: 85291 rules (21886 with conclusion selected). Queue: 85182 rules.
147200 rules inserted. Base: 85387 rules (21886 with conclusion selected). Queue: 84992 rules.
147400 rules inserted. Base: 85482 rules (21886 with conclusion selected). Queue: 84847 rules.
147600 rules inserted. Base: 85577 rules (21886 with conclusion selected). Queue: 84698 rules.
147800 rules inserted. Base: 85673 rules (21886 with conclusion selected). Queue: 84473 rules.
148000 rules inserted. Base: 85767 rules (21886 with conclusion selected). Queue: 84326 rules.
148200 rules inserted. Base: 85864 rules (21886 with conclusion selected). Queue: 84177 rules.
148400 rules inserted. Base: 85957 rules (21886 with conclusion selected). Queue: 83990 rules.
148600 rules inserted. Base: 86055 rules (21886 with conclusion selected). Queue: 83842 rules.
148800 rules inserted. Base: 86147 rules (21886 with conclusion selected). Queue: 83672 rules.
149000 rules inserted. Base: 86246 rules (21887 with conclusion selected). Queue: 83507 rules.
149200 rules inserted. Base: 86373 rules (21940 with conclusion selected). Queue: 83734 rules.
149400 rules inserted. Base: 86470 rules (21940 with conclusion selected). Queue: 83657 rules.
149600 rules inserted. Base: 86563 rules (21940 with conclusion selected). Queue: 83582 rules.
149800 rules inserted. Base: 86661 rules (21940 with conclusion selected). Queue: 83504 rules.
150000 rules inserted. Base: 86753 rules (21940 with conclusion selected). Queue: 83430 rules.
150200 rules inserted. Base: 86852 rules (21940 with conclusion selected). Queue: 83351 rules.
150400 rules inserted. Base: 86943 rules (21940 with conclusion selected). Queue: 83278 rules.
150600 rules inserted. Base: 87043 rules (21940 with conclusion selected). Queue: 83198 rules.
150800 rules inserted. Base: 87133 rules (21940 with conclusion selected). Queue: 83126 rules.
151000 rules inserted. Base: 87233 rules (21940 with conclusion selected). Queue: 83046 rules.
151200 rules inserted. Base: 87324 rules (21940 with conclusion selected). Queue: 82973 rules.
151400 rules inserted. Base: 87423 rules (21940 with conclusion selected). Queue: 82894 rules.
151600 rules inserted. Base: 87515 rules (21940 with conclusion selected). Queue: 82821 rules.
151800 rules inserted. Base: 87613 rules (21940 with conclusion selected). Queue: 82742 rules.
152000 rules inserted. Base: 87706 rules (21940 with conclusion selected). Queue: 82668 rules.
152200 rules inserted. Base: 87839 rules (21994 with conclusion selected). Queue: 82890 rules.
152400 rules inserted. Base: 87930 rules (21994 with conclusion selected). Queue: 82817 rules.
152600 rules inserted. Base: 88029 rules (21994 with conclusion selected). Queue: 82738 rules.
152800 rules inserted. Base: 88121 rules (21994 with conclusion selected). Queue: 82665 rules.
153000 rules inserted. Base: 88219 rules (21994 with conclusion selected). Queue: 82586 rules.
153200 rules inserted. Base: 88312 rules (21994 with conclusion selected). Queue: 82512 rules.
153400 rules inserted. Base: 88409 rules (21994 with conclusion selected). Queue: 82434 rules.
153600 rules inserted. Base: 88503 rules (21994 with conclusion selected). Queue: 82360 rules.
153800 rules inserted. Base: 88599 rules (21994 with conclusion selected). Queue: 82282 rules.
154000 rules inserted. Base: 88694 rules (21994 with conclusion selected). Queue: 82207 rules.
154200 rules inserted. Base: 88789 rules (21994 with conclusion selected). Queue: 82130 rules.
154400 rules inserted. Base: 88885 rules (21994 with conclusion selected). Queue: 82054 rules.
154600 rules inserted. Base: 88979 rules (21994 with conclusion selected). Queue: 81978 rules.
154800 rules inserted. Base: 89076 rules (21994 with conclusion selected). Queue: 81901 rules.
155000 rules inserted. Base: 89169 rules (21994 with conclusion selected). Queue: 81826 rules.
155200 rules inserted. Base: 89276 rules (22005 with conclusion selected). Queue: 81797 rules.
155400 rules inserted. Base: 89461 rules (22096 with conclusion selected). Queue: 82153 rules.
155600 rules inserted. Base: 89645 rules (22188 with conclusion selected). Queue: 82495 rules.
155800 rules inserted. Base: 89830 rules (22282 with conclusion selected). Queue: 82858 rules.
156000 rules inserted. Base: 90014 rules (22372 with conclusion selected). Queue: 83197 rules.
156200 rules inserted. Base: 90199 rules (22466 with conclusion selected). Queue: 83562 rules.
156400 rules inserted. Base: 90384 rules (22558 with conclusion selected). Queue: 83907 rules.
156600 rules inserted. Base: 90568 rules (22649 with conclusion selected). Queue: 84256 rules.
156800 rules inserted. Base: 90753 rules (22744 with conclusion selected). Queue: 84630 rules.
157000 rules inserted. Base: 90938 rules (22834 with conclusion selected). Queue: 84964 rules.
157200 rules inserted. Base: 91122 rules (22927 with conclusion selected). Queue: 85283 rules.
157400 rules inserted. Base: 91307 rules (23020 with conclusion selected). Queue: 85635 rules.
157600 rules inserted. Base: 91491 rules (23110 with conclusion selected). Queue: 85972 rules.
157800 rules inserted. Base: 91676 rules (23205 with conclusion selected). Queue: 86314 rules.
158000 rules inserted. Base: 91861 rules (23296 with conclusion selected). Queue: 86655 rules.
158200 rules inserted. Base: 92045 rules (23388 with conclusion selected). Queue: 86978 rules.
158400 rules inserted. Base: 92230 rules (23482 with conclusion selected). Queue: 87348 rules.
158600 rules inserted. Base: 92415 rules (23572 with conclusion selected). Queue: 87679 rules.
158800 rules inserted. Base: 92599 rules (23666 with conclusion selected). Queue: 88050 rules.
159000 rules inserted. Base: 92784 rules (23758 with conclusion selected). Queue: 88386 rules.
159200 rules inserted. Base: 92968 rules (23849 with conclusion selected). Queue: 88733 rules.
159400 rules inserted. Base: 93153 rules (23944 with conclusion selected). Queue: 89099 rules.
159600 rules inserted. Base: 93338 rules (24034 with conclusion selected). Queue: 89442 rules.
159800 rules inserted. Base: 93522 rules (24127 with conclusion selected). Queue: 89809 rules.
160000 rules inserted. Base: 93707 rules (24220 with conclusion selected). Queue: 90139 rules.
160200 rules inserted. Base: 93891 rules (24310 with conclusion selected). Queue: 90473 rules.
160400 rules inserted. Base: 94076 rules (24405 with conclusion selected). Queue: 90829 rules.
160600 rules inserted. Base: 94261 rules (24496 with conclusion selected). Queue: 91155 rules.
160800 rules inserted. Base: 94445 rules (24588 with conclusion selected). Queue: 91501 rules.
161000 rules inserted. Base: 94630 rules (24682 with conclusion selected). Queue: 91841 rules.
161200 rules inserted. Base: 94814 rules (24772 with conclusion selected). Queue: 92163 rules.
161400 rules inserted. Base: 94999 rules (24866 with conclusion selected). Queue: 92515 rules.
161600 rules inserted. Base: 95184 rules (24958 with conclusion selected). Queue: 92872 rules.
161800 rules inserted. Base: 95368 rules (25049 with conclusion selected). Queue: 93207 rules.
162000 rules inserted. Base: 95553 rules (25144 with conclusion selected). Queue: 93578 rules.
162200 rules inserted. Base: 95737 rules (25234 with conclusion selected). Queue: 93915 rules.
162400 rules inserted. Base: 95922 rules (25327 with conclusion selected). Queue: 94274 rules.
162600 rules inserted. Base: 96107 rules (25420 with conclusion selected). Queue: 94626 rules.
162800 rules inserted. Base: 96291 rules (25510 with conclusion selected). Queue: 94974 rules.
163000 rules inserted. Base: 96476 rules (25605 with conclusion selected). Queue: 95333 rules.
163200 rules inserted. Base: 96661 rules (25696 with conclusion selected). Queue: 95673 rules.
163400 rules inserted. Base: 96845 rules (25788 with conclusion selected). Queue: 96001 rules.
163600 rules inserted. Base: 97030 rules (25882 with conclusion selected). Queue: 96355 rules.
163800 rules inserted. Base: 97214 rules (25972 with conclusion selected). Queue: 96673 rules.
164000 rules inserted. Base: 97399 rules (26066 with conclusion selected). Queue: 97020 rules.
164200 rules inserted. Base: 97584 rules (26158 with conclusion selected). Queue: 97365 rules.
164400 rules inserted. Base: 97723 rules (26206 with conclusion selected). Queue: 97490 rules.
164600 rules inserted. Base: 97822 rules (26206 with conclusion selected). Queue: 97411 rules.
164800 rules inserted. Base: 97969 rules (26260 with conclusion selected). Queue: 97605 rules.
165000 rules inserted. Base: 98153 rules (26352 with conclusion selected). Queue: 97995 rules.
165200 rules inserted. Base: 98338 rules (26446 with conclusion selected). Queue: 98385 rules.
165400 rules inserted. Base: 98522 rules (26536 with conclusion selected). Queue: 98759 rules.
165600 rules inserted. Base: 98707 rules (26630 with conclusion selected). Queue: 99153 rules.
165800 rules inserted. Base: 98807 rules (26638 with conclusion selected). Queue: 99114 rules.
166000 rules inserted. Base: 98907 rules (26638 with conclusion selected). Queue: 99043 rules.
166200 rules inserted. Base: 99092 rules (26733 with conclusion selected). Queue: 99435 rules.
166400 rules inserted. Base: 99277 rules (26824 with conclusion selected). Queue: 99815 rules.
166600 rules inserted. Base: 99461 rules (26916 with conclusion selected). Queue: 100201 rules.
166800 rules inserted. Base: 99646 rules (27010 with conclusion selected). Queue: 100591 rules.
167000 rules inserted. Base: 99831 rules (27100 with conclusion selected). Queue: 100949 rules.
167200 rules inserted. Base: 100015 rules (27194 with conclusion selected). Queue: 101265 rules.
167400 rules inserted. Base: 100200 rules (27286 with conclusion selected). Queue: 101601 rules.
167600 rules inserted. Base: 100384 rules (27377 with conclusion selected). Queue: 101912 rules.
167800 rules inserted. Base: 100569 rules (27472 with conclusion selected). Queue: 102265 rules.
168000 rules inserted. Base: 100754 rules (27562 with conclusion selected). Queue: 102606 rules.
168200 rules inserted. Base: 100938 rules (27655 with conclusion selected). Queue: 102962 rules.
168400 rules inserted. Base: 101123 rules (27748 with conclusion selected). Queue: 103315 rules.
168600 rules inserted. Base: 101307 rules (27838 with conclusion selected). Queue: 103652 rules.
168800 rules inserted. Base: 101492 rules (27933 with conclusion selected). Queue: 103999 rules.
169000 rules inserted. Base: 101677 rules (28024 with conclusion selected). Queue: 104334 rules.
169200 rules inserted. Base: 101861 rules (28116 with conclusion selected). Queue: 104644 rules.
169400 rules inserted. Base: 102046 rules (28210 with conclusion selected). Queue: 104989 rules.
169600 rules inserted. Base: 102230 rules (28300 with conclusion selected). Queue: 105308 rules.
169800 rules inserted. Base: 102415 rules (28394 with conclusion selected). Queue: 105643 rules.
170000 rules inserted. Base: 102600 rules (28486 with conclusion selected). Queue: 105952 rules.
170200 rules inserted. Base: 102784 rules (28577 with conclusion selected). Queue: 106269 rules.
170400 rules inserted. Base: 102969 rules (28672 with conclusion selected). Queue: 106604 rules.
170600 rules inserted. Base: 103153 rules (28762 with conclusion selected). Queue: 106922 rules.
170800 rules inserted. Base: 103338 rules (28855 with conclusion selected). Queue: 107255 rules.
171000 rules inserted. Base: 103523 rules (28948 with conclusion selected). Queue: 107616 rules.
171200 rules inserted. Base: 103707 rules (29038 with conclusion selected). Queue: 107955 rules.
171400 rules inserted. Base: 103892 rules (29133 with conclusion selected). Queue: 108320 rules.
171600 rules inserted. Base: 104077 rules (29224 with conclusion selected). Queue: 108676 rules.
171800 rules inserted. Base: 104261 rules (29316 with conclusion selected). Queue: 109009 rules.
172000 rules inserted. Base: 104446 rules (29410 with conclusion selected). Queue: 109327 rules.
172200 rules inserted. Base: 104630 rules (29500 with conclusion selected). Queue: 109655 rules.
172400 rules inserted. Base: 104815 rules (29594 with conclusion selected). Queue: 109991 rules.
172600 rules inserted. Base: 105000 rules (29686 with conclusion selected). Queue: 110319 rules.
172800 rules inserted. Base: 105184 rules (29777 with conclusion selected). Queue: 110647 rules.
173000 rules inserted. Base: 105369 rules (29872 with conclusion selected). Queue: 110973 rules.
173200 rules inserted. Base: 105554 rules (29962 with conclusion selected). Queue: 111289 rules.
173400 rules inserted. Base: 105738 rules (30055 with conclusion selected). Queue: 111608 rules.
173600 rules inserted. Base: 105923 rules (30148 with conclusion selected). Queue: 111942 rules.
173800 rules inserted. Base: 106107 rules (30238 with conclusion selected). Queue: 112256 rules.
174000 rules inserted. Base: 106292 rules (30333 with conclusion selected). Queue: 112617 rules.
174200 rules inserted. Base: 106477 rules (30424 with conclusion selected). Queue: 112965 rules.
174400 rules inserted. Base: 106661 rules (30516 with conclusion selected). Queue: 113320 rules.
174600 rules inserted. Base: 106846 rules (30610 with conclusion selected). Queue: 113691 rules.
174800 rules inserted. Base: 107031 rules (30700 with conclusion selected). Queue: 113996 rules.
175000 rules inserted. Base: 107215 rules (30794 with conclusion selected). Queue: 114339 rules.
175200 rules inserted. Base: 107400 rules (30886 with conclusion selected). Queue: 114675 rules.
175400 rules inserted. Base: 107584 rules (30977 with conclusion selected). Queue: 114987 rules.
175600 rules inserted. Base: 107769 rules (31072 with conclusion selected). Queue: 115340 rules.
175800 rules inserted. Base: 107954 rules (31162 with conclusion selected). Queue: 115656 rules.
176000 rules inserted. Base: 108138 rules (31255 with conclusion selected). Queue: 115977 rules.
176200 rules inserted. Base: 108257 rules (31282 with conclusion selected). Queue: 116013 rules.
176400 rules inserted. Base: 108355 rules (31282 with conclusion selected). Queue: 115934 rules.
176600 rules inserted. Base: 108523 rules (31358 with conclusion selected). Queue: 116202 rules.
176800 rules inserted. Base: 108708 rules (31450 with conclusion selected). Queue: 116538 rules.
177000 rules inserted. Base: 108892 rules (31541 with conclusion selected). Queue: 116869 rules.
177200 rules inserted. Base: 109077 rules (31636 with conclusion selected). Queue: 117222 rules.
177400 rules inserted. Base: 109249 rules (31714 with conclusion selected). Queue: 117494 rules.
177600 rules inserted. Base: 109343 rules (31714 with conclusion selected). Queue: 117420 rules.
177800 rules inserted. Base: 109462 rules (31738 with conclusion selected). Queue: 117465 rules.
178000 rules inserted. Base: 109646 rules (31828 with conclusion selected). Queue: 117839 rules.
178200 rules inserted. Base: 109831 rules (31922 with conclusion selected). Queue: 118233 rules.
178400 rules inserted. Base: 110016 rules (32014 with conclusion selected). Queue: 118614 rules.
178600 rules inserted. Base: 110200 rules (32105 with conclusion selected). Queue: 118989 rules.
178800 rules inserted. Base: 110385 rules (32200 with conclusion selected). Queue: 119351 rules.
179000 rules inserted. Base: 110569 rules (32290 with conclusion selected). Queue: 119669 rules.
179200 rules inserted. Base: 110754 rules (32383 with conclusion selected). Queue: 119990 rules.
179400 rules inserted. Base: 110939 rules (32476 with conclusion selected). Queue: 120324 rules.
179600 rules inserted. Base: 111123 rules (32566 with conclusion selected). Queue: 120639 rules.
179800 rules inserted. Base: 111308 rules (32661 with conclusion selected). Queue: 120968 rules.
180000 rules inserted. Base: 111493 rules (32752 with conclusion selected). Queue: 121294 rules.
180200 rules inserted. Base: 111677 rules (32844 with conclusion selected). Queue: 121612 rules.
180400 rules inserted. Base: 111862 rules (32938 with conclusion selected). Queue: 121966 rules.
180600 rules inserted. Base: 112046 rules (33028 with conclusion selected). Queue: 122272 rules.
180800 rules inserted. Base: 112231 rules (33122 with conclusion selected). Queue: 122604 rules.
181000 rules inserted. Base: 112416 rules (33214 with conclusion selected). Queue: 122908 rules.
181200 rules inserted. Base: 112600 rules (33305 with conclusion selected). Queue: 123217 rules.
181400 rules inserted. Base: 112785 rules (33400 with conclusion selected). Queue: 123567 rules.
181600 rules inserted. Base: 112970 rules (33490 with conclusion selected). Queue: 123883 rules.
181800 rules inserted. Base: 113154 rules (33583 with conclusion selected). Queue: 124175 rules.
182000 rules inserted. Base: 113339 rules (33676 with conclusion selected). Queue: 124491 rules.
182200 rules inserted. Base: 113523 rules (33766 with conclusion selected). Queue: 124820 rules.
182400 rules inserted. Base: 113708 rules (33861 with conclusion selected). Queue: 125148 rules.
182600 rules inserted. Base: 113893 rules (33952 with conclusion selected). Queue: 125469 rules.
182800 rules inserted. Base: 114077 rules (34044 with conclusion selected). Queue: 125792 rules.
183000 rules inserted. Base: 114262 rules (34138 with conclusion selected). Queue: 126125 rules.
183200 rules inserted. Base: 114447 rules (34228 with conclusion selected). Queue: 126437 rules.
183400 rules inserted. Base: 114631 rules (34322 with conclusion selected). Queue: 126780 rules.
183600 rules inserted. Base: 114816 rules (34414 with conclusion selected). Queue: 127107 rules.
183800 rules inserted. Base: 115000 rules (34505 with conclusion selected). Queue: 127428 rules.
184000 rules inserted. Base: 115185 rules (34600 with conclusion selected). Queue: 127742 rules.
184200 rules inserted. Base: 115370 rules (34690 with conclusion selected). Queue: 128063 rules.
184400 rules inserted. Base: 115554 rules (34783 with conclusion selected). Queue: 128387 rules.
184600 rules inserted. Base: 115739 rules (34876 with conclusion selected). Queue: 128707 rules.
184800 rules inserted. Base: 115923 rules (34966 with conclusion selected). Queue: 128987 rules.
185000 rules inserted. Base: 116108 rules (35061 with conclusion selected). Queue: 129325 rules.
185200 rules inserted. Base: 116293 rules (35152 with conclusion selected). Queue: 129642 rules.
185400 rules inserted. Base: 116477 rules (35244 with conclusion selected). Queue: 129970 rules.
185600 rules inserted. Base: 116662 rules (35338 with conclusion selected). Queue: 130306 rules.
185800 rules inserted. Base: 116846 rules (35428 with conclusion selected). Queue: 130619 rules.
186000 rules inserted. Base: 117031 rules (35522 with conclusion selected). Queue: 130951 rules.
186200 rules inserted. Base: 117216 rules (35614 with conclusion selected). Queue: 131275 rules.
186400 rules inserted. Base: 117400 rules (35705 with conclusion selected). Queue: 131604 rules.
186600 rules inserted. Base: 117585 rules (35800 with conclusion selected). Queue: 131948 rules.
186800 rules inserted. Base: 117769 rules (35890 with conclusion selected). Queue: 132242 rules.
187000 rules inserted. Base: 117954 rules (35983 with conclusion selected). Queue: 132575 rules.
187200 rules inserted. Base: 118139 rules (36076 with conclusion selected). Queue: 132893 rules.
187400 rules inserted. Base: 118323 rules (36166 with conclusion selected). Queue: 133203 rules.
187600 rules inserted. Base: 118508 rules (36261 with conclusion selected). Queue: 133541 rules.
187800 rules inserted. Base: 118693 rules (36352 with conclusion selected). Queue: 133834 rules.
188000 rules inserted. Base: 118793 rules (36358 with conclusion selected). Queue: 133778 rules.
188200 rules inserted. Base: 118893 rules (36364 with conclusion selected). Queue: 133730 rules.
188400 rules inserted. Base: 119078 rules (36454 with conclusion selected). Queue: 134058 rules.
188600 rules inserted. Base: 119262 rules (36547 with conclusion selected). Queue: 134397 rules.
188800 rules inserted. Base: 119447 rules (36640 with conclusion selected). Queue: 134740 rules.
189000 rules inserted. Base: 119631 rules (36730 with conclusion selected). Queue: 135068 rules.
189200 rules inserted. Base: 119781 rules (36790 with conclusion selected). Queue: 135262 rules.
189400 rules inserted. Base: 119879 rules (36790 with conclusion selected). Queue: 135184 rules.
189600 rules inserted. Base: 120016 rules (36833 with conclusion selected). Queue: 135301 rules.
189800 rules inserted. Base: 120201 rules (36928 with conclusion selected). Queue: 135654 rules.
190000 rules inserted. Base: 120386 rules (37018 with conclusion selected). Queue: 135982 rules.
190200 rules inserted. Base: 120570 rules (37111 with conclusion selected). Queue: 136319 rules.
190400 rules inserted. Base: 120755 rules (37204 with conclusion selected). Queue: 136662 rules.
190600 rules inserted. Base: 120939 rules (37294 with conclusion selected). Queue: 137076 rules.
190800 rules inserted. Base: 121124 rules (37389 with conclusion selected). Queue: 137513 rules.
191000 rules inserted. Base: 121309 rules (37480 with conclusion selected). Queue: 137938 rules.
191200 rules inserted. Base: 121493 rules (37572 with conclusion selected). Queue: 138314 rules.
191400 rules inserted. Base: 121678 rules (37666 with conclusion selected). Queue: 138665 rules.
191600 rules inserted. Base: 121863 rules (37756 with conclusion selected). Queue: 138996 rules.
191800 rules inserted. Base: 122047 rules (37850 with conclusion selected). Queue: 139320 rules.
192000 rules inserted. Base: 122232 rules (37942 with conclusion selected). Queue: 139674 rules.
192200 rules inserted. Base: 122416 rules (38033 with conclusion selected). Queue: 140003 rules.
192400 rules inserted. Base: 122601 rules (38128 with conclusion selected). Queue: 140357 rules.
192600 rules inserted. Base: 122786 rules (38218 with conclusion selected). Queue: 140673 rules.
192800 rules inserted. Base: 122970 rules (38311 with conclusion selected). Queue: 141003 rules.
193000 rules inserted. Base: 123155 rules (38404 with conclusion selected). Queue: 141350 rules.
193200 rules inserted. Base: 123339 rules (38494 with conclusion selected). Queue: 141662 rules.
193400 rules inserted. Base: 123524 rules (38589 with conclusion selected). Queue: 142018 rules.
193600 rules inserted. Base: 123709 rules (38680 with conclusion selected). Queue: 142335 rules.
193800 rules inserted. Base: 123893 rules (38772 with conclusion selected). Queue: 142681 rules.
194000 rules inserted. Base: 124078 rules (38866 with conclusion selected). Queue: 143021 rules.
194200 rules inserted. Base: 124262 rules (38956 with conclusion selected). Queue: 143387 rules.
194400 rules inserted. Base: 124447 rules (39050 with conclusion selected). Queue: 143828 rules.
194600 rules inserted. Base: 124632 rules (39142 with conclusion selected). Queue: 144254 rules.
194800 rules inserted. Base: 124816 rules (39233 with conclusion selected). Queue: 144657 rules.
195000 rules inserted. Base: 125001 rules (39328 with conclusion selected). Queue: 144992 rules.
195200 rules inserted. Base: 125185 rules (39418 with conclusion selected). Queue: 145328 rules.
195400 rules inserted. Base: 125370 rules (39511 with conclusion selected). Queue: 145676 rules.
195600 rules inserted. Base: 125555 rules (39604 with conclusion selected). Queue: 146019 rules.
195800 rules inserted. Base: 125739 rules (39694 with conclusion selected). Queue: 146352 rules.
196000 rules inserted. Base: 125924 rules (39789 with conclusion selected). Queue: 146697 rules.
196200 rules inserted. Base: 126109 rules (39880 with conclusion selected). Queue: 147019 rules.
196400 rules inserted. Base: 126293 rules (39972 with conclusion selected). Queue: 147361 rules.
196600 rules inserted. Base: 126478 rules (40066 with conclusion selected). Queue: 147688 rules.
196800 rules inserted. Base: 126662 rules (40156 with conclusion selected). Queue: 148025 rules.
197000 rules inserted. Base: 126847 rules (40250 with conclusion selected). Queue: 148353 rules.
197200 rules inserted. Base: 127032 rules (40342 with conclusion selected). Queue: 148698 rules.
197400 rules inserted. Base: 127216 rules (40433 with conclusion selected). Queue: 149008 rules.
197600 rules inserted. Base: 127401 rules (40528 with conclusion selected). Queue: 149370 rules.
197800 rules inserted. Base: 127586 rules (40618 with conclusion selected). Queue: 149704 rules.
198000 rules inserted. Base: 127770 rules (40711 with conclusion selected). Queue: 150131 rules.
198200 rules inserted. Base: 127955 rules (40804 with conclusion selected). Queue: 150564 rules.
198400 rules inserted. Base: 128139 rules (40894 with conclusion selected). Queue: 150986 rules.
198600 rules inserted. Base: 128324 rules (40989 with conclusion selected). Queue: 151348 rules.
198800 rules inserted. Base: 128509 rules (41080 with conclusion selected). Queue: 151682 rules.
199000 rules inserted. Base: 128693 rules (41172 with conclusion selected). Queue: 152018 rules.
199200 rules inserted. Base: 128878 rules (41266 with conclusion selected). Queue: 152367 rules.
199400 rules inserted. Base: 129063 rules (41356 with conclusion selected). Queue: 152681 rules.
199600 rules inserted. Base: 129247 rules (41450 with conclusion selected). Queue: 153033 rules.
199800 rules inserted. Base: 129432 rules (41542 with conclusion selected). Queue: 153378 rules.
200000 rules inserted. Base: 129616 rules (41633 with conclusion selected). Queue: 153690 rules.
200200 rules inserted. Base: 129801 rules (41728 with conclusion selected). Queue: 154052 rules.
200400 rules inserted. Base: 129986 rules (41818 with conclusion selected). Queue: 154361 rules.
200600 rules inserted. Base: 130170 rules (41911 with conclusion selected). Queue: 154707 rules.
200800 rules inserted. Base: 130355 rules (42004 with conclusion selected). Queue: 155032 rules.
201000 rules inserted. Base: 130539 rules (42094 with conclusion selected). Queue: 155366 rules.
201200 rules inserted. Base: 130724 rules (42189 with conclusion selected). Queue: 155695 rules.
201400 rules inserted. Base: 130909 rules (42280 with conclusion selected). Queue: 156039 rules.
201600 rules inserted. Base: 131018 rules (42298 with conclusion selected). Queue: 156037 rules.
201800 rules inserted. Base: 131117 rules (42298 with conclusion selected). Queue: 155958 rules.
202000 rules inserted. Base: 131294 rules (42382 with conclusion selected). Queue: 156307 rules.
202200 rules inserted. Base: 131478 rules (42475 with conclusion selected). Queue: 156689 rules.
202400 rules inserted. Base: 131663 rules (42568 with conclusion selected). Queue: 157077 rules.
202600 rules inserted. Base: 131847 rules (42658 with conclusion selected). Queue: 157459 rules.
202800 rules inserted. Base: 132032 rules (42753 with conclusion selected). Queue: 157837 rules.
203000 rules inserted. Base: 132217 rules (42844 with conclusion selected). Queue: 158172 rules.
203200 rules inserted. Base: 132401 rules (42936 with conclusion selected). Queue: 158510 rules.
203400 rules inserted. Base: 132586 rules (43030 with conclusion selected). Queue: 158855 rules.
203600 rules inserted. Base: 132771 rules (43120 with conclusion selected). Queue: 159184 rules.
203800 rules inserted. Base: 132905 rules (43162 with conclusion selected). Queue: 159294 rules.
204000 rules inserted. Base: 132999 rules (43162 with conclusion selected). Queue: 159220 rules.
204200 rules inserted. Base: 133155 rules (43222 with conclusion selected). Queue: 159449 rules.
204400 rules inserted. Base: 133340 rules (43317 with conclusion selected). Queue: 159841 rules.
204600 rules inserted. Base: 133525 rules (43408 with conclusion selected). Queue: 160221 rules.
204800 rules inserted. Base: 133709 rules (43500 with conclusion selected). Queue: 160603 rules.
205000 rules inserted. Base: 133894 rules (43594 with conclusion selected). Queue: 160993 rules.
205200 rules inserted. Base: 134078 rules (43684 with conclusion selected). Queue: 161323 rules.
205400 rules inserted. Base: 134263 rules (43778 with conclusion selected). Queue: 161670 rules.
205600 rules inserted. Base: 134448 rules (43870 with conclusion selected). Queue: 162006 rules.
205800 rules inserted. Base: 134632 rules (43961 with conclusion selected). Queue: 162337 rules.
206000 rules inserted. Base: 134817 rules (44056 with conclusion selected). Queue: 162707 rules.
206200 rules inserted. Base: 135002 rules (44146 with conclusion selected). Queue: 163081 rules.
206400 rules inserted. Base: 135186 rules (44239 with conclusion selected). Queue: 163499 rules.
206600 rules inserted. Base: 135371 rules (44332 with conclusion selected). Queue: 163896 rules.
206800 rules inserted. Base: 135555 rules (44422 with conclusion selected). Queue: 164216 rules.
207000 rules inserted. Base: 135740 rules (44517 with conclusion selected). Queue: 164554 rules.
207200 rules inserted. Base: 135925 rules (44608 with conclusion selected). Queue: 164870 rules.
207400 rules inserted. Base: 136109 rules (44700 with conclusion selected). Queue: 165179 rules.
207600 rules inserted. Base: 136294 rules (44794 with conclusion selected). Queue: 165511 rules.
207800 rules inserted. Base: 136479 rules (44884 with conclusion selected). Queue: 165815 rules.
208000 rules inserted. Base: 136663 rules (44978 with conclusion selected). Queue: 166149 rules.
208200 rules inserted. Base: 136848 rules (45070 with conclusion selected). Queue: 166449 rules.
208400 rules inserted. Base: 137032 rules (45161 with conclusion selected). Queue: 166752 rules.
208600 rules inserted. Base: 137217 rules (45256 with conclusion selected). Queue: 167077 rules.
208800 rules inserted. Base: 137402 rules (45346 with conclusion selected). Queue: 167369 rules.
209000 rules inserted. Base: 137586 rules (45439 with conclusion selected). Queue: 167710 rules.
209200 rules inserted. Base: 137771 rules (45532 with conclusion selected). Queue: 168040 rules.
209400 rules inserted. Base: 137955 rules (45622 with conclusion selected). Queue: 168374 rules.
209600 rules inserted. Base: 138140 rules (45717 with conclusion selected). Queue: 168703 rules.
209800 rules inserted. Base: 138325 rules (45808 with conclusion selected). Queue: 169083 rules.
210000 rules inserted. Base: 138509 rules (45900 with conclusion selected). Queue: 169496 rules.
210200 rules inserted. Base: 138694 rules (45994 with conclusion selected). Queue: 169931 rules.
210400 rules inserted. Base: 138878 rules (46084 with conclusion selected). Queue: 170246 rules.
210600 rules inserted. Base: 139063 rules (46178 with conclusion selected). Queue: 170572 rules.
210800 rules inserted. Base: 139248 rules (46270 with conclusion selected). Queue: 170899 rules.
211000 rules inserted. Base: 139432 rules (46361 with conclusion selected). Queue: 171189 rules.
211200 rules inserted. Base: 139617 rules (46456 with conclusion selected). Queue: 171533 rules.
211400 rules inserted. Base: 139801 rules (46546 with conclusion selected). Queue: 171851 rules.
211600 rules inserted. Base: 139986 rules (46639 with conclusion selected). Queue: 172171 rules.
211800 rules inserted. Base: 140171 rules (46732 with conclusion selected). Queue: 172494 rules.
212000 rules inserted. Base: 140355 rules (46822 with conclusion selected). Queue: 172793 rules.
212200 rules inserted. Base: 140540 rules (46917 with conclusion selected). Queue: 173102 rules.
212400 rules inserted. Base: 140725 rules (47008 with conclusion selected). Queue: 173412 rules.
212600 rules inserted. Base: 140909 rules (47100 with conclusion selected). Queue: 173722 rules.
212800 rules inserted. Base: 141094 rules (47194 with conclusion selected). Queue: 174076 rules.
213000 rules inserted. Base: 141278 rules (47284 with conclusion selected). Queue: 174386 rules.
213200 rules inserted. Base: 141463 rules (47378 with conclusion selected). Queue: 174741 rules.
213400 rules inserted. Base: 141648 rules (47470 with conclusion selected). Queue: 175094 rules.
213600 rules inserted. Base: 141832 rules (47561 with conclusion selected). Queue: 175481 rules.
213800 rules inserted. Base: 142017 rules (47656 with conclusion selected). Queue: 175924 rules.
214000 rules inserted. Base: 142202 rules (47746 with conclusion selected). Queue: 176274 rules.
214200 rules inserted. Base: 142386 rules (47839 with conclusion selected). Queue: 176600 rules.
214400 rules inserted. Base: 142571 rules (47932 with conclusion selected). Queue: 176916 rules.
214600 rules inserted. Base: 142755 rules (48022 with conclusion selected). Queue: 177236 rules.
214800 rules inserted. Base: 142940 rules (48117 with conclusion selected). Queue: 177555 rules.
215000 rules inserted. Base: 143125 rules (48208 with conclusion selected). Queue: 177873 rules.
215200 rules inserted. Base: 143309 rules (48300 with conclusion selected). Queue: 178199 rules.
215400 rules inserted. Base: 143494 rules (48394 with conclusion selected). Queue: 178517 rules.
215600 rules inserted. Base: 143679 rules (48484 with conclusion selected). Queue: 178818 rules.
215800 rules inserted. Base: 143863 rules (48578 with conclusion selected). Queue: 179124 rules.
216000 rules inserted. Base: 144048 rules (48670 with conclusion selected). Queue: 179433 rules.
216200 rules inserted. Base: 144232 rules (48761 with conclusion selected). Queue: 179740 rules.
216400 rules inserted. Base: 144417 rules (48856 with conclusion selected). Queue: 180089 rules.
216600 rules inserted. Base: 144602 rules (48946 with conclusion selected). Queue: 180414 rules.
216800 rules inserted. Base: 144786 rules (49039 with conclusion selected). Queue: 180744 rules.
217000 rules inserted. Base: 144943 rules (49102 with conclusion selected). Queue: 180948 rules.
217200 rules inserted. Base: 145035 rules (49102 with conclusion selected). Queue: 180874 rules.
217400 rules inserted. Base: 145171 rules (49142 with conclusion selected). Queue: 180978 rules.
217600 rules inserted. Base: 145356 rules (49234 with conclusion selected). Queue: 181314 rules.
217800 rules inserted. Base: 145540 rules (49325 with conclusion selected). Queue: 181645 rules.
218000 rules inserted. Base: 145725 rules (49420 with conclusion selected). Queue: 181998 rules.
218200 rules inserted. Base: 145910 rules (49510 with conclusion selected). Queue: 182326 rules.
218400 rules inserted. Base: 146094 rules (49603 with conclusion selected). Queue: 182663 rules.
218600 rules inserted. Base: 146279 rules (49696 with conclusion selected). Queue: 183006 rules.
218800 rules inserted. Base: 146463 rules (49786 with conclusion selected). Queue: 183338 rules.
219000 rules inserted. Base: 146648 rules (49881 with conclusion selected). Queue: 183685 rules.
219200 rules inserted. Base: 146823 rules (49966 with conclusion selected). Queue: 183994 rules.
219400 rules inserted. Base: 146923 rules (49966 with conclusion selected). Queue: 183914 rules.
219600 rules inserted. Base: 147033 rules (49984 with conclusion selected). Queue: 183929 rules.
219800 rules inserted. Base: 147217 rules (50074 with conclusion selected). Queue: 184303 rules.
220000 rules inserted. Base: 147402 rules (50167 with conclusion selected). Queue: 184693 rules.
220200 rules inserted. Base: 147587 rules (50260 with conclusion selected). Queue: 185081 rules.
220400 rules inserted. Base: 147771 rules (50350 with conclusion selected). Queue: 185459 rules.
220600 rules inserted. Base: 147956 rules (50445 with conclusion selected). Queue: 185825 rules.
220800 rules inserted. Base: 148141 rules (50536 with conclusion selected). Queue: 186160 rules.
221000 rules inserted. Base: 148325 rules (50628 with conclusion selected). Queue: 186496 rules.
221200 rules inserted. Base: 148510 rules (50722 with conclusion selected). Queue: 186841 rules.
221400 rules inserted. Base: 148694 rules (50812 with conclusion selected). Queue: 187171 rules.
221600 rules inserted. Base: 148879 rules (50906 with conclusion selected). Queue: 187559 rules.
221800 rules inserted. Base: 149064 rules (50998 with conclusion selected). Queue: 187940 rules.
222000 rules inserted. Base: 149248 rules (51089 with conclusion selected). Queue: 188319 rules.
222200 rules inserted. Base: 149433 rules (51184 with conclusion selected). Queue: 188640 rules.
222400 rules inserted. Base: 149618 rules (51274 with conclusion selected). Queue: 188940 rules.
222600 rules inserted. Base: 149802 rules (51367 with conclusion selected). Queue: 189248 rules.
222800 rules inserted. Base: 149987 rules (51460 with conclusion selected). Queue: 189546 rules.
223000 rules inserted. Base: 150171 rules (51550 with conclusion selected). Queue: 189827 rules.
223200 rules inserted. Base: 150356 rules (51645 with conclusion selected). Queue: 190144 rules.
223400 rules inserted. Base: 150541 rules (51736 with conclusion selected). Queue: 190449 rules.
223600 rules inserted. Base: 150725 rules (51828 with conclusion selected). Queue: 190753 rules.
223800 rules inserted. Base: 150910 rules (51922 with conclusion selected). Queue: 191057 rules.
224000 rules inserted. Base: 151095 rules (52012 with conclusion selected). Queue: 191366 rules.
224200 rules inserted. Base: 151279 rules (52106 with conclusion selected). Queue: 191664 rules.
224400 rules inserted. Base: 151464 rules (52198 with conclusion selected). Queue: 191982 rules.
224600 rules inserted. Base: 151648 rules (52289 with conclusion selected). Queue: 192275 rules.
224800 rules inserted. Base: 151833 rules (52384 with conclusion selected). Queue: 192602 rules.
225000 rules inserted. Base: 152018 rules (52474 with conclusion selected). Queue: 192894 rules.
225200 rules inserted. Base: 152202 rules (52567 with conclusion selected). Queue: 193235 rules.
225400 rules inserted. Base: 152387 rules (52660 with conclusion selected). Queue: 193623 rules.
225600 rules inserted. Base: 152571 rules (52750 with conclusion selected). Queue: 193997 rules.
225800 rules inserted. Base: 152756 rules (52845 with conclusion selected). Queue: 194344 rules.
226000 rules inserted. Base: 152941 rules (52936 with conclusion selected). Queue: 194634 rules.
226200 rules inserted. Base: 153125 rules (53028 with conclusion selected). Queue: 194944 rules.
226400 rules inserted. Base: 153310 rules (53122 with conclusion selected). Queue: 195268 rules.
226600 rules inserted. Base: 153494 rules (53212 with conclusion selected). Queue: 195534 rules.
226800 rules inserted. Base: 153679 rules (53306 with conclusion selected). Queue: 195853 rules.
227000 rules inserted. Base: 153864 rules (53398 with conclusion selected). Queue: 196158 rules.
227200 rules inserted. Base: 154048 rules (53489 with conclusion selected). Queue: 196443 rules.
227400 rules inserted. Base: 154233 rules (53584 with conclusion selected). Queue: 196778 rules.
227600 rules inserted. Base: 154417 rules (53674 with conclusion selected). Queue: 197060 rules.
227800 rules inserted. Base: 154602 rules (53767 with conclusion selected). Queue: 197378 rules.
228000 rules inserted. Base: 154787 rules (53860 with conclusion selected). Queue: 197679 rules.
228200 rules inserted. Base: 154971 rules (53950 with conclusion selected). Queue: 197988 rules.
228400 rules inserted. Base: 155156 rules (54045 with conclusion selected). Queue: 198290 rules.
228600 rules inserted. Base: 155341 rules (54136 with conclusion selected). Queue: 198607 rules.
228800 rules inserted. Base: 155525 rules (54228 with conclusion selected). Queue: 198913 rules.
229000 rules inserted. Base: 155710 rules (54322 with conclusion selected). Queue: 199303 rules.
229200 rules inserted. Base: 155894 rules (54412 with conclusion selected). Queue: 199681 rules.
229400 rules inserted. Base: 156079 rules (54506 with conclusion selected). Queue: 200058 rules.
229600 rules inserted. Base: 156264 rules (54598 with conclusion selected). Queue: 200355 rules.
229800 rules inserted. Base: 156448 rules (54689 with conclusion selected). Queue: 200656 rules.
230000 rules inserted. Base: 156633 rules (54784 with conclusion selected). Queue: 200976 rules.
230200 rules inserted. Base: 156818 rules (54874 with conclusion selected). Queue: 201247 rules.
230400 rules inserted. Base: 157002 rules (54967 with conclusion selected). Queue: 201539 rules.
230600 rules inserted. Base: 157187 rules (55060 with conclusion selected). Queue: 201855 rules.
230800 rules inserted. Base: 157371 rules (55150 with conclusion selected). Queue: 202163 rules.
231000 rules inserted. Base: 157556 rules (55245 with conclusion selected). Queue: 202468 rules.
231200 rules inserted. Base: 157741 rules (55336 with conclusion selected). Queue: 202782 rules.
231400 rules inserted. Base: 157925 rules (55428 with conclusion selected). Queue: 203075 rules.
231600 rules inserted. Base: 158110 rules (55522 with conclusion selected). Queue: 203396 rules.
231800 rules inserted. Base: 158295 rules (55612 with conclusion selected). Queue: 203685 rules.
232000 rules inserted. Base: 158479 rules (55706 with conclusion selected). Queue: 204009 rules.
232200 rules inserted. Base: 158664 rules (55798 with conclusion selected). Queue: 204300 rules.
232400 rules inserted. Base: 158848 rules (55889 with conclusion selected). Queue: 204609 rules.
232600 rules inserted. Base: 158958 rules (55906 with conclusion selected). Queue: 204599 rules.
232800 rules inserted. Base: 159053 rules (55906 with conclusion selected). Queue: 204522 rules.
233000 rules inserted. Base: 159233 rules (55992 with conclusion selected). Queue: 204832 rules.
233200 rules inserted. Base: 159418 rules (56086 with conclusion selected). Queue: 205177 rules.
233400 rules inserted. Base: 159602 rules (56176 with conclusion selected). Queue: 205507 rules.
233600 rules inserted. Base: 159787 rules (56270 with conclusion selected). Queue: 205854 rules.
233800 rules inserted. Base: 159972 rules (56362 with conclusion selected). Queue: 206190 rules.
234000 rules inserted. Base: 160156 rules (56453 with conclusion selected). Queue: 206521 rules.
234200 rules inserted. Base: 160341 rules (56548 with conclusion selected). Queue: 206874 rules.
234400 rules inserted. Base: 160526 rules (56638 with conclusion selected). Queue: 207202 rules.
234600 rules inserted. Base: 160710 rules (56731 with conclusion selected). Queue: 207539 rules.
234800 rules inserted. Base: 160841 rules (56770 with conclusion selected). Queue: 207642 rules.
235000 rules inserted. Base: 160939 rules (56770 with conclusion selected). Queue: 207564 rules.
235200 rules inserted. Base: 161095 rules (56834 with conclusion selected). Queue: 207778 rules.
235400 rules inserted. Base: 161280 rules (56926 with conclusion selected). Queue: 208114 rules.
235600 rules inserted. Base: 161464 rules (57017 with conclusion selected). Queue: 208443 rules.
235800 rules inserted. Base: 161649 rules (57112 with conclusion selected). Queue: 208796 rules.
236000 rules inserted. Base: 161833 rules (57202 with conclusion selected). Queue: 209124 rules.
236200 rules inserted. Base: 162018 rules (57295 with conclusion selected). Queue: 209465 rules.
236400 rules inserted. Base: 162203 rules (57388 with conclusion selected). Queue: 209808 rules.
236600 rules inserted. Base: 162387 rules (57478 with conclusion selected). Queue: 210138 rules.
236800 rules inserted. Base: 162572 rules (57573 with conclusion selected). Queue: 210485 rules.
237000 rules inserted. Base: 162750 rules (57640 with conclusion selected). Queue: 210702 rules.
237200 rules inserted. Base: 162916 rules (57658 with conclusion selected). Queue: 210729 rules.
237400 rules inserted. Base: 163082 rules (57676 with conclusion selected). Queue: 210716 rules.
237600 rules inserted. Base: 163248 rules (57691 with conclusion selected). Queue: 210685 rules.
237800 rules inserted. Base: 163414 rules (57709 with conclusion selected). Queue: 210723 rules.
238000 rules inserted. Base: 163580 rules (57727 with conclusion selected). Queue: 210669 rules.
238200 rules inserted. Base: 163746 rules (57745 with conclusion selected). Queue: 210715 rules.
238400 rules inserted. Base: 163910 rules (57760 with conclusion selected). Queue: 210646 rules.
238600 rules inserted. Base: 164076 rules (57778 with conclusion selected). Queue: 210661 rules.
238800 rules inserted. Base: 164242 rules (57796 with conclusion selected). Queue: 210684 rules.
239000 rules inserted. Base: 164408 rules (57811 with conclusion selected). Queue: 210629 rules.
239200 rules inserted. Base: 164574 rules (57829 with conclusion selected). Queue: 210603 rules.
239400 rules inserted. Base: 164740 rules (57847 with conclusion selected). Queue: 210613 rules.
239600 rules inserted. Base: 164906 rules (57865 with conclusion selected). Queue: 210599 rules.
239800 rules inserted. Base: 165070 rules (57880 with conclusion selected). Queue: 210590 rules.
240000 rules inserted. Base: 165236 rules (57898 with conclusion selected). Queue: 210600 rules.
240200 rules inserted. Base: 165402 rules (57916 with conclusion selected). Queue: 210574 rules.
240400 rules inserted. Base: 165568 rules (57931 with conclusion selected). Queue: 210573 rules.
240600 rules inserted. Base: 165734 rules (57949 with conclusion selected). Queue: 210547 rules.
240800 rules inserted. Base: 165900 rules (57967 with conclusion selected). Queue: 210557 rules.
241000 rules inserted. Base: 166066 rules (57985 with conclusion selected). Queue: 210555 rules.
241200 rules inserted. Base: 166230 rules (58000 with conclusion selected). Queue: 210580 rules.
241400 rules inserted. Base: 166396 rules (58018 with conclusion selected). Queue: 210544 rules.
241600 rules inserted. Base: 166562 rules (58036 with conclusion selected). Queue: 210539 rules.
241800 rules inserted. Base: 166728 rules (58051 with conclusion selected). Queue: 210469 rules.
242000 rules inserted. Base: 166894 rules (58069 with conclusion selected). Queue: 210455 rules.
242200 rules inserted. Base: 167060 rules (58087 with conclusion selected). Queue: 210461 rules.
242400 rules inserted. Base: 167226 rules (58105 with conclusion selected). Queue: 210367 rules.
242600 rules inserted. Base: 167390 rules (58120 with conclusion selected). Queue: 210371 rules.
242800 rules inserted. Base: 167556 rules (58138 with conclusion selected). Queue: 210375 rules.
243000 rules inserted. Base: 167722 rules (58156 with conclusion selected). Queue: 210291 rules.
243200 rules inserted. Base: 167888 rules (58171 with conclusion selected). Queue: 210293 rules.
243400 rules inserted. Base: 168054 rules (58189 with conclusion selected). Queue: 210255 rules.
243600 rules inserted. Base: 168220 rules (58207 with conclusion selected). Queue: 210249 rules.
243800 rules inserted. Base: 168386 rules (58225 with conclusion selected). Queue: 210191 rules.
244000 rules inserted. Base: 168550 rules (58240 with conclusion selected). Queue: 210170 rules.
244200 rules inserted. Base: 168716 rules (58258 with conclusion selected). Queue: 210173 rules.
244400 rules inserted. Base: 168882 rules (58276 with conclusion selected). Queue: 210088 rules.
244600 rules inserted. Base: 169048 rules (58291 with conclusion selected). Queue: 210081 rules.
244800 rules inserted. Base: 169214 rules (58309 with conclusion selected). Queue: 210087 rules.
245000 rules inserted. Base: 169380 rules (58327 with conclusion selected). Queue: 210001 rules.
245200 rules inserted. Base: 169546 rules (58345 with conclusion selected). Queue: 209967 rules.
245400 rules inserted. Base: 169710 rules (58360 with conclusion selected). Queue: 209983 rules.
245600 rules inserted. Base: 169876 rules (58378 with conclusion selected). Queue: 209982 rules.
245800 rules inserted. Base: 170042 rules (58396 with conclusion selected). Queue: 209954 rules.
246000 rules inserted. Base: 170208 rules (58411 with conclusion selected). Queue: 209977 rules.
246200 rules inserted. Base: 170374 rules (58429 with conclusion selected). Queue: 209927 rules.
246400 rules inserted. Base: 170540 rules (58447 with conclusion selected). Queue: 209969 rules.
246600 rules inserted. Base: 170706 rules (58465 with conclusion selected). Queue: 209911 rules.
246800 rules inserted. Base: 170870 rules (58480 with conclusion selected). Queue: 209915 rules.
247000 rules inserted. Base: 171036 rules (58498 with conclusion selected). Queue: 209950 rules.
247200 rules inserted. Base: 171202 rules (58516 with conclusion selected). Queue: 209898 rules.
247400 rules inserted. Base: 171368 rules (58531 with conclusion selected). Queue: 209861 rules.
247600 rules inserted. Base: 171534 rules (58549 with conclusion selected). Queue: 209871 rules.
247800 rules inserted. Base: 171700 rules (58567 with conclusion selected). Queue: 209861 rules.
248000 rules inserted. Base: 171866 rules (58585 with conclusion selected). Queue: 209855 rules.
248200 rules inserted. Base: 172030 rules (58600 with conclusion selected). Queue: 209858 rules.
248400 rules inserted. Base: 172196 rules (58618 with conclusion selected). Queue: 209832 rules.
248600 rules inserted. Base: 172362 rules (58636 with conclusion selected). Queue: 209842 rules.
248800 rules inserted. Base: 172528 rules (58651 with conclusion selected). Queue: 209805 rules.
249000 rules inserted. Base: 172694 rules (58669 with conclusion selected). Queue: 209815 rules.
249200 rules inserted. Base: 172860 rules (58687 with conclusion selected). Queue: 209817 rules.
249400 rules inserted. Base: 173026 rules (58705 with conclusion selected). Queue: 209847 rules.
249600 rules inserted. Base: 173190 rules (58720 with conclusion selected). Queue: 209802 rules.
249800 rules inserted. Base: 173356 rules (58738 with conclusion selected). Queue: 209793 rules.
250000 rules inserted. Base: 173522 rules (58756 with conclusion selected). Queue: 209744 rules.
250200 rules inserted. Base: 173688 rules (58771 with conclusion selected). Queue: 209713 rules.
250400 rules inserted. Base: 173854 rules (58789 with conclusion selected). Queue: 209715 rules.
250600 rules inserted. Base: 174020 rules (58807 with conclusion selected). Queue: 209633 rules.
250800 rules inserted. Base: 174186 rules (58825 with conclusion selected). Queue: 209635 rules.
251000 rules inserted. Base: 174350 rules (58840 with conclusion selected). Queue: 209637 rules.
251200 rules inserted. Base: 174516 rules (58858 with conclusion selected). Queue: 209545 rules.
251400 rules inserted. Base: 174682 rules (58876 with conclusion selected). Queue: 209568 rules.
251600 rules inserted. Base: 174848 rules (58891 with conclusion selected). Queue: 209513 rules.
251800 rules inserted. Base: 175014 rules (58909 with conclusion selected). Queue: 209503 rules.
252000 rules inserted. Base: 175180 rules (58927 with conclusion selected). Queue: 209457 rules.
252200 rules inserted. Base: 175346 rules (58945 with conclusion selected). Queue: 209435 rules.
252400 rules inserted. Base: 175510 rules (58960 with conclusion selected). Queue: 209427 rules.
252600 rules inserted. Base: 175676 rules (58978 with conclusion selected). Queue: 209354 rules.
252800 rules inserted. Base: 175842 rules (58996 with conclusion selected). Queue: 209350 rules.
253000 rules inserted. Base: 176008 rules (59011 with conclusion selected). Queue: 209349 rules.
253200 rules inserted. Base: 176174 rules (59029 with conclusion selected). Queue: 209255 rules.
253400 rules inserted. Base: 176340 rules (59047 with conclusion selected). Queue: 209225 rules.
253600 rules inserted. Base: 176506 rules (59065 with conclusion selected). Queue: 209247 rules.
253800 rules inserted. Base: 176670 rules (59080 with conclusion selected). Queue: 209248 rules.
254000 rules inserted. Base: 176836 rules (59098 with conclusion selected). Queue: 209212 rules.
254200 rules inserted. Base: 177002 rules (59116 with conclusion selected). Queue: 209243 rules.
254400 rules inserted. Base: 177168 rules (59131 with conclusion selected). Queue: 209185 rules.
254600 rules inserted. Base: 177334 rules (59149 with conclusion selected). Queue: 209223 rules.
254800 rules inserted. Base: 177500 rules (59167 with conclusion selected). Queue: 209177 rules.
255000 rules inserted. Base: 177666 rules (59185 with conclusion selected). Queue: 209179 rules.
255200 rules inserted. Base: 177830 rules (59200 with conclusion selected). Queue: 209216 rules.
255400 rules inserted. Base: 177996 rules (59218 with conclusion selected). Queue: 209156 rules.
255600 rules inserted. Base: 178162 rules (59236 with conclusion selected). Queue: 209130 rules.
255800 rules inserted. Base: 178328 rules (59251 with conclusion selected). Queue: 209129 rules.
256000 rules inserted. Base: 178494 rules (59269 with conclusion selected). Queue: 209123 rules.
256200 rules inserted. Base: 178660 rules (59287 with conclusion selected). Queue: 209113 rules.
256400 rules inserted. Base: 178826 rules (59305 with conclusion selected). Queue: 209123 rules.
256600 rules inserted. Base: 178990 rules (59320 with conclusion selected). Queue: 209090 rules.
256800 rules inserted. Base: 179156 rules (59338 with conclusion selected). Queue: 209100 rules.
257000 rules inserted. Base: 179322 rules (59356 with conclusion selected). Queue: 209077 rules.
257200 rules inserted. Base: 179488 rules (59371 with conclusion selected). Queue: 209073 rules.
257400 rules inserted. Base: 179654 rules (59389 with conclusion selected). Queue: 209079 rules.
257600 rules inserted. Base: 179820 rules (59407 with conclusion selected). Queue: 209113 rules.
257800 rules inserted. Base: 179986 rules (59425 with conclusion selected). Queue: 209067 rules.
258000 rules inserted. Base: 180150 rules (59440 with conclusion selected). Queue: 209047 rules.
258200 rules inserted. Base: 180316 rules (59458 with conclusion selected). Queue: 209010 rules.
258400 rules inserted. Base: 180482 rules (59476 with conclusion selected). Queue: 208982 rules.
258600 rules inserted. Base: 180648 rules (59491 with conclusion selected). Queue: 208969 rules.
258800 rules inserted. Base: 180814 rules (59509 with conclusion selected). Queue: 208899 rules.
259000 rules inserted. Base: 180980 rules (59527 with conclusion selected). Queue: 208893 rules.
259200 rules inserted. Base: 181146 rules (59545 with conclusion selected). Queue: 208903 rules.
259400 rules inserted. Base: 181310 rules (59560 with conclusion selected). Queue: 208799 rules.
259600 rules inserted. Base: 181476 rules (59578 with conclusion selected). Queue: 208834 rules.
259800 rules inserted. Base: 181642 rules (59596 with conclusion selected). Queue: 208782 rules.
260000 rules inserted. Base: 181808 rules (59611 with conclusion selected). Queue: 208757 rules.
260200 rules inserted. Base: 181974 rules (59629 with conclusion selected). Queue: 208723 rules.
260400 rules inserted. Base: 182140 rules (59647 with conclusion selected). Queue: 208693 rules.
260600 rules inserted. Base: 182306 rules (59665 with conclusion selected). Queue: 208691 rules.
260800 rules inserted. Base: 182470 rules (59680 with conclusion selected). Queue: 208620 rules.
261000 rules inserted. Base: 182636 rules (59698 with conclusion selected). Queue: 208608 rules.
261200 rules inserted. Base: 182802 rules (59716 with conclusion selected). Queue: 208615 rules.
261400 rules inserted. Base: 182968 rules (59731 with conclusion selected). Queue: 208509 rules.
261600 rules inserted. Base: 183142 rules (59783 with conclusion selected). Queue: 208651 rules.
261800 rules inserted. Base: 183321 rules (59854 with conclusion selected). Queue: 208905 rules.
262000 rules inserted. Base: 183487 rules (59872 with conclusion selected). Queue: 208947 rules.
262200 rules inserted. Base: 183653 rules (59890 with conclusion selected). Queue: 208989 rules.
262400 rules inserted. Base: 183818 rules (59905 with conclusion selected). Queue: 209027 rules.
262600 rules inserted. Base: 183984 rules (59923 with conclusion selected). Queue: 209069 rules.
262800 rules inserted. Base: 184150 rules (59941 with conclusion selected). Queue: 209111 rules.
263000 rules inserted. Base: 184316 rules (59957 with conclusion selected). Queue: 209145 rules.
263200 rules inserted. Base: 184481 rules (59974 with conclusion selected). Queue: 209185 rules.
263400 rules inserted. Base: 184647 rules (59992 with conclusion selected). Queue: 209227 rules.
263600 rules inserted. Base: 184813 rules (60010 with conclusion selected). Queue: 209269 rules.
263800 rules inserted. Base: 184978 rules (60025 with conclusion selected). Queue: 209307 rules.
264000 rules inserted. Base: 185144 rules (60043 with conclusion selected). Queue: 209349 rules.
264200 rules inserted. Base: 185310 rules (60061 with conclusion selected). Queue: 209391 rules.
264400 rules inserted. Base: 185489 rules (60130 with conclusion selected). Queue: 209638 rules.
264600 rules inserted. Base: 185664 rules (60183 with conclusion selected). Queue: 209817 rules.
264800 rules inserted. Base: 185828 rules (60199 with conclusion selected). Queue: 209855 rules.
265000 rules inserted. Base: 185994 rules (60217 with conclusion selected). Queue: 209897 rules.
265200 rules inserted. Base: 186160 rules (60235 with conclusion selected). Queue: 209939 rules.
265400 rules inserted. Base: 186326 rules (60250 with conclusion selected). Queue: 209975 rules.
265600 rules inserted. Base: 186492 rules (60268 with conclusion selected). Queue: 210017 rules.
265800 rules inserted. Base: 186658 rules (60286 with conclusion selected). Queue: 210059 rules.
266000 rules inserted. Base: 186824 rules (60303 with conclusion selected). Queue: 210097 rules.
266200 rules inserted. Base: 186988 rules (60319 with conclusion selected). Queue: 210135 rules.
266400 rules inserted. Base: 187154 rules (60337 with conclusion selected). Queue: 210177 rules.
266600 rules inserted. Base: 187320 rules (60355 with conclusion selected). Queue: 210219 rules.
266800 rules inserted. Base: 187486 rules (60370 with conclusion selected). Queue: 210255 rules.
267000 rules inserted. Base: 187652 rules (60388 with conclusion selected). Queue: 210297 rules.
267200 rules inserted. Base: 187818 rules (60406 with conclusion selected). Queue: 210267 rules.
267400 rules inserted. Base: 187984 rules (60423 with conclusion selected). Queue: 210185 rules.
267600 rules inserted. Base: 188148 rules (60439 with conclusion selected). Queue: 210155 rules.
267800 rules inserted. Base: 188314 rules (60457 with conclusion selected). Queue: 210097 rules.
268000 rules inserted. Base: 188480 rules (60475 with conclusion selected). Queue: 210053 rules.
268200 rules inserted. Base: 188646 rules (60490 with conclusion selected). Queue: 209995 rules.
268400 rules inserted. Base: 188812 rules (60508 with conclusion selected). Queue: 209949 rules.
268600 rules inserted. Base: 188978 rules (60526 with conclusion selected). Queue: 209927 rules.
268800 rules inserted. Base: 189144 rules (60543 with conclusion selected). Queue: 209829 rules.
269000 rules inserted. Base: 189308 rules (60559 with conclusion selected). Queue: 209799 rules.
269200 rules inserted. Base: 189474 rules (60577 with conclusion selected). Queue: 209771 rules.
269400 rules inserted. Base: 189640 rules (60595 with conclusion selected). Queue: 209771 rules.
269600 rules inserted. Base: 189806 rules (60610 with conclusion selected). Queue: 209747 rules.
269800 rules inserted. Base: 189972 rules (60628 with conclusion selected). Queue: 209757 rules.
270000 rules inserted. Base: 190138 rules (60646 with conclusion selected). Queue: 209747 rules.
270200 rules inserted. Base: 190304 rules (60663 with conclusion selected). Queue: 209737 rules.
270400 rules inserted. Base: 190468 rules (60679 with conclusion selected). Queue: 209715 rules.
270600 rules inserted. Base: 190634 rules (60697 with conclusion selected). Queue: 209715 rules.
270800 rules inserted. Base: 190800 rules (60715 with conclusion selected). Queue: 209725 rules.
271000 rules inserted. Base: 190966 rules (60730 with conclusion selected). Queue: 209691 rules.
271200 rules inserted. Base: 191132 rules (60748 with conclusion selected). Queue: 209701 rules.
271400 rules inserted. Base: 191298 rules (60766 with conclusion selected). Queue: 209719 rules.
271600 rules inserted. Base: 191464 rules (60783 with conclusion selected). Queue: 209669 rules.
271800 rules inserted. Base: 191628 rules (60799 with conclusion selected). Queue: 209591 rules.
272000 rules inserted. Base: 191794 rules (60817 with conclusion selected). Queue: 209605 rules.
272200 rules inserted. Base: 191960 rules (60835 with conclusion selected). Queue: 209539 rules.
272400 rules inserted. Base: 192126 rules (60850 with conclusion selected). Queue: 209479 rules.
272600 rules inserted. Base: 192292 rules (60868 with conclusion selected). Queue: 209493 rules.
272800 rules inserted. Base: 192458 rules (60886 with conclusion selected). Queue: 209407 rules.
273000 rules inserted. Base: 192624 rules (60903 with conclusion selected). Queue: 209373 rules.
273200 rules inserted. Base: 192788 rules (60919 with conclusion selected). Queue: 209271 rules.
273400 rules inserted. Base: 192954 rules (60937 with conclusion selected). Queue: 209285 rules.
273600 rules inserted. Base: 193120 rules (60955 with conclusion selected). Queue: 209243 rules.
273800 rules inserted. Base: 193286 rules (60970 with conclusion selected). Queue: 209159 rules.
274000 rules inserted. Base: 193452 rules (60988 with conclusion selected). Queue: 209173 rules.
274200 rules inserted. Base: 193618 rules (61006 with conclusion selected). Queue: 209111 rules.
274400 rules inserted. Base: 193784 rules (61023 with conclusion selected). Queue: 209053 rules.
274600 rules inserted. Base: 193948 rules (61039 with conclusion selected). Queue: 209059 rules.
274800 rules inserted. Base: 194114 rules (61057 with conclusion selected). Queue: 208977 rules.
275000 rules inserted. Base: 194280 rules (61075 with conclusion selected). Queue: 208943 rules.
275200 rules inserted. Base: 194446 rules (61090 with conclusion selected). Queue: 208839 rules.
275400 rules inserted. Base: 194612 rules (61108 with conclusion selected). Queue: 208809 rules.
275600 rules inserted. Base: 194778 rules (61126 with conclusion selected). Queue: 208723 rules.
275800 rules inserted. Base: 194944 rules (61143 with conclusion selected). Queue: 208697 rules.
276000 rules inserted. Base: 195108 rules (61159 with conclusion selected). Queue: 208639 rules.
276200 rules inserted. Base: 195274 rules (61177 with conclusion selected). Queue: 208591 rules.
276400 rules inserted. Base: 195440 rules (61195 with conclusion selected). Queue: 208543 rules.
276600 rules inserted. Base: 195606 rules (61210 with conclusion selected). Queue: 208483 rules.
276800 rules inserted. Base: 195772 rules (61228 with conclusion selected). Queue: 208461 rules.
277000 rules inserted. Base: 195938 rules (61246 with conclusion selected). Queue: 208375 rules.
277200 rules inserted. Base: 196104 rules (61263 with conclusion selected). Queue: 208341 rules.
277400 rules inserted. Base: 196268 rules (61279 with conclusion selected). Queue: 208309 rules.
277600 rules inserted. Base: 196434 rules (61297 with conclusion selected). Queue: 208313 rules.
277800 rules inserted. Base: 196600 rules (61315 with conclusion selected). Queue: 208293 rules.
278000 rules inserted. Base: 196766 rules (61330 with conclusion selected). Queue: 208295 rules.
278200 rules inserted. Base: 196932 rules (61348 with conclusion selected). Queue: 208289 rules.
278400 rules inserted. Base: 197098 rules (61366 with conclusion selected). Queue: 208279 rules.
278600 rules inserted. Base: 197264 rules (61383 with conclusion selected). Queue: 208261 rules.
278800 rules inserted. Base: 197428 rules (61399 with conclusion selected). Queue: 208253 rules.
279000 rules inserted. Base: 197594 rules (61417 with conclusion selected). Queue: 208263 rules.
279200 rules inserted. Base: 197760 rules (61435 with conclusion selected). Queue: 208239 rules.
279400 rules inserted. Base: 197926 rules (61450 with conclusion selected). Queue: 208239 rules.
279600 rules inserted. Base: 198092 rules (61468 with conclusion selected). Queue: 208253 rules.
279800 rules inserted. Base: 198258 rules (61486 with conclusion selected). Queue: 208215 rules.
280000 rules inserted. Base: 198424 rules (61503 with conclusion selected). Queue: 208133 rules.
280200 rules inserted. Base: 198588 rules (61519 with conclusion selected). Queue: 208139 rules.
280400 rules inserted. Base: 198754 rules (61537 with conclusion selected). Queue: 208081 rules.
280600 rules inserted. Base: 198920 rules (61555 with conclusion selected). Queue: 208023 rules.
280800 rules inserted. Base: 199086 rules (61570 with conclusion selected). Queue: 208027 rules.
281000 rules inserted. Base: 199252 rules (61588 with conclusion selected). Queue: 207949 rules.
281200 rules inserted. Base: 199418 rules (61606 with conclusion selected). Queue: 207911 rules.
281400 rules inserted. Base: 199584 rules (61623 with conclusion selected). Queue: 207813 rules.
281600 rules inserted. Base: 199748 rules (61639 with conclusion selected). Queue: 207819 rules.
281800 rules inserted. Base: 199914 rules (61657 with conclusion selected). Queue: 207785 rules.
282000 rules inserted. Base: 200080 rules (61675 with conclusion selected). Queue: 207703 rules.
282200 rules inserted. Base: 200246 rules (61690 with conclusion selected). Queue: 207707 rules.
282400 rules inserted. Base: 200412 rules (61708 with conclusion selected). Queue: 207653 rules.
282600 rules inserted. Base: 200578 rules (61726 with conclusion selected). Queue: 207591 rules.
282800 rules inserted. Base: 200744 rules (61743 with conclusion selected). Queue: 207601 rules.
283000 rules inserted. Base: 200908 rules (61759 with conclusion selected). Queue: 207519 rules.
283200 rules inserted. Base: 201074 rules (61777 with conclusion selected). Queue: 207477 rules.
283400 rules inserted. Base: 201240 rules (61795 with conclusion selected). Queue: 207383 rules.
283600 rules inserted. Base: 201406 rules (61810 with conclusion selected). Queue: 207351 rules.
283800 rules inserted. Base: 201572 rules (61828 with conclusion selected). Queue: 207257 rules.
284000 rules inserted. Base: 201738 rules (61846 with conclusion selected). Queue: 207235 rules.
284200 rules inserted. Base: 201904 rules (61863 with conclusion selected). Queue: 207185 rules.
284400 rules inserted. Base: 202068 rules (61879 with conclusion selected). Queue: 207129 rules.
284600 rules inserted. Base: 202234 rules (61897 with conclusion selected). Queue: 207085 rules.
284800 rules inserted. Base: 202400 rules (61915 with conclusion selected). Queue: 207027 rules.
285000 rules inserted. Base: 202566 rules (61930 with conclusion selected). Queue: 206995 rules.
285200 rules inserted. Base: 202732 rules (61948 with conclusion selected). Queue: 206917 rules.
285400 rules inserted. Base: 202898 rules (61966 with conclusion selected). Queue: 206883 rules.
285600 rules inserted. Base: 203064 rules (61983 with conclusion selected). Queue: 206853 rules.
285800 rules inserted. Base: 203228 rules (61999 with conclusion selected). Queue: 206855 rules.
286000 rules inserted. Base: 203394 rules (62017 with conclusion selected). Queue: 206831 rules.
286200 rules inserted. Base: 203560 rules (62035 with conclusion selected). Queue: 206841 rules.
286400 rules inserted. Base: 203726 rules (62050 with conclusion selected). Queue: 206831 rules.
286600 rules inserted. Base: 203892 rules (62068 with conclusion selected). Queue: 206817 rules.
286800 rules inserted. Base: 204058 rules (62086 with conclusion selected). Queue: 206807 rules.
287000 rules inserted. Base: 204224 rules (62103 with conclusion selected). Queue: 206797 rules.
287200 rules inserted. Base: 204388 rules (62119 with conclusion selected). Queue: 206801 rules.
287400 rules inserted. Base: 204554 rules (62137 with conclusion selected). Queue: 206781 rules.
287600 rules inserted. Base: 204720 rules (62155 with conclusion selected). Queue: 206789 rules.
287800 rules inserted. Base: 204886 rules (62170 with conclusion selected). Queue: 206787 rules.
288000 rules inserted. Base: 205052 rules (62188 with conclusion selected). Queue: 206757 rules.
288200 rules inserted. Base: 205218 rules (62206 with conclusion selected). Queue: 206671 rules.
288400 rules inserted. Base: 205384 rules (62223 with conclusion selected). Queue: 206681 rules.
288600 rules inserted. Base: 205548 rules (62239 with conclusion selected). Queue: 206623 rules.
288800 rules inserted. Base: 205714 rules (62257 with conclusion selected). Queue: 206557 rules.
289000 rules inserted. Base: 205880 rules (62275 with conclusion selected). Queue: 206571 rules.
289200 rules inserted. Base: 206046 rules (62290 with conclusion selected). Queue: 206491 rules.
289400 rules inserted. Base: 206212 rules (62308 with conclusion selected). Queue: 206445 rules.
289600 rules inserted. Base: 206378 rules (62326 with conclusion selected). Queue: 206363 rules.
289800 rules inserted. Base: 206544 rules (62343 with conclusion selected). Queue: 206361 rules.
290000 rules inserted. Base: 206708 rules (62359 with conclusion selected). Queue: 206327 rules.
290200 rules inserted. Base: 206874 rules (62377 with conclusion selected). Queue: 206237 rules.
290400 rules inserted. Base: 207040 rules (62395 with conclusion selected). Queue: 206251 rules.
290600 rules inserted. Base: 207206 rules (62410 with conclusion selected). Queue: 206195 rules.
290800 rules inserted. Base: 207372 rules (62428 with conclusion selected). Queue: 206125 rules.
291000 rules inserted. Base: 207538 rules (62446 with conclusion selected). Queue: 206139 rules.
291200 rules inserted. Base: 207704 rules (62463 with conclusion selected). Queue: 206065 rules.
291400 rules inserted. Base: 207868 rules (62479 with conclusion selected). Queue: 206011 rules.
291600 rules inserted. Base: 208036 rules (62501 with conclusion selected). Queue: 205945 rules.
291800 rules inserted. Base: 208221 rules (62596 with conclusion selected). Queue: 206298 rules.
292000 rules inserted. Base: 208388 rules (62620 with conclusion selected). Queue: 206298 rules.
292200 rules inserted. Base: 208554 rules (62635 with conclusion selected). Queue: 206263 rules.
292400 rules inserted. Base: 208720 rules (62653 with conclusion selected). Queue: 206237 rules.
292600 rules inserted. Base: 208886 rules (62671 with conclusion selected). Queue: 206211 rules.
292800 rules inserted. Base: 209052 rules (62689 with conclusion selected). Queue: 206185 rules.
293000 rules inserted. Base: 209216 rules (62704 with conclusion selected). Queue: 206150 rules.
293200 rules inserted. Base: 209382 rules (62722 with conclusion selected). Queue: 206124 rules.
293400 rules inserted. Base: 209548 rules (62740 with conclusion selected). Queue: 206098 rules.
293600 rules inserted. Base: 209714 rules (62755 with conclusion selected). Queue: 206063 rules.
293800 rules inserted. Base: 209880 rules (62773 with conclusion selected). Queue: 206037 rules.
294000 rules inserted. Base: 210046 rules (62791 with conclusion selected). Queue: 206011 rules.
294200 rules inserted. Base: 210212 rules (62809 with conclusion selected). Queue: 205985 rules.
294400 rules inserted. Base: 210383 rules (62848 with conclusion selected). Queue: 206068 rules.
294600 rules inserted. Base: 210564 rules (62929 with conclusion selected). Queue: 206362 rules.
294800 rules inserted. Base: 210730 rules (62947 with conclusion selected). Queue: 206404 rules.
295000 rules inserted. Base: 210896 rules (62965 with conclusion selected). Queue: 206446 rules.
295200 rules inserted. Base: 211062 rules (62980 with conclusion selected). Queue: 206479 rules.
295400 rules inserted. Base: 211228 rules (62998 with conclusion selected). Queue: 206521 rules.
295600 rules inserted. Base: 211394 rules (63016 with conclusion selected). Queue: 206563 rules.
295800 rules inserted. Base: 211560 rules (63034 with conclusion selected). Queue: 206605 rules.
296000 rules inserted. Base: 211724 rules (63049 with conclusion selected). Queue: 206642 rules.
296200 rules inserted. Base: 211890 rules (63067 with conclusion selected). Queue: 206684 rules.
296400 rules inserted. Base: 212056 rules (63085 with conclusion selected). Queue: 206726 rules.
296600 rules inserted. Base: 212222 rules (63100 with conclusion selected). Queue: 206759 rules.
296800 rules inserted. Base: 212388 rules (63118 with conclusion selected). Queue: 206801 rules.
297000 rules inserted. Base: 212554 rules (63136 with conclusion selected). Queue: 206843 rules.
297200 rules inserted. Base: 212720 rules (63154 with conclusion selected). Queue: 206813 rules.
297400 rules inserted. Base: 212884 rules (63169 with conclusion selected). Queue: 206780 rules.
297600 rules inserted. Base: 213050 rules (63187 with conclusion selected). Queue: 206748 rules.
297800 rules inserted. Base: 213216 rules (63205 with conclusion selected). Queue: 206664 rules.
298000 rules inserted. Base: 213382 rules (63220 with conclusion selected). Queue: 206631 rules.
298200 rules inserted. Base: 213548 rules (63238 with conclusion selected). Queue: 206573 rules.
298400 rules inserted. Base: 213714 rules (63256 with conclusion selected). Queue: 206551 rules.
298600 rules inserted. Base: 213880 rules (63274 with conclusion selected). Queue: 206481 rules.
298800 rules inserted. Base: 214044 rules (63289 with conclusion selected). Queue: 206424 rules.
299000 rules inserted. Base: 214210 rules (63307 with conclusion selected). Queue: 206402 rules.
299200 rules inserted. Base: 214376 rules (63325 with conclusion selected). Queue: 206347 rules.
299400 rules inserted. Base: 214542 rules (63340 with conclusion selected). Queue: 206275 rules.
299600 rules inserted. Base: 214708 rules (63358 with conclusion selected). Queue: 206249 rules.
299800 rules inserted. Base: 214874 rules (63376 with conclusion selected). Queue: 206187 rules.
300000 rules inserted. Base: 215040 rules (63394 with conclusion selected). Queue: 206137 rules.
300200 rules inserted. Base: 215204 rules (63409 with conclusion selected). Queue: 206091 rules.
300400 rules inserted. Base: 215370 rules (63427 with conclusion selected). Queue: 206046 rules.
300600 rules inserted. Base: 215536 rules (63445 with conclusion selected). Queue: 206003 rules.
300800 rules inserted. Base: 215702 rules (63460 with conclusion selected). Queue: 205931 rules.
301000 rules inserted. Base: 215868 rules (63478 with conclusion selected). Queue: 205897 rules.
301200 rules inserted. Base: 216034 rules (63496 with conclusion selected). Queue: 205843 rules.
301400 rules inserted. Base: 216200 rules (63514 with conclusion selected). Queue: 205889 rules.
301600 rules inserted. Base: 216364 rules (63529 with conclusion selected). Queue: 205784 rules.
301800 rules inserted. Base: 216530 rules (63547 with conclusion selected). Queue: 205762 rules.
302000 rules inserted. Base: 216696 rules (63565 with conclusion selected). Queue: 205713 rules.
302200 rules inserted. Base: 216862 rules (63580 with conclusion selected). Queue: 205635 rules.
302400 rules inserted. Base: 217028 rules (63598 with conclusion selected). Queue: 205613 rules.
302600 rules inserted. Base: 217194 rules (63616 with conclusion selected). Queue: 205531 rules.
302800 rules inserted. Base: 217360 rules (63634 with conclusion selected). Queue: 205497 rules.
303000 rules inserted. Base: 217524 rules (63649 with conclusion selected). Queue: 205464 rules.
303200 rules inserted. Base: 217690 rules (63667 with conclusion selected). Queue: 205327 rules.
303400 rules inserted. Base: 217856 rules (63685 with conclusion selected). Queue: 205312 rules.
303600 rules inserted. Base: 218022 rules (63700 with conclusion selected). Queue: 205207 rules.
303800 rules inserted. Base: 218188 rules (63718 with conclusion selected). Queue: 205185 rules.
304000 rules inserted. Base: 218354 rules (63736 with conclusion selected). Queue: 205139 rules.
304200 rules inserted. Base: 218520 rules (63754 with conclusion selected). Queue: 205069 rules.
304400 rules inserted. Base: 218684 rules (63769 with conclusion selected). Queue: 205036 rules.
304600 rules inserted. Base: 218850 rules (63787 with conclusion selected). Queue: 204963 rules.
304800 rules inserted. Base: 219016 rules (63805 with conclusion selected). Queue: 204920 rules.
305000 rules inserted. Base: 219182 rules (63820 with conclusion selected). Queue: 204887 rules.
305200 rules inserted. Base: 219348 rules (63838 with conclusion selected). Queue: 204749 rules.
305400 rules inserted. Base: 219514 rules (63856 with conclusion selected). Queue: 204635 rules.
305600 rules inserted. Base: 219680 rules (63874 with conclusion selected). Queue: 204605 rules.
305800 rules inserted. Base: 219844 rules (63889 with conclusion selected). Queue: 204570 rules.
306000 rules inserted. Base: 220010 rules (63907 with conclusion selected). Queue: 204478 rules.
306200 rules inserted. Base: 220176 rules (63925 with conclusion selected). Queue: 204456 rules.
306400 rules inserted. Base: 220342 rules (63940 with conclusion selected). Queue: 204387 rules.
306600 rules inserted. Base: 220508 rules (63958 with conclusion selected). Queue: 204365 rules.
306800 rules inserted. Base: 220674 rules (63976 with conclusion selected). Queue: 204303 rules.
307000 rules inserted. Base: 220840 rules (63994 with conclusion selected). Queue: 204249 rules.
307200 rules inserted. Base: 221004 rules (64009 with conclusion selected). Queue: 204216 rules.
307400 rules inserted. Base: 221170 rules (64027 with conclusion selected). Queue: 204165 rules.
307600 rules inserted. Base: 221336 rules (64045 with conclusion selected). Queue: 204103 rules.
307800 rules inserted. Base: 221502 rules (64060 with conclusion selected). Queue: 204067 rules.
308000 rules inserted. Base: 221668 rules (64078 with conclusion selected). Queue: 204005 rules.
308200 rules inserted. Base: 221834 rules (64096 with conclusion selected). Queue: 203951 rules.
308400 rules inserted. Base: 222000 rules (64114 with conclusion selected). Queue: 203917 rules.
308600 rules inserted. Base: 222164 rules (64129 with conclusion selected). Queue: 203860 rules.
308800 rules inserted. Base: 222330 rules (64147 with conclusion selected). Queue: 203821 rules.
309000 rules inserted. Base: 222496 rules (64165 with conclusion selected). Queue: 203759 rules.
309200 rules inserted. Base: 222662 rules (64180 with conclusion selected). Queue: 203711 rules.
309400 rules inserted. Base: 222828 rules (64198 with conclusion selected). Queue: 203661 rules.
309600 rules inserted. Base: 222994 rules (64216 with conclusion selected). Queue: 203703 rules.
309800 rules inserted. Base: 223160 rules (64234 with conclusion selected). Queue: 203609 rules.
310000 rules inserted. Base: 223324 rules (64249 with conclusion selected). Queue: 203576 rules.
310200 rules inserted. Base: 223490 rules (64267 with conclusion selected). Queue: 203539 rules.
310400 rules inserted. Base: 223656 rules (64285 with conclusion selected). Queue: 203460 rules.
310600 rules inserted. Base: 223822 rules (64300 with conclusion selected). Queue: 203427 rules.
310800 rules inserted. Base: 223988 rules (64318 with conclusion selected). Queue: 203357 rules.
311000 rules inserted. Base: 224154 rules (64336 with conclusion selected). Queue: 203311 rules.
311200 rules inserted. Base: 224320 rules (64354 with conclusion selected). Queue: 203289 rules.
311400 rules inserted. Base: 224484 rules (64369 with conclusion selected). Queue: 203137 rules.
311600 rules inserted. Base: 224650 rules (64387 with conclusion selected). Queue: 203126 rules.
311800 rules inserted. Base: 224816 rules (64405 with conclusion selected). Queue: 203038 rules.
312000 rules inserted. Base: 224982 rules (64420 with conclusion selected). Queue: 202999 rules.
312200 rules inserted. Base: 225148 rules (64438 with conclusion selected). Queue: 202965 rules.
312400 rules inserted. Base: 225314 rules (64456 with conclusion selected). Queue: 202883 rules.
312600 rules inserted. Base: 225480 rules (64474 with conclusion selected). Queue: 202861 rules.
312800 rules inserted. Base: 225644 rules (64489 with conclusion selected). Queue: 202789 rules.
313000 rules inserted. Base: 225810 rules (64507 with conclusion selected). Queue: 202734 rules.
313200 rules inserted. Base: 225976 rules (64525 with conclusion selected). Queue: 202712 rules.
313400 rules inserted. Base: 226142 rules (64540 with conclusion selected). Queue: 202559 rules.
313600 rules inserted. Base: 226308 rules (64558 with conclusion selected). Queue: 202457 rules.
313800 rules inserted. Base: 226474 rules (64576 with conclusion selected). Queue: 202419 rules.
314000 rules inserted. Base: 226640 rules (64594 with conclusion selected). Queue: 202397 rules.
314200 rules inserted. Base: 226804 rules (64609 with conclusion selected). Queue: 202292 rules.
314400 rules inserted. Base: 226970 rules (64627 with conclusion selected). Queue: 202270 rules.
314600 rules inserted. Base: 227136 rules (64645 with conclusion selected). Queue: 202212 rules.
314800 rules inserted. Base: 227302 rules (64660 with conclusion selected). Queue: 202179 rules.
315000 rules inserted. Base: 227468 rules (64678 with conclusion selected). Queue: 202125 rules.
315200 rules inserted. Base: 227634 rules (64696 with conclusion selected). Queue: 202063 rules.
315400 rules inserted. Base: 227800 rules (64714 with conclusion selected). Queue: 202041 rules.
315600 rules inserted. Base: 227964 rules (64729 with conclusion selected). Queue: 201983 rules.
315800 rules inserted. Base: 228130 rules (64747 with conclusion selected). Queue: 201921 rules.
316000 rules inserted. Base: 228296 rules (64765 with conclusion selected). Queue: 201892 rules.
316200 rules inserted. Base: 228462 rules (64780 with conclusion selected). Queue: 201823 rules.
316400 rules inserted. Base: 228628 rules (64798 with conclusion selected). Queue: 201765 rules.
316600 rules inserted. Base: 228794 rules (64816 with conclusion selected). Queue: 201735 rules.
316800 rules inserted. Base: 228960 rules (64834 with conclusion selected). Queue: 201685 rules.
317000 rules inserted. Base: 229124 rules (64849 with conclusion selected). Queue: 201639 rules.
317200 rules inserted. Base: 229290 rules (64867 with conclusion selected). Queue: 201577 rules.
317400 rules inserted. Base: 229456 rules (64885 with conclusion selected). Queue: 201536 rules.
317600 rules inserted. Base: 229622 rules (64900 with conclusion selected). Queue: 201479 rules.
317800 rules inserted. Base: 229788 rules (64918 with conclusion selected). Queue: 201517 rules.
318000 rules inserted. Base: 229954 rules (64936 with conclusion selected). Queue: 201431 rules.
318200 rules inserted. Base: 230120 rules (64954 with conclusion selected). Queue: 201401 rules.
318400 rules inserted. Base: 230284 rules (64969 with conclusion selected). Queue: 201365 rules.
318600 rules inserted. Base: 230450 rules (64987 with conclusion selected). Queue: 201274 rules.
318800 rules inserted. Base: 230616 rules (65005 with conclusion selected). Queue: 201252 rules.
319000 rules inserted. Base: 230782 rules (65020 with conclusion selected). Queue: 201183 rules.
319200 rules inserted. Base: 230948 rules (65038 with conclusion selected). Queue: 201125 rules.
319400 rules inserted. Base: 231114 rules (65056 with conclusion selected). Queue: 201103 rules.
319600 rules inserted. Base: 231280 rules (65074 with conclusion selected). Queue: 200961 rules.
319800 rules inserted. Base: 231444 rules (65089 with conclusion selected). Queue: 200940 rules.
320000 rules inserted. Base: 231610 rules (65107 with conclusion selected). Queue: 200860 rules.
320200 rules inserted. Base: 231776 rules (65125 with conclusion selected). Queue: 200821 rules.
320400 rules inserted. Base: 231942 rules (65140 with conclusion selected). Queue: 200791 rules.
320600 rules inserted. Base: 232108 rules (65158 with conclusion selected). Queue: 200697 rules.
320800 rules inserted. Base: 232274 rules (65176 with conclusion selected). Queue: 200675 rules.
321000 rules inserted. Base: 232440 rules (65194 with conclusion selected). Queue: 200617 rules.
321200 rules inserted. Base: 232604 rules (65209 with conclusion selected). Queue: 200548 rules.
321400 rules inserted. Base: 232770 rules (65227 with conclusion selected). Queue: 200526 rules.
321600 rules inserted. Base: 232936 rules (65245 with conclusion selected). Queue: 200381 rules.
321800 rules inserted. Base: 233115 rules (65314 with conclusion selected). Queue: 200568 rules.
322000 rules inserted. Base: 233290 rules (65365 with conclusion selected). Queue: 200703 rules.
322200 rules inserted. Base: 233456 rules (65383 with conclusion selected). Queue: 200677 rules.
322400 rules inserted. Base: 233622 rules (65401 with conclusion selected). Queue: 200651 rules.
322600 rules inserted. Base: 233788 rules (65419 with conclusion selected). Queue: 200625 rules.
322800 rules inserted. Base: 233952 rules (65434 with conclusion selected). Queue: 200592 rules.
323000 rules inserted. Base: 234118 rules (65452 with conclusion selected). Queue: 200566 rules.
323200 rules inserted. Base: 234284 rules (65470 with conclusion selected). Queue: 200540 rules.
323400 rules inserted. Base: 234450 rules (65485 with conclusion selected). Queue: 200503 rules.
323600 rules inserted. Base: 234616 rules (65503 with conclusion selected). Queue: 200477 rules.
323800 rules inserted. Base: 234782 rules (65521 with conclusion selected). Queue: 200451 rules.
324000 rules inserted. Base: 234948 rules (65539 with conclusion selected). Queue: 200425 rules.
324200 rules inserted. Base: 235112 rules (65554 with conclusion selected). Queue: 200392 rules.
324400 rules inserted. Base: 235278 rules (65572 with conclusion selected). Queue: 200366 rules.
324600 rules inserted. Base: 235461 rules (65656 with conclusion selected). Queue: 200666 rules.
324800 rules inserted. Base: 235632 rules (65695 with conclusion selected). Queue: 200741 rules.
325000 rules inserted. Base: 235798 rules (65711 with conclusion selected). Queue: 200707 rules.
325200 rules inserted. Base: 235963 rules (65728 with conclusion selected). Queue: 200678 rules.
325400 rules inserted. Base: 236129 rules (65746 with conclusion selected). Queue: 200652 rules.
325600 rules inserted. Base: 236295 rules (65764 with conclusion selected). Queue: 200626 rules.
325800 rules inserted. Base: 236460 rules (65779 with conclusion selected). Queue: 200593 rules.
326000 rules inserted. Base: 236626 rules (65797 with conclusion selected). Queue: 200567 rules.
326200 rules inserted. Base: 236792 rules (65815 with conclusion selected). Queue: 200541 rules.
326400 rules inserted. Base: 236958 rules (65831 with conclusion selected). Queue: 200507 rules.
326600 rules inserted. Base: 237123 rules (65848 with conclusion selected). Queue: 200478 rules.
326800 rules inserted. Base: 237289 rules (65866 with conclusion selected). Queue: 200452 rules.
327000 rules inserted. Base: 237455 rules (65884 with conclusion selected). Queue: 200426 rules.
327200 rules inserted. Base: 237620 rules (65899 with conclusion selected). Queue: 200417 rules.
327400 rules inserted. Base: 237786 rules (65917 with conclusion selected). Queue: 200527 rules.
327600 rules inserted. Base: 237952 rules (65935 with conclusion selected). Queue: 200637 rules.
327800 rules inserted. Base: 238118 rules (65951 with conclusion selected). Queue: 200739 rules.
328000 rules inserted. Base: 238283 rules (65968 with conclusion selected). Queue: 200848 rules.
328200 rules inserted. Base: 238449 rules (65986 with conclusion selected). Queue: 200958 rules.
328400 rules inserted. Base: 238615 rules (66004 with conclusion selected). Queue: 201068 rules.
328600 rules inserted. Base: 238780 rules (66019 with conclusion selected). Queue: 201177 rules.
328800 rules inserted. Base: 238946 rules (66037 with conclusion selected). Queue: 201287 rules.
329000 rules inserted. Base: 239112 rules (66055 with conclusion selected). Queue: 201325 rules.
329200 rules inserted. Base: 239278 rules (66071 with conclusion selected). Queue: 201319 rules.
329400 rules inserted. Base: 239443 rules (66088 with conclusion selected). Queue: 201293 rules.
329600 rules inserted. Base: 239609 rules (66106 with conclusion selected). Queue: 201214 rules.
329800 rules inserted. Base: 239775 rules (66124 with conclusion selected). Queue: 201249 rules.
330000 rules inserted. Base: 239940 rules (66139 with conclusion selected). Queue: 201217 rules.
330200 rules inserted. Base: 240106 rules (66157 with conclusion selected). Queue: 201123 rules.
330400 rules inserted. Base: 240272 rules (66175 with conclusion selected). Queue: 201165 rules.
330600 rules inserted. Base: 240438 rules (66191 with conclusion selected). Queue: 201119 rules.
330800 rules inserted. Base: 240603 rules (66208 with conclusion selected). Queue: 201045 rules.
331000 rules inserted. Base: 240769 rules (66226 with conclusion selected). Queue: 201038 rules.
331200 rules inserted. Base: 240935 rules (66244 with conclusion selected). Queue: 201037 rules.
331400 rules inserted. Base: 241100 rules (66259 with conclusion selected). Queue: 201005 rules.
331600 rules inserted. Base: 241266 rules (66277 with conclusion selected). Queue: 200935 rules.
331800 rules inserted. Base: 241432 rules (66295 with conclusion selected). Queue: 200961 rules.
332000 rules inserted. Base: 241598 rules (66311 with conclusion selected). Queue: 200931 rules.
332200 rules inserted. Base: 241763 rules (66328 with conclusion selected). Queue: 200833 rules.
332400 rules inserted. Base: 241929 rules (66346 with conclusion selected). Queue: 200876 rules.
332600 rules inserted. Base: 242095 rules (66364 with conclusion selected). Queue: 200839 rules.
332800 rules inserted. Base: 242260 rules (66379 with conclusion selected). Queue: 200757 rules.
333000 rules inserted. Base: 242426 rules (66397 with conclusion selected). Queue: 200723 rules.
333200 rules inserted. Base: 242592 rules (66415 with conclusion selected). Queue: 200677 rules.
333400 rules inserted. Base: 242758 rules (66431 with conclusion selected). Queue: 200683 rules.
333600 rules inserted. Base: 242923 rules (66448 with conclusion selected). Queue: 200612 rules.
333800 rules inserted. Base: 243089 rules (66466 with conclusion selected). Queue: 200599 rules.
334000 rules inserted. Base: 243255 rules (66484 with conclusion selected). Queue: 200508 rules.
334200 rules inserted. Base: 243420 rules (66499 with conclusion selected). Queue: 200509 rules.
334400 rules inserted. Base: 243586 rules (66517 with conclusion selected). Queue: 200511 rules.
334600 rules inserted. Base: 243752 rules (66535 with conclusion selected). Queue: 200429 rules.
334800 rules inserted. Base: 243918 rules (66551 with conclusion selected). Queue: 200435 rules.
335000 rules inserted. Base: 244083 rules (66568 with conclusion selected). Queue: 200337 rules.
335200 rules inserted. Base: 244249 rules (66586 with conclusion selected). Queue: 200351 rules.
335400 rules inserted. Base: 244415 rules (66604 with conclusion selected). Queue: 200296 rules.
335600 rules inserted. Base: 244580 rules (66619 with conclusion selected). Queue: 200261 rules.
335800 rules inserted. Base: 244746 rules (66637 with conclusion selected). Queue: 200275 rules.
336000 rules inserted. Base: 244912 rules (66655 with conclusion selected). Queue: 200181 rules.
336200 rules inserted. Base: 245078 rules (66671 with conclusion selected). Queue: 200187 rules.
336400 rules inserted. Base: 245243 rules (66688 with conclusion selected). Queue: 200089 rules.
336600 rules inserted. Base: 245409 rules (66706 with conclusion selected). Queue: 200103 rules.
336800 rules inserted. Base: 245575 rules (66724 with conclusion selected). Queue: 200084 rules.
337000 rules inserted. Base: 245740 rules (66739 with conclusion selected). Queue: 200013 rules.
337200 rules inserted. Base: 245906 rules (66757 with conclusion selected). Queue: 200087 rules.
337400 rules inserted. Base: 246072 rules (66775 with conclusion selected). Queue: 200197 rules.
337600 rules inserted. Base: 246238 rules (66791 with conclusion selected). Queue: 200299 rules.
337800 rules inserted. Base: 246403 rules (66808 with conclusion selected). Queue: 200408 rules.
338000 rules inserted. Base: 246569 rules (66826 with conclusion selected). Queue: 200518 rules.
338200 rules inserted. Base: 246735 rules (66844 with conclusion selected). Queue: 200628 rules.
338400 rules inserted. Base: 246900 rules (66859 with conclusion selected). Queue: 200737 rules.
338600 rules inserted. Base: 247066 rules (66877 with conclusion selected). Queue: 200847 rules.
338800 rules inserted. Base: 247232 rules (66895 with conclusion selected). Queue: 200901 rules.
339000 rules inserted. Base: 247398 rules (66911 with conclusion selected). Queue: 200939 rules.
339200 rules inserted. Base: 247563 rules (66928 with conclusion selected). Queue: 200895 rules.
339400 rules inserted. Base: 247729 rules (66946 with conclusion selected). Queue: 200831 rules.
339600 rules inserted. Base: 247895 rules (66964 with conclusion selected). Queue: 200858 rules.
339800 rules inserted. Base: 248060 rules (66979 with conclusion selected). Queue: 200801 rules.
340000 rules inserted. Base: 248226 rules (66997 with conclusion selected). Queue: 200755 rules.
340200 rules inserted. Base: 248392 rules (67015 with conclusion selected). Queue: 200773 rules.
340400 rules inserted. Base: 248558 rules (67031 with conclusion selected). Queue: 200703 rules.
340600 rules inserted. Base: 248723 rules (67048 with conclusion selected). Queue: 200677 rules.
340800 rules inserted. Base: 248889 rules (67066 with conclusion selected). Queue: 200612 rules.
341000 rules inserted. Base: 249055 rules (67084 with conclusion selected). Queue: 200658 rules.
341200 rules inserted. Base: 249220 rules (67099 with conclusion selected). Queue: 200613 rules.
341400 rules inserted. Base: 249386 rules (67117 with conclusion selected). Queue: 200543 rules.
341600 rules inserted. Base: 249552 rules (67135 with conclusion selected). Queue: 200573 rules.
341800 rules inserted. Base: 249718 rules (67151 with conclusion selected). Queue: 200515 rules.
342000 rules inserted. Base: 249883 rules (67168 with conclusion selected). Queue: 200465 rules.
342200 rules inserted. Base: 250049 rules (67186 with conclusion selected). Queue: 200484 rules.
342400 rules inserted. Base: 250215 rules (67204 with conclusion selected). Queue: 200423 rules.
342600 rules inserted. Base: 250380 rules (67219 with conclusion selected). Queue: 200389 rules.
342800 rules inserted. Base: 250546 rules (67237 with conclusion selected). Queue: 200295 rules.
343000 rules inserted. Base: 250712 rules (67255 with conclusion selected). Queue: 200309 rules.
343200 rules inserted. Base: 250878 rules (67271 with conclusion selected). Queue: 200279 rules.
343400 rules inserted. Base: 251043 rules (67288 with conclusion selected). Queue: 200217 rules.
343600 rules inserted. Base: 251209 rules (67306 with conclusion selected). Queue: 200231 rules.
343800 rules inserted. Base: 251375 rules (67324 with conclusion selected). Queue: 200137 rules.
344000 rules inserted. Base: 251540 rules (67339 with conclusion selected). Queue: 200141 rules.
344200 rules inserted. Base: 251706 rules (67357 with conclusion selected). Queue: 200071 rules.
344400 rules inserted. Base: 251872 rules (67375 with conclusion selected). Queue: 200061 rules.
344600 rules inserted. Base: 252038 rules (67391 with conclusion selected). Queue: 200067 rules.
344800 rules inserted. Base: 252203 rules (67408 with conclusion selected). Queue: 199969 rules.
345000 rules inserted. Base: 252369 rules (67426 with conclusion selected). Queue: 199962 rules.
345200 rules inserted. Base: 252535 rules (67444 with conclusion selected). Queue: 199889 rules.
345400 rules inserted. Base: 252700 rules (67459 with conclusion selected). Queue: 199893 rules.
345600 rules inserted. Base: 252866 rules (67477 with conclusion selected). Queue: 199859 rules.
345800 rules inserted. Base: 253032 rules (67495 with conclusion selected). Queue: 199813 rules.
346000 rules inserted. Base: 253198 rules (67511 with conclusion selected). Queue: 199747 rules.
346200 rules inserted. Base: 253363 rules (67528 with conclusion selected). Queue: 199721 rules.
346400 rules inserted. Base: 253529 rules (67546 with conclusion selected). Queue: 199735 rules.
346600 rules inserted. Base: 253695 rules (67564 with conclusion selected). Queue: 199644 rules.
346800 rules inserted. Base: 253860 rules (67579 with conclusion selected). Queue: 199645 rules.
347000 rules inserted. Base: 254026 rules (67597 with conclusion selected). Queue: 199647 rules.
347200 rules inserted. Base: 254192 rules (67615 with conclusion selected). Queue: 199757 rules.
347400 rules inserted. Base: 254358 rules (67631 with conclusion selected). Queue: 199859 rules.
347600 rules inserted. Base: 254523 rules (67648 with conclusion selected). Queue: 199968 rules.
347800 rules inserted. Base: 254689 rules (67666 with conclusion selected). Queue: 200078 rules.
348000 rules inserted. Base: 254855 rules (67684 with conclusion selected). Queue: 200188 rules.
348200 rules inserted. Base: 255020 rules (67699 with conclusion selected). Queue: 200297 rules.
348400 rules inserted. Base: 255186 rules (67717 with conclusion selected). Queue: 200407 rules.
348600 rules inserted. Base: 255352 rules (67735 with conclusion selected). Queue: 200509 rules.
348800 rules inserted. Base: 255518 rules (67751 with conclusion selected). Queue: 200547 rules.
349000 rules inserted. Base: 255683 rules (67768 with conclusion selected). Queue: 200485 rules.
349200 rules inserted. Base: 255849 rules (67786 with conclusion selected). Queue: 200463 rules.
349400 rules inserted. Base: 256015 rules (67804 with conclusion selected). Queue: 200444 rules.
349600 rules inserted. Base: 256180 rules (67819 with conclusion selected). Queue: 200409 rules.
349800 rules inserted. Base: 256346 rules (67837 with conclusion selected). Queue: 200387 rules.
350000 rules inserted. Base: 256512 rules (67855 with conclusion selected). Queue: 200341 rules.
350200 rules inserted. Base: 256678 rules (67871 with conclusion selected). Queue: 200335 rules.
350400 rules inserted. Base: 256843 rules (67888 with conclusion selected). Queue: 200309 rules.
350600 rules inserted. Base: 257009 rules (67906 with conclusion selected). Queue: 200220 rules.
350800 rules inserted. Base: 257175 rules (67924 with conclusion selected). Queue: 200266 rules.
351000 rules inserted. Base: 257340 rules (67939 with conclusion selected). Queue: 200197 rules.
351200 rules inserted. Base: 257506 rules (67957 with conclusion selected). Queue: 200175 rules.
351400 rules inserted. Base: 257672 rules (67975 with conclusion selected). Queue: 200165 rules.
351600 rules inserted. Base: 257838 rules (67991 with conclusion selected). Queue: 200123 rules.
351800 rules inserted. Base: 258003 rules (68008 with conclusion selected). Queue: 200097 rules.
352000 rules inserted. Base: 258169 rules (68026 with conclusion selected). Queue: 200054 rules.
352200 rules inserted. Base: 258335 rules (68044 with conclusion selected). Queue: 200053 rules.
352400 rules inserted. Base: 258500 rules (68059 with conclusion selected). Queue: 200021 rules.
352600 rules inserted. Base: 258666 rules (68077 with conclusion selected). Queue: 199927 rules.
352800 rules inserted. Base: 258832 rules (68095 with conclusion selected). Queue: 199941 rules.
353000 rules inserted. Base: 258998 rules (68111 with conclusion selected). Queue: 199839 rules.
353200 rules inserted. Base: 259163 rules (68128 with conclusion selected). Queue: 199849 rules.
353400 rules inserted. Base: 259329 rules (68146 with conclusion selected). Queue: 199842 rules.
353600 rules inserted. Base: 259495 rules (68164 with conclusion selected). Queue: 199769 rules.
353800 rules inserted. Base: 259660 rules (68179 with conclusion selected). Queue: 199737 rules.
354000 rules inserted. Base: 259826 rules (68197 with conclusion selected). Queue: 199679 rules.
354200 rules inserted. Base: 259992 rules (68215 with conclusion selected). Queue: 199693 rules.
354400 rules inserted. Base: 260158 rules (68231 with conclusion selected). Queue: 199627 rules.
354600 rules inserted. Base: 260323 rules (68248 with conclusion selected). Queue: 199601 rules.
354800 rules inserted. Base: 260489 rules (68266 with conclusion selected). Queue: 199522 rules.
355000 rules inserted. Base: 260655 rules (68284 with conclusion selected). Queue: 199521 rules.
355200 rules inserted. Base: 260820 rules (68299 with conclusion selected). Queue: 199525 rules.
355400 rules inserted. Base: 260986 rules (68317 with conclusion selected). Queue: 199431 rules.
355600 rules inserted. Base: 261152 rules (68335 with conclusion selected). Queue: 199445 rules.
355800 rules inserted. Base: 261318 rules (68351 with conclusion selected). Queue: 199343 rules.
356000 rules inserted. Base: 261483 rules (68368 with conclusion selected). Queue: 199353 rules.
356200 rules inserted. Base: 261649 rules (68386 with conclusion selected). Queue: 199310 rules.
356400 rules inserted. Base: 261815 rules (68404 with conclusion selected). Queue: 199273 rules.
356600 rules inserted. Base: 261980 rules (68419 with conclusion selected). Queue: 199277 rules.
356800 rules inserted. Base: 262148 rules (68445 with conclusion selected). Queue: 199229 rules.
357000 rules inserted. Base: 262333 rules (68536 with conclusion selected). Queue: 199564 rules.
357200 rules inserted. Base: 262500 rules (68560 with conclusion selected). Queue: 199629 rules.
357400 rules inserted. Base: 262666 rules (68577 with conclusion selected). Queue: 199667 rules.
357600 rules inserted. Base: 262830 rules (68593 with conclusion selected). Queue: 199705 rules.
357800 rules inserted. Base: 262996 rules (68611 with conclusion selected). Queue: 199747 rules.
358000 rules inserted. Base: 263162 rules (68629 with conclusion selected). Queue: 199789 rules.
358200 rules inserted. Base: 263328 rules (68644 with conclusion selected). Queue: 199825 rules.
358400 rules inserted. Base: 263494 rules (68662 with conclusion selected). Queue: 199867 rules.
358600 rules inserted. Base: 263660 rules (68680 with conclusion selected). Queue: 199909 rules.
358800 rules inserted. Base: 263826 rules (68697 with conclusion selected). Queue: 199947 rules.
359000 rules inserted. Base: 263990 rules (68713 with conclusion selected). Queue: 199985 rules.
359200 rules inserted. Base: 264156 rules (68731 with conclusion selected). Queue: 200027 rules.
359400 rules inserted. Base: 264322 rules (68749 with conclusion selected). Queue: 200069 rules.
359600 rules inserted. Base: 264488 rules (68764 with conclusion selected). Queue: 200081 rules.
359800 rules inserted. Base: 264654 rules (68782 with conclusion selected). Queue: 200055 rules.
360000 rules inserted. Base: 264820 rules (68800 with conclusion selected). Queue: 200029 rules.
360200 rules inserted. Base: 264986 rules (68817 with conclusion selected). Queue: 199999 rules.
360400 rules inserted. Base: 265150 rules (68833 with conclusion selected). Queue: 199967 rules.
360600 rules inserted. Base: 265316 rules (68851 with conclusion selected). Queue: 199941 rules.
360800 rules inserted. Base: 265482 rules (68869 with conclusion selected). Queue: 199915 rules.
361000 rules inserted. Base: 265648 rules (68884 with conclusion selected). Queue: 199881 rules.
361200 rules inserted. Base: 265814 rules (68902 with conclusion selected). Queue: 199855 rules.
361400 rules inserted. Base: 265980 rules (68920 with conclusion selected). Queue: 199829 rules.
361600 rules inserted. Base: 266146 rules (68937 with conclusion selected). Queue: 199799 rules.
361800 rules inserted. Base: 266310 rules (68953 with conclusion selected). Queue: 199767 rules.
362000 rules inserted. Base: 266476 rules (68971 with conclusion selected). Queue: 199741 rules.
362200 rules inserted. Base: 266656 rules (69041 with conclusion selected). Queue: 199971 rules.
362400 rules inserted. Base: 266830 rules (69094 with conclusion selected). Queue: 200154 rules.
362600 rules inserted. Base: 266996 rules (69109 with conclusion selected). Queue: 200189 rules.
362800 rules inserted. Base: 267162 rules (69127 with conclusion selected). Queue: 200231 rules.
363000 rules inserted. Base: 267328 rules (69145 with conclusion selected). Queue: 200273 rules.
363200 rules inserted. Base: 267494 rules (69163 with conclusion selected). Queue: 200315 rules.
363400 rules inserted. Base: 267658 rules (69178 with conclusion selected). Queue: 200350 rules.
363600 rules inserted. Base: 267824 rules (69196 with conclusion selected). Queue: 200392 rules.
363800 rules inserted. Base: 267990 rules (69214 with conclusion selected). Queue: 200434 rules.
364000 rules inserted. Base: 268156 rules (69229 with conclusion selected). Queue: 200469 rules.
364200 rules inserted. Base: 268322 rules (69247 with conclusion selected). Queue: 200511 rules.
364400 rules inserted. Base: 268488 rules (69265 with conclusion selected). Queue: 200553 rules.
364600 rules inserted. Base: 268654 rules (69283 with conclusion selected). Queue: 200595 rules.
364800 rules inserted. Base: 268818 rules (69298 with conclusion selected). Queue: 200630 rules.
365000 rules inserted. Base: 268984 rules (69316 with conclusion selected). Queue: 200606 rules.
365200 rules inserted. Base: 269150 rules (69334 with conclusion selected). Queue: 200580 rules.
365400 rules inserted. Base: 269316 rules (69349 with conclusion selected). Queue: 200545 rules.
365600 rules inserted. Base: 269482 rules (69367 with conclusion selected). Queue: 200519 rules.
365800 rules inserted. Base: 269648 rules (69385 with conclusion selected). Queue: 200493 rules.
366000 rules inserted. Base: 269814 rules (69403 with conclusion selected). Queue: 200467 rules.
366200 rules inserted. Base: 269978 rules (69418 with conclusion selected). Queue: 200432 rules.
366400 rules inserted. Base: 270144 rules (69436 with conclusion selected). Queue: 200406 rules.
366600 rules inserted. Base: 270310 rules (69454 with conclusion selected). Queue: 200380 rules.
366800 rules inserted. Base: 270476 rules (69469 with conclusion selected). Queue: 200345 rules.
367000 rules inserted. Base: 270642 rules (69487 with conclusion selected). Queue: 200319 rules.
367200 rules inserted. Base: 270808 rules (69505 with conclusion selected). Queue: 200293 rules.
367400 rules inserted. Base: 270974 rules (69523 with conclusion selected). Queue: 200291 rules.
367600 rules inserted. Base: 271138 rules (69538 with conclusion selected). Queue: 200326 rules.
367800 rules inserted. Base: 271304 rules (69556 with conclusion selected). Queue: 200368 rules.
368000 rules inserted. Base: 271470 rules (69574 with conclusion selected). Queue: 200410 rules.
368200 rules inserted. Base: 271636 rules (69589 with conclusion selected). Queue: 200457 rules.
368400 rules inserted. Base: 271802 rules (69607 with conclusion selected). Queue: 200567 rules.
368600 rules inserted. Base: 271968 rules (69625 with conclusion selected). Queue: 200677 rules.
368800 rules inserted. Base: 272134 rules (69643 with conclusion selected). Queue: 200787 rules.
369000 rules inserted. Base: 272298 rules (69658 with conclusion selected). Queue: 200892 rules.
369200 rules inserted. Base: 272464 rules (69676 with conclusion selected). Queue: 200828 rules.
369400 rules inserted. Base: 272630 rules (69694 with conclusion selected). Queue: 200746 rules.
369600 rules inserted. Base: 272796 rules (69709 with conclusion selected). Queue: 200713 rules.
369800 rules inserted. Base: 272962 rules (69727 with conclusion selected). Queue: 200659 rules.
370000 rules inserted. Base: 273128 rules (69745 with conclusion selected). Queue: 200597 rules.
370200 rules inserted. Base: 273294 rules (69763 with conclusion selected). Queue: 200575 rules.
370400 rules inserted. Base: 273458 rules (69778 with conclusion selected). Queue: 200490 rules.
370600 rules inserted. Base: 273624 rules (69796 with conclusion selected). Queue: 200448 rules.
370800 rules inserted. Base: 273790 rules (69814 with conclusion selected). Queue: 200426 rules.
371000 rules inserted. Base: 273956 rules (69829 with conclusion selected). Queue: 200321 rules.
371200 rules inserted. Base: 274122 rules (69847 with conclusion selected). Queue: 200255 rules.
371400 rules inserted. Base: 274288 rules (69865 with conclusion selected). Queue: 200169 rules.
371600 rules inserted. Base: 274454 rules (69883 with conclusion selected). Queue: 200147 rules.
371800 rules inserted. Base: 274618 rules (69898 with conclusion selected). Queue: 200086 rules.
372000 rules inserted. Base: 274784 rules (69916 with conclusion selected). Queue: 200020 rules.
372200 rules inserted. Base: 274950 rules (69934 with conclusion selected). Queue: 199998 rules.
372400 rules inserted. Base: 275116 rules (69949 with conclusion selected). Queue: 199917 rules.
372600 rules inserted. Base: 275282 rules (69967 with conclusion selected). Queue: 199871 rules.
372800 rules inserted. Base: 275448 rules (69985 with conclusion selected). Queue: 199849 rules.
373000 rules inserted. Base: 275614 rules (70003 with conclusion selected). Queue: 199755 rules.
373200 rules inserted. Base: 275778 rules (70018 with conclusion selected). Queue: 199718 rules.
373400 rules inserted. Base: 275944 rules (70036 with conclusion selected). Queue: 199592 rules.
373600 rules inserted. Base: 276110 rules (70054 with conclusion selected). Queue: 199544 rules.
373800 rules inserted. Base: 276276 rules (70069 with conclusion selected). Queue: 199477 rules.
374000 rules inserted. Base: 276442 rules (70087 with conclusion selected). Queue: 199371 rules.
374200 rules inserted. Base: 276608 rules (70105 with conclusion selected). Queue: 199309 rules.
374400 rules inserted. Base: 276774 rules (70123 with conclusion selected). Queue: 199219 rules.
374600 rules inserted. Base: 276938 rules (70138 with conclusion selected). Queue: 199176 rules.
374800 rules inserted. Base: 277104 rules (70156 with conclusion selected). Queue: 199068 rules.
375000 rules inserted. Base: 277270 rules (70174 with conclusion selected). Queue: 198998 rules.
375200 rules inserted. Base: 277436 rules (70189 with conclusion selected). Queue: 198893 rules.
375400 rules inserted. Base: 277602 rules (70207 with conclusion selected). Queue: 198907 rules.
375600 rules inserted. Base: 277768 rules (70225 with conclusion selected). Queue: 198897 rules.
375800 rules inserted. Base: 277934 rules (70243 with conclusion selected). Queue: 198827 rules.
376000 rules inserted. Base: 278098 rules (70258 with conclusion selected). Queue: 198830 rules.
376200 rules inserted. Base: 278264 rules (70276 with conclusion selected). Queue: 198736 rules.
376400 rules inserted. Base: 278430 rules (70294 with conclusion selected). Queue: 198750 rules.
376600 rules inserted. Base: 278596 rules (70309 with conclusion selected). Queue: 198681 rules.
376800 rules inserted. Base: 278762 rules (70327 with conclusion selected). Queue: 198659 rules.
377000 rules inserted. Base: 278928 rules (70345 with conclusion selected). Queue: 198673 rules.
377200 rules inserted. Base: 279094 rules (70363 with conclusion selected). Queue: 198579 rules.
377400 rules inserted. Base: 279258 rules (70378 with conclusion selected). Queue: 198614 rules.
377600 rules inserted. Base: 279424 rules (70396 with conclusion selected). Queue: 198656 rules.
377800 rules inserted. Base: 279590 rules (70414 with conclusion selected). Queue: 198698 rules.
378000 rules inserted. Base: 279756 rules (70429 with conclusion selected). Queue: 198733 rules.
378200 rules inserted. Base: 279922 rules (70447 with conclusion selected). Queue: 198831 rules.
378400 rules inserted. Base: 280088 rules (70465 with conclusion selected). Queue: 198941 rules.
378600 rules inserted. Base: 280254 rules (70483 with conclusion selected). Queue: 199051 rules.
378800 rules inserted. Base: 280418 rules (70498 with conclusion selected). Queue: 199156 rules.
379000 rules inserted. Base: 280584 rules (70516 with conclusion selected). Queue: 199116 rules.
379200 rules inserted. Base: 280750 rules (70534 with conclusion selected). Queue: 199082 rules.
379400 rules inserted. Base: 280916 rules (70549 with conclusion selected). Queue: 199049 rules.
379600 rules inserted. Base: 281082 rules (70567 with conclusion selected). Queue: 198955 rules.
379800 rules inserted. Base: 281248 rules (70585 with conclusion selected). Queue: 198933 rules.
380000 rules inserted. Base: 281414 rules (70603 with conclusion selected). Queue: 198887 rules.
380200 rules inserted. Base: 281578 rules (70618 with conclusion selected). Queue: 198806 rules.
380400 rules inserted. Base: 281744 rules (70636 with conclusion selected). Queue: 198784 rules.
380600 rules inserted. Base: 281910 rules (70654 with conclusion selected). Queue: 198718 rules.
380800 rules inserted. Base: 282076 rules (70669 with conclusion selected). Queue: 198657 rules.
381000 rules inserted. Base: 282242 rules (70687 with conclusion selected). Queue: 198543 rules.
381200 rules inserted. Base: 282408 rules (70705 with conclusion selected). Queue: 198505 rules.
381400 rules inserted. Base: 282574 rules (70723 with conclusion selected). Queue: 198483 rules.
381600 rules inserted. Base: 282738 rules (70738 with conclusion selected). Queue: 198378 rules.
381800 rules inserted. Base: 282904 rules (70756 with conclusion selected). Queue: 198356 rules.
382000 rules inserted. Base: 283070 rules (70774 with conclusion selected). Queue: 198314 rules.
382200 rules inserted. Base: 283236 rules (70789 with conclusion selected). Queue: 198229 rules.
382400 rules inserted. Base: 283402 rules (70807 with conclusion selected). Queue: 198207 rules.
382600 rules inserted. Base: 283568 rules (70825 with conclusion selected). Queue: 198145 rules.
382800 rules inserted. Base: 283734 rules (70843 with conclusion selected). Queue: 198091 rules.
383000 rules inserted. Base: 283898 rules (70858 with conclusion selected). Queue: 198006 rules.
383200 rules inserted. Base: 284064 rules (70876 with conclusion selected). Queue: 197928 rules.
383400 rules inserted. Base: 284230 rules (70894 with conclusion selected). Queue: 197904 rules.
383600 rules inserted. Base: 284396 rules (70909 with conclusion selected). Queue: 197765 rules.
383800 rules inserted. Base: 284562 rules (70927 with conclusion selected). Queue: 197711 rules.
384000 rules inserted. Base: 284728 rules (70945 with conclusion selected). Queue: 197613 rules.
384200 rules inserted. Base: 284894 rules (70963 with conclusion selected). Queue: 197567 rules.
384400 rules inserted. Base: 285058 rules (70978 with conclusion selected). Queue: 197494 rules.
384600 rules inserted. Base: 285224 rules (70996 with conclusion selected). Queue: 197392 rules.
384800 rules inserted. Base: 285390 rules (71014 with conclusion selected). Queue: 197356 rules.
385000 rules inserted. Base: 285556 rules (71029 with conclusion selected). Queue: 197229 rules.
385200 rules inserted. Base: 285722 rules (71047 with conclusion selected). Queue: 197243 rules.
385400 rules inserted. Base: 285888 rules (71065 with conclusion selected). Queue: 197161 rules.
385600 rules inserted. Base: 286054 rules (71083 with conclusion selected). Queue: 197163 rules.
385800 rules inserted. Base: 286218 rules (71098 with conclusion selected). Queue: 197160 rules.
386000 rules inserted. Base: 286384 rules (71116 with conclusion selected). Queue: 197072 rules.
386200 rules inserted. Base: 286550 rules (71134 with conclusion selected). Queue: 197056 rules.
386400 rules inserted. Base: 286716 rules (71149 with conclusion selected). Queue: 196981 rules.
386600 rules inserted. Base: 286882 rules (71167 with conclusion selected). Queue: 196995 rules.
386800 rules inserted. Base: 287048 rules (71185 with conclusion selected). Queue: 196949 rules.
387000 rules inserted. Base: 287214 rules (71203 with conclusion selected). Queue: 196915 rules.
387200 rules inserted. Base: 287378 rules (71218 with conclusion selected). Queue: 196902 rules.
387400 rules inserted. Base: 287544 rules (71236 with conclusion selected). Queue: 196944 rules.
387600 rules inserted. Base: 287710 rules (71254 with conclusion selected). Queue: 196986 rules.
387800 rules inserted. Base: 287876 rules (71269 with conclusion selected). Queue: 197021 rules.
388000 rules inserted. Base: 288042 rules (71287 with conclusion selected). Queue: 197095 rules.
388200 rules inserted. Base: 288208 rules (71305 with conclusion selected). Queue: 197205 rules.
388400 rules inserted. Base: 288374 rules (71323 with conclusion selected). Queue: 197315 rules.
388600 rules inserted. Base: 288538 rules (71338 with conclusion selected). Queue: 197420 rules.
388800 rules inserted. Base: 288704 rules (71356 with conclusion selected). Queue: 197458 rules.
389000 rules inserted. Base: 288870 rules (71374 with conclusion selected). Queue: 197418 rules.
389200 rules inserted. Base: 289036 rules (71389 with conclusion selected). Queue: 197337 rules.
389400 rules inserted. Base: 289202 rules (71407 with conclusion selected). Queue: 197291 rules.
389600 rules inserted. Base: 289368 rules (71425 with conclusion selected). Queue: 197269 rules.
389800 rules inserted. Base: 289534 rules (71443 with conclusion selected). Queue: 197175 rules.
390000 rules inserted. Base: 289698 rules (71458 with conclusion selected). Queue: 197142 rules.
390200 rules inserted. Base: 289864 rules (71476 with conclusion selected). Queue: 197108 rules.
390400 rules inserted. Base: 290030 rules (71494 with conclusion selected). Queue: 197026 rules.
390600 rules inserted. Base: 290196 rules (71509 with conclusion selected). Queue: 196993 rules.
390800 rules inserted. Base: 290362 rules (71527 with conclusion selected). Queue: 196879 rules.
391000 rules inserted. Base: 290528 rules (71545 with conclusion selected). Queue: 196841 rules.
391200 rules inserted. Base: 290694 rules (71563 with conclusion selected). Queue: 196771 rules.
391400 rules inserted. Base: 290858 rules (71578 with conclusion selected). Queue: 196714 rules.
391600 rules inserted. Base: 291024 rules (71596 with conclusion selected). Queue: 196692 rules.
391800 rules inserted. Base: 291190 rules (71614 with conclusion selected). Queue: 196602 rules.
392000 rules inserted. Base: 291356 rules (71629 with conclusion selected). Queue: 196565 rules.
392200 rules inserted. Base: 291522 rules (71647 with conclusion selected). Queue: 196535 rules.
392400 rules inserted. Base: 291688 rules (71665 with conclusion selected). Queue: 196449 rules.
392600 rules inserted. Base: 291854 rules (71683 with conclusion selected). Queue: 196427 rules.
392800 rules inserted. Base: 292018 rules (71698 with conclusion selected). Queue: 196322 rules.
393000 rules inserted. Base: 292184 rules (71716 with conclusion selected). Queue: 196282 rules.
393200 rules inserted. Base: 292350 rules (71734 with conclusion selected). Queue: 196198 rules.
393400 rules inserted. Base: 292516 rules (71749 with conclusion selected). Queue: 196101 rules.
393600 rules inserted. Base: 292682 rules (71767 with conclusion selected). Queue: 196071 rules.
393800 rules inserted. Base: 292848 rules (71785 with conclusion selected). Queue: 195949 rules.
394000 rules inserted. Base: 293014 rules (71803 with conclusion selected). Queue: 195927 rules.
394200 rules inserted. Base: 293178 rules (71818 with conclusion selected). Queue: 195786 rules.
394400 rules inserted. Base: 293344 rules (71836 with conclusion selected). Queue: 195734 rules.
394600 rules inserted. Base: 293510 rules (71854 with conclusion selected). Queue: 195686 rules.
394800 rules inserted. Base: 293676 rules (71869 with conclusion selected). Queue: 195565 rules.
395000 rules inserted. Base: 293842 rules (71887 with conclusion selected). Queue: 195531 rules.
395200 rules inserted. Base: 294008 rules (71905 with conclusion selected). Queue: 195485 rules.
395400 rules inserted. Base: 294174 rules (71923 with conclusion selected). Queue: 195499 rules.
395600 rules inserted. Base: 294338 rules (71938 with conclusion selected). Queue: 195424 rules.
395800 rules inserted. Base: 294504 rules (71956 with conclusion selected). Queue: 195408 rules.
396000 rules inserted. Base: 294670 rules (71974 with conclusion selected). Queue: 195320 rules.
396200 rules inserted. Base: 294836 rules (71989 with conclusion selected). Queue: 195317 rules.
396400 rules inserted. Base: 295002 rules (72007 with conclusion selected). Queue: 195319 rules.
396600 rules inserted. Base: 295168 rules (72025 with conclusion selected). Queue: 195237 rules.
396800 rules inserted. Base: 295334 rules (72043 with conclusion selected). Queue: 195251 rules.
397000 rules inserted. Base: 295505 rules (72082 with conclusion selected). Queue: 195286 rules.
397200 rules inserted. Base: 295686 rules (72163 with conclusion selected). Queue: 195569 rules.
397400 rules inserted. Base: 295852 rules (72181 with conclusion selected). Queue: 195543 rules.
397600 rules inserted. Base: 296018 rules (72199 with conclusion selected). Queue: 195517 rules.
397800 rules inserted. Base: 296184 rules (72214 with conclusion selected). Queue: 195481 rules.
398000 rules inserted. Base: 296350 rules (72232 with conclusion selected). Queue: 195455 rules.
398200 rules inserted. Base: 296516 rules (72250 with conclusion selected). Queue: 195429 rules.
398400 rules inserted. Base: 296682 rules (72268 with conclusion selected). Queue: 195403 rules.
398600 rules inserted. Base: 296846 rules (72283 with conclusion selected). Queue: 195369 rules.
398800 rules inserted. Base: 297012 rules (72301 with conclusion selected). Queue: 195343 rules.
399000 rules inserted. Base: 297178 rules (72319 with conclusion selected). Queue: 195317 rules.
399200 rules inserted. Base: 297344 rules (72334 with conclusion selected). Queue: 195281 rules.
399400 rules inserted. Base: 297510 rules (72352 with conclusion selected). Queue: 195255 rules.
399600 rules inserted. Base: 297676 rules (72370 with conclusion selected). Queue: 195229 rules.
399800 rules inserted. Base: 297842 rules (72388 with conclusion selected). Queue: 195203 rules.
400000 rules inserted. Base: 298006 rules (72403 with conclusion selected). Queue: 195169 rules.
400200 rules inserted. Base: 298172 rules (72421 with conclusion selected). Queue: 195143 rules.
400400 rules inserted. Base: 298338 rules (72439 with conclusion selected). Queue: 195117 rules.
400600 rules inserted. Base: 298504 rules (72454 with conclusion selected). Queue: 195081 rules.
400800 rules inserted. Base: 298670 rules (72472 with conclusion selected). Queue: 195055 rules.
401000 rules inserted. Base: 298836 rules (72490 with conclusion selected). Queue: 195029 rules.
401200 rules inserted. Base: 299002 rules (72508 with conclusion selected). Queue: 195003 rules.
401400 rules inserted. Base: 299166 rules (72523 with conclusion selected). Queue: 194969 rules.
401600 rules inserted. Base: 299332 rules (72541 with conclusion selected). Queue: 194943 rules.
401800 rules inserted. Base: 299498 rules (72559 with conclusion selected). Queue: 194917 rules.
402000 rules inserted. Base: 299664 rules (72574 with conclusion selected). Queue: 194881 rules.
402200 rules inserted. Base: 299830 rules (72592 with conclusion selected). Queue: 194855 rules.
402400 rules inserted. Base: 300013 rules (72680 with conclusion selected). Queue: 195174 rules.
402600 rules inserted. Base: 300184 rules (72715 with conclusion selected). Queue: 195281 rules.
402800 rules inserted. Base: 300350 rules (72733 with conclusion selected). Queue: 195323 rules.
403000 rules inserted. Base: 300514 rules (72748 with conclusion selected). Queue: 195361 rules.
403200 rules inserted. Base: 300680 rules (72766 with conclusion selected). Queue: 195403 rules.
403400 rules inserted. Base: 300846 rules (72784 with conclusion selected). Queue: 195445 rules.
403600 rules inserted. Base: 301012 rules (72799 with conclusion selected). Queue: 195477 rules.
403800 rules inserted. Base: 301178 rules (72817 with conclusion selected). Queue: 195519 rules.
404000 rules inserted. Base: 301344 rules (72835 with conclusion selected). Queue: 195561 rules.
404200 rules inserted. Base: 301510 rules (72853 with conclusion selected). Queue: 195603 rules.
404400 rules inserted. Base: 301674 rules (72868 with conclusion selected). Queue: 195641 rules.
404600 rules inserted. Base: 301840 rules (72886 with conclusion selected). Queue: 195683 rules.
404800 rules inserted. Base: 302006 rules (72904 with conclusion selected). Queue: 195725 rules.
405000 rules inserted. Base: 302172 rules (72919 with conclusion selected). Queue: 195745 rules.
405200 rules inserted. Base: 302338 rules (72937 with conclusion selected). Queue: 195719 rules.
405400 rules inserted. Base: 302504 rules (72955 with conclusion selected). Queue: 195693 rules.
405600 rules inserted. Base: 302670 rules (72973 with conclusion selected). Queue: 195667 rules.
405800 rules inserted. Base: 302834 rules (72988 with conclusion selected). Queue: 195634 rules.
406000 rules inserted. Base: 303000 rules (73006 with conclusion selected). Queue: 195608 rules.
406200 rules inserted. Base: 303166 rules (73024 with conclusion selected). Queue: 195582 rules.
406400 rules inserted. Base: 303332 rules (73039 with conclusion selected). Queue: 195545 rules.
406600 rules inserted. Base: 303498 rules (73057 with conclusion selected). Queue: 195519 rules.
406800 rules inserted. Base: 303664 rules (73075 with conclusion selected). Queue: 195493 rules.
407000 rules inserted. Base: 303830 rules (73093 with conclusion selected). Queue: 195467 rules.
407200 rules inserted. Base: 303994 rules (73108 with conclusion selected). Queue: 195434 rules.
407400 rules inserted. Base: 304160 rules (73126 with conclusion selected). Queue: 195408 rules.
407600 rules inserted. Base: 304326 rules (73144 with conclusion selected). Queue: 195421 rules.
407800 rules inserted. Base: 304492 rules (73159 with conclusion selected). Queue: 195453 rules.
408000 rules inserted. Base: 304658 rules (73177 with conclusion selected). Queue: 195495 rules.
408200 rules inserted. Base: 304824 rules (73195 with conclusion selected). Queue: 195537 rules.
408400 rules inserted. Base: 304990 rules (73213 with conclusion selected). Queue: 195579 rules.
408600 rules inserted. Base: 305154 rules (73228 with conclusion selected). Queue: 195617 rules.
408800 rules inserted. Base: 305320 rules (73246 with conclusion selected). Queue: 195659 rules.
409000 rules inserted. Base: 305486 rules (73264 with conclusion selected). Queue: 195701 rules.
409200 rules inserted. Base: 305652 rules (73279 with conclusion selected). Queue: 195673 rules.
409400 rules inserted. Base: 305818 rules (73297 with conclusion selected). Queue: 195579 rules.
409600 rules inserted. Base: 305984 rules (73315 with conclusion selected). Queue: 195489 rules.
409800 rules inserted. Base: 306150 rules (73333 with conclusion selected). Queue: 195391 rules.
410000 rules inserted. Base: 306314 rules (73348 with conclusion selected). Queue: 195357 rules.
410200 rules inserted. Base: 306480 rules (73366 with conclusion selected). Queue: 195265 rules.
410400 rules inserted. Base: 306646 rules (73384 with conclusion selected). Queue: 195180 rules.
410600 rules inserted. Base: 306812 rules (73399 with conclusion selected). Queue: 195113 rules.
410800 rules inserted. Base: 306978 rules (73417 with conclusion selected). Queue: 195043 rules.
411000 rules inserted. Base: 307144 rules (73435 with conclusion selected). Queue: 194969 rules.
411200 rules inserted. Base: 307310 rules (73453 with conclusion selected). Queue: 194819 rules.
411400 rules inserted. Base: 307474 rules (73468 with conclusion selected). Queue: 194715 rules.
411600 rules inserted. Base: 307640 rules (73486 with conclusion selected). Queue: 194628 rules.
411800 rules inserted. Base: 307806 rules (73504 with conclusion selected). Queue: 194527 rules.
412000 rules inserted. Base: 307972 rules (73519 with conclusion selected). Queue: 194493 rules.
412200 rules inserted. Base: 308138 rules (73537 with conclusion selected). Queue: 194399 rules.
412400 rules inserted. Base: 308304 rules (73555 with conclusion selected). Queue: 194313 rules.
412600 rules inserted. Base: 308470 rules (73573 with conclusion selected). Queue: 194259 rules.
412800 rules inserted. Base: 308634 rules (73588 with conclusion selected). Queue: 194179 rules.
413000 rules inserted. Base: 308800 rules (73606 with conclusion selected). Queue: 194102 rules.
413200 rules inserted. Base: 308966 rules (73624 with conclusion selected). Queue: 193991 rules.
413400 rules inserted. Base: 309132 rules (73639 with conclusion selected). Queue: 193945 rules.
413600 rules inserted. Base: 309298 rules (73657 with conclusion selected). Queue: 193843 rules.
413800 rules inserted. Base: 309464 rules (73675 with conclusion selected). Queue: 193769 rules.
414000 rules inserted. Base: 309630 rules (73693 with conclusion selected). Queue: 193747 rules.
414200 rules inserted. Base: 309794 rules (73708 with conclusion selected). Queue: 193607 rules.
414400 rules inserted. Base: 309960 rules (73726 with conclusion selected). Queue: 193575 rules.
414600 rules inserted. Base: 310126 rules (73744 with conclusion selected). Queue: 193455 rules.
414800 rules inserted. Base: 310292 rules (73759 with conclusion selected). Queue: 193397 rules.
415000 rules inserted. Base: 310458 rules (73777 with conclusion selected). Queue: 193331 rules.
415200 rules inserted. Base: 310624 rules (73795 with conclusion selected). Queue: 193233 rules.
415400 rules inserted. Base: 310790 rules (73813 with conclusion selected). Queue: 193163 rules.
415600 rules inserted. Base: 310954 rules (73828 with conclusion selected). Queue: 193096 rules.
415800 rules inserted. Base: 311120 rules (73846 with conclusion selected). Queue: 193049 rules.
416000 rules inserted. Base: 311286 rules (73864 with conclusion selected). Queue: 192925 rules.
416200 rules inserted. Base: 311452 rules (73879 with conclusion selected). Queue: 192885 rules.
416400 rules inserted. Base: 311618 rules (73897 with conclusion selected). Queue: 192755 rules.
416600 rules inserted. Base: 311784 rules (73915 with conclusion selected). Queue: 192733 rules.
416800 rules inserted. Base: 311950 rules (73933 with conclusion selected). Queue: 192651 rules.
417000 rules inserted. Base: 312114 rules (73948 with conclusion selected). Queue: 192548 rules.
417200 rules inserted. Base: 312280 rules (73966 with conclusion selected). Queue: 192513 rules.
417400 rules inserted. Base: 312446 rules (73984 with conclusion selected). Queue: 192413 rules.
417600 rules inserted. Base: 312612 rules (73999 with conclusion selected). Queue: 192445 rules.
417800 rules inserted. Base: 312778 rules (74017 with conclusion selected). Queue: 192487 rules.
418000 rules inserted. Base: 312944 rules (74035 with conclusion selected). Queue: 192529 rules.
418200 rules inserted. Base: 313110 rules (74053 with conclusion selected). Queue: 192571 rules.
418400 rules inserted. Base: 313274 rules (74068 with conclusion selected). Queue: 192609 rules.
418600 rules inserted. Base: 313440 rules (74086 with conclusion selected). Queue: 192651 rules.
418800 rules inserted. Base: 313606 rules (74104 with conclusion selected). Queue: 192693 rules.
419000 rules inserted. Base: 313772 rules (74119 with conclusion selected). Queue: 192725 rules.
419200 rules inserted. Base: 313938 rules (74137 with conclusion selected). Queue: 192587 rules.
419400 rules inserted. Base: 314104 rules (74155 with conclusion selected). Queue: 192525 rules.
419600 rules inserted. Base: 314270 rules (74173 with conclusion selected). Queue: 192455 rules.
419800 rules inserted. Base: 314434 rules (74188 with conclusion selected). Queue: 192349 rules.
420000 rules inserted. Base: 314600 rules (74206 with conclusion selected). Queue: 192305 rules.
420200 rules inserted. Base: 314766 rules (74224 with conclusion selected). Queue: 192244 rules.
420400 rules inserted. Base: 314932 rules (74239 with conclusion selected). Queue: 192105 rules.
420600 rules inserted. Base: 315098 rules (74257 with conclusion selected). Queue: 192083 rules.
420800 rules inserted. Base: 315264 rules (74275 with conclusion selected). Queue: 192017 rules.
421000 rules inserted. Base: 315430 rules (74293 with conclusion selected). Queue: 191895 rules.
421200 rules inserted. Base: 315594 rules (74308 with conclusion selected). Queue: 191729 rules.
421400 rules inserted. Base: 315760 rules (74326 with conclusion selected). Queue: 191661 rules.
421600 rules inserted. Base: 315926 rules (74344 with conclusion selected). Queue: 191588 rules.
421800 rules inserted. Base: 316092 rules (74359 with conclusion selected). Queue: 191485 rules.
422000 rules inserted. Base: 316258 rules (74377 with conclusion selected). Queue: 191439 rules.
422200 rules inserted. Base: 316424 rules (74395 with conclusion selected). Queue: 191377 rules.
422400 rules inserted. Base: 316590 rules (74413 with conclusion selected). Queue: 191251 rules.
422600 rules inserted. Base: 316754 rules (74428 with conclusion selected). Queue: 191219 rules.
422800 rules inserted. Base: 316920 rules (74446 with conclusion selected). Queue: 191156 rules.
423000 rules inserted. Base: 317086 rules (74464 with conclusion selected). Queue: 191031 rules.
423200 rules inserted. Base: 317252 rules (74479 with conclusion selected). Queue: 190973 rules.
423400 rules inserted. Base: 317418 rules (74497 with conclusion selected). Queue: 190867 rules.
423600 rules inserted. Base: 317584 rules (74515 with conclusion selected). Queue: 190829 rules.
423800 rules inserted. Base: 317750 rules (74533 with conclusion selected). Queue: 190739 rules.
424000 rules inserted. Base: 317914 rules (74548 with conclusion selected). Queue: 190647 rules.
424200 rules inserted. Base: 318080 rules (74566 with conclusion selected). Queue: 190567 rules.
424400 rules inserted. Base: 318246 rules (74584 with conclusion selected). Queue: 190495 rules.
424600 rules inserted. Base: 318412 rules (74599 with conclusion selected). Queue: 190461 rules.
424800 rules inserted. Base: 318578 rules (74617 with conclusion selected). Queue: 190331 rules.
425000 rules inserted. Base: 318744 rules (74635 with conclusion selected). Queue: 190281 rules.
425200 rules inserted. Base: 318910 rules (74653 with conclusion selected). Queue: 190179 rules.
425400 rules inserted. Base: 319074 rules (74668 with conclusion selected). Queue: 190147 rules.
425600 rules inserted. Base: 319240 rules (74686 with conclusion selected). Queue: 190055 rules.
425800 rules inserted. Base: 319406 rules (74704 with conclusion selected). Queue: 189980 rules.
426000 rules inserted. Base: 319572 rules (74719 with conclusion selected). Queue: 189925 rules.
426200 rules inserted. Base: 319738 rules (74737 with conclusion selected). Queue: 189795 rules.
426400 rules inserted. Base: 319904 rules (74755 with conclusion selected). Queue: 189773 rules.
426600 rules inserted. Base: 320070 rules (74773 with conclusion selected). Queue: 189643 rules.
426800 rules inserted. Base: 320234 rules (74788 with conclusion selected). Queue: 189611 rules.
427000 rules inserted. Base: 320400 rules (74806 with conclusion selected). Queue: 189543 rules.
427200 rules inserted. Base: 320566 rules (74824 with conclusion selected). Queue: 189432 rules.
427400 rules inserted. Base: 320732 rules (74839 with conclusion selected). Queue: 189437 rules.
427600 rules inserted. Base: 320898 rules (74857 with conclusion selected). Queue: 189479 rules.
427800 rules inserted. Base: 321064 rules (74875 with conclusion selected). Queue: 189521 rules.
428000 rules inserted. Base: 321230 rules (74893 with conclusion selected). Queue: 189563 rules.
428200 rules inserted. Base: 321394 rules (74908 with conclusion selected). Queue: 189601 rules.
428400 rules inserted. Base: 321560 rules (74926 with conclusion selected). Queue: 189643 rules.
428600 rules inserted. Base: 321726 rules (74944 with conclusion selected). Queue: 189685 rules.
428800 rules inserted. Base: 321892 rules (74959 with conclusion selected). Queue: 189717 rules.
429000 rules inserted. Base: 322058 rules (74977 with conclusion selected). Queue: 189599 rules.
429200 rules inserted. Base: 322224 rules (74995 with conclusion selected). Queue: 189565 rules.
429400 rules inserted. Base: 322390 rules (75013 with conclusion selected). Queue: 189495 rules.
429600 rules inserted. Base: 322554 rules (75028 with conclusion selected). Queue: 189367 rules.
429800 rules inserted. Base: 322720 rules (75046 with conclusion selected). Queue: 189345 rules.
430000 rules inserted. Base: 322886 rules (75064 with conclusion selected). Queue: 189266 rules.
430200 rules inserted. Base: 323052 rules (75079 with conclusion selected). Queue: 189145 rules.
430400 rules inserted. Base: 323218 rules (75097 with conclusion selected). Queue: 189123 rules.
430600 rules inserted. Base: 323384 rules (75115 with conclusion selected). Queue: 189033 rules.
430800 rules inserted. Base: 323550 rules (75133 with conclusion selected). Queue: 188935 rules.
431000 rules inserted. Base: 323714 rules (75148 with conclusion selected). Queue: 188726 rules.
431200 rules inserted. Base: 323880 rules (75166 with conclusion selected). Queue: 188701 rules.
431400 rules inserted. Base: 324046 rules (75184 with conclusion selected). Queue: 188634 rules.
431600 rules inserted. Base: 324212 rules (75199 with conclusion selected). Queue: 188501 rules.
431800 rules inserted. Base: 324378 rules (75217 with conclusion selected). Queue: 188479 rules.
432000 rules inserted. Base: 324544 rules (75235 with conclusion selected). Queue: 188401 rules.
432200 rules inserted. Base: 324710 rules (75253 with conclusion selected). Queue: 188291 rules.
432400 rules inserted. Base: 324874 rules (75268 with conclusion selected). Queue: 188259 rules.
432600 rules inserted. Base: 325040 rules (75286 with conclusion selected). Queue: 188172 rules.
432800 rules inserted. Base: 325206 rules (75304 with conclusion selected). Queue: 188071 rules.
433000 rules inserted. Base: 325372 rules (75319 with conclusion selected). Queue: 187965 rules.
433200 rules inserted. Base: 325538 rules (75337 with conclusion selected). Queue: 187911 rules.
433400 rules inserted. Base: 325704 rules (75355 with conclusion selected). Queue: 187869 rules.
433600 rules inserted. Base: 325870 rules (75373 with conclusion selected). Queue: 187755 rules.
433800 rules inserted. Base: 326034 rules (75388 with conclusion selected). Queue: 187700 rules.
434000 rules inserted. Base: 326200 rules (75406 with conclusion selected). Queue: 187593 rules.
434200 rules inserted. Base: 326366 rules (75424 with conclusion selected). Queue: 187556 rules.
434400 rules inserted. Base: 326532 rules (75439 with conclusion selected). Queue: 187453 rules.
434600 rules inserted. Base: 326698 rules (75457 with conclusion selected). Queue: 187371 rules.
434800 rules inserted. Base: 326864 rules (75475 with conclusion selected). Queue: 187345 rules.
435000 rules inserted. Base: 327030 rules (75493 with conclusion selected). Queue: 187219 rules.
435200 rules inserted. Base: 327194 rules (75508 with conclusion selected). Queue: 187185 rules.
435400 rules inserted. Base: 327360 rules (75526 with conclusion selected). Queue: 187062 rules.
435600 rules inserted. Base: 327526 rules (75544 with conclusion selected). Queue: 187035 rules.
435800 rules inserted. Base: 327692 rules (75559 with conclusion selected). Queue: 186941 rules.
436000 rules inserted. Base: 327858 rules (75577 with conclusion selected). Queue: 186851 rules.
436200 rules inserted. Base: 328024 rules (75595 with conclusion selected). Queue: 186773 rules.
436400 rules inserted. Base: 328190 rules (75613 with conclusion selected). Queue: 186707 rules.
436600 rules inserted. Base: 328354 rules (75628 with conclusion selected). Queue: 186651 rules.
436800 rules inserted. Base: 328520 rules (75646 with conclusion selected). Queue: 186535 rules.
437000 rules inserted. Base: 328686 rules (75664 with conclusion selected). Queue: 186496 rules.
437200 rules inserted. Base: 328862 rules (75718 with conclusion selected). Queue: 186586 rules.
437400 rules inserted. Base: 329040 rules (75785 with conclusion selected). Queue: 186797 rules.
437600 rules inserted. Base: 329205 rules (75802 with conclusion selected). Queue: 186768 rules.
437800 rules inserted. Base: 329371 rules (75820 with conclusion selected). Queue: 186742 rules.
438000 rules inserted. Base: 329537 rules (75838 with conclusion selected). Queue: 186716 rules.
438200 rules inserted. Base: 329702 rules (75853 with conclusion selected). Queue: 186683 rules.
438400 rules inserted. Base: 329868 rules (75871 with conclusion selected). Queue: 186657 rules.
438600 rules inserted. Base: 330034 rules (75889 with conclusion selected). Queue: 186631 rules.
438800 rules inserted. Base: 330200 rules (75905 with conclusion selected). Queue: 186597 rules.
439000 rules inserted. Base: 330365 rules (75922 with conclusion selected). Queue: 186568 rules.
439200 rules inserted. Base: 330531 rules (75940 with conclusion selected). Queue: 186542 rules.
439400 rules inserted. Base: 330697 rules (75958 with conclusion selected). Queue: 186516 rules.
439600 rules inserted. Base: 330862 rules (75973 with conclusion selected). Queue: 186483 rules.
439800 rules inserted. Base: 331028 rules (75991 with conclusion selected). Queue: 186457 rules.
440000 rules inserted. Base: 331194 rules (76009 with conclusion selected). Queue: 186431 rules.
440200 rules inserted. Base: 331360 rules (76025 with conclusion selected). Queue: 186397 rules.
440400 rules inserted. Base: 331525 rules (76042 with conclusion selected). Queue: 186368 rules.
440600 rules inserted. Base: 331691 rules (76060 with conclusion selected). Queue: 186342 rules.
440800 rules inserted. Base: 331857 rules (76078 with conclusion selected). Queue: 186316 rules.
441000 rules inserted. Base: 332022 rules (76093 with conclusion selected). Queue: 186283 rules.
441200 rules inserted. Base: 332188 rules (76111 with conclusion selected). Queue: 186257 rules.
441400 rules inserted. Base: 332354 rules (76129 with conclusion selected). Queue: 186231 rules.
441600 rules inserted. Base: 332520 rules (76145 with conclusion selected). Queue: 186197 rules.
441800 rules inserted. Base: 332685 rules (76162 with conclusion selected). Queue: 186168 rules.
442000 rules inserted. Base: 332851 rules (76180 with conclusion selected). Queue: 186142 rules.
442200 rules inserted. Base: 333017 rules (76198 with conclusion selected). Queue: 186116 rules.
442400 rules inserted. Base: 333185 rules (76224 with conclusion selected). Queue: 186136 rules.
442600 rules inserted. Base: 333370 rules (76318 with conclusion selected). Queue: 186481 rules.
442800 rules inserted. Base: 333536 rules (76336 with conclusion selected). Queue: 186457 rules.
443000 rules inserted. Base: 333702 rules (76354 with conclusion selected). Queue: 186431 rules.
443200 rules inserted. Base: 333868 rules (76371 with conclusion selected). Queue: 186401 rules.
443400 rules inserted. Base: 334032 rules (76387 with conclusion selected). Queue: 186369 rules.
443600 rules inserted. Base: 334198 rules (76405 with conclusion selected). Queue: 186343 rules.
443800 rules inserted. Base: 334364 rules (76423 with conclusion selected). Queue: 186317 rules.
444000 rules inserted. Base: 334530 rules (76438 with conclusion selected). Queue: 186283 rules.
444200 rules inserted. Base: 334696 rules (76456 with conclusion selected). Queue: 186257 rules.
444400 rules inserted. Base: 334862 rules (76474 with conclusion selected). Queue: 186231 rules.
444600 rules inserted. Base: 335028 rules (76491 with conclusion selected). Queue: 186201 rules.
444800 rules inserted. Base: 335192 rules (76507 with conclusion selected). Queue: 186169 rules.
445000 rules inserted. Base: 335358 rules (76525 with conclusion selected). Queue: 186143 rules.
445200 rules inserted. Base: 335524 rules (76543 with conclusion selected). Queue: 186117 rules.
445400 rules inserted. Base: 335690 rules (76558 with conclusion selected). Queue: 186083 rules.
445600 rules inserted. Base: 335856 rules (76576 with conclusion selected). Queue: 186057 rules.
445800 rules inserted. Base: 336022 rules (76594 with conclusion selected). Queue: 186031 rules.
446000 rules inserted. Base: 336188 rules (76611 with conclusion selected). Queue: 186001 rules.
446200 rules inserted. Base: 336352 rules (76627 with conclusion selected). Queue: 185969 rules.
446400 rules inserted. Base: 336518 rules (76645 with conclusion selected). Queue: 185943 rules.
446600 rules inserted. Base: 336684 rules (76663 with conclusion selected). Queue: 185917 rules.
446800 rules inserted. Base: 336850 rules (76678 with conclusion selected). Queue: 185883 rules.
447000 rules inserted. Base: 337016 rules (76696 with conclusion selected). Queue: 185857 rules.
447200 rules inserted. Base: 337182 rules (76714 with conclusion selected). Queue: 185831 rules.
447400 rules inserted. Base: 337348 rules (76731 with conclusion selected). Queue: 185801 rules.
447600 rules inserted. Base: 337512 rules (76747 with conclusion selected). Queue: 185769 rules.
447800 rules inserted. Base: 337706 rules (76750 with conclusion selected). Queue: 185663 rules.
448000 rules inserted. Base: 337906 rules (76750 with conclusion selected). Queue: 185545 rules.
448200 rules inserted. Base: 338106 rules (76750 with conclusion selected). Queue: 185422 rules.
448400 rules inserted. Base: 338306 rules (76750 with conclusion selected). Queue: 185303 rules.
448600 rules inserted. Base: 338506 rules (76750 with conclusion selected). Queue: 185185 rules.
448800 rules inserted. Base: 338706 rules (76750 with conclusion selected). Queue: 185062 rules.
449000 rules inserted. Base: 338906 rules (76750 with conclusion selected). Queue: 184943 rules.
449200 rules inserted. Base: 339106 rules (76750 with conclusion selected). Queue: 184825 rules.
449400 rules inserted. Base: 339306 rules (76750 with conclusion selected). Queue: 184702 rules.
449600 rules inserted. Base: 339506 rules (76750 with conclusion selected). Queue: 184583 rules.
449800 rules inserted. Base: 339706 rules (76750 with conclusion selected). Queue: 184465 rules.
450000 rules inserted. Base: 339906 rules (76750 with conclusion selected). Queue: 184342 rules.
450200 rules inserted. Base: 340106 rules (76750 with conclusion selected). Queue: 184223 rules.
450400 rules inserted. Base: 340306 rules (76750 with conclusion selected). Queue: 184105 rules.
450600 rules inserted. Base: 340506 rules (76750 with conclusion selected). Queue: 183982 rules.
450800 rules inserted. Base: 340706 rules (76750 with conclusion selected). Queue: 183863 rules.
451000 rules inserted. Base: 340906 rules (76750 with conclusion selected). Queue: 183745 rules.
451200 rules inserted. Base: 341106 rules (76750 with conclusion selected). Queue: 183622 rules.
451400 rules inserted. Base: 341306 rules (76750 with conclusion selected). Queue: 183503 rules.
451600 rules inserted. Base: 341506 rules (76750 with conclusion selected). Queue: 183385 rules.
451800 rules inserted. Base: 341706 rules (76750 with conclusion selected). Queue: 183262 rules.
452000 rules inserted. Base: 341906 rules (76750 with conclusion selected). Queue: 183143 rules.
452200 rules inserted. Base: 342106 rules (76750 with conclusion selected). Queue: 183025 rules.
452400 rules inserted. Base: 342306 rules (76750 with conclusion selected). Queue: 182902 rules.
452600 rules inserted. Base: 342506 rules (76750 with conclusion selected). Queue: 182783 rules.
452800 rules inserted. Base: 342706 rules (76750 with conclusion selected). Queue: 182665 rules.
453000 rules inserted. Base: 342906 rules (76750 with conclusion selected). Queue: 182542 rules.
453200 rules inserted. Base: 343106 rules (76750 with conclusion selected). Queue: 182423 rules.
453400 rules inserted. Base: 343306 rules (76750 with conclusion selected). Queue: 182305 rules.
453600 rules inserted. Base: 343506 rules (76750 with conclusion selected). Queue: 182182 rules.
453800 rules inserted. Base: 343706 rules (76750 with conclusion selected). Queue: 182063 rules.
454000 rules inserted. Base: 343906 rules (76750 with conclusion selected). Queue: 181945 rules.
454200 rules inserted. Base: 344106 rules (76750 with conclusion selected). Queue: 181822 rules.
454400 rules inserted. Base: 344306 rules (76750 with conclusion selected). Queue: 181703 rules.
454600 rules inserted. Base: 344506 rules (76750 with conclusion selected). Queue: 181585 rules.
454800 rules inserted. Base: 344706 rules (76750 with conclusion selected). Queue: 181462 rules.
455000 rules inserted. Base: 344906 rules (76750 with conclusion selected). Queue: 181343 rules.
455200 rules inserted. Base: 345106 rules (76750 with conclusion selected). Queue: 181225 rules.
455400 rules inserted. Base: 345306 rules (76750 with conclusion selected). Queue: 181102 rules.
455600 rules inserted. Base: 345506 rules (76750 with conclusion selected). Queue: 180983 rules.
455800 rules inserted. Base: 345706 rules (76750 with conclusion selected). Queue: 180865 rules.
456000 rules inserted. Base: 345906 rules (76750 with conclusion selected). Queue: 180742 rules.
456200 rules inserted. Base: 346106 rules (76750 with conclusion selected). Queue: 180623 rules.
456400 rules inserted. Base: 346306 rules (76750 with conclusion selected). Queue: 180505 rules.
456600 rules inserted. Base: 346506 rules (76750 with conclusion selected). Queue: 180382 rules.
456800 rules inserted. Base: 346706 rules (76750 with conclusion selected). Queue: 180263 rules.
457000 rules inserted. Base: 346906 rules (76750 with conclusion selected). Queue: 180145 rules.
457200 rules inserted. Base: 347106 rules (76750 with conclusion selected). Queue: 180022 rules.
457400 rules inserted. Base: 347306 rules (76750 with conclusion selected). Queue: 179903 rules.
457600 rules inserted. Base: 347506 rules (76750 with conclusion selected). Queue: 179785 rules.
457800 rules inserted. Base: 347706 rules (76750 with conclusion selected). Queue: 179662 rules.
458000 rules inserted. Base: 347906 rules (76750 with conclusion selected). Queue: 179543 rules.
458200 rules inserted. Base: 348106 rules (76750 with conclusion selected). Queue: 179425 rules.
458400 rules inserted. Base: 348306 rules (76750 with conclusion selected). Queue: 179302 rules.
458600 rules inserted. Base: 348506 rules (76750 with conclusion selected). Queue: 179183 rules.
458800 rules inserted. Base: 348706 rules (76750 with conclusion selected). Queue: 179065 rules.
459000 rules inserted. Base: 348906 rules (76750 with conclusion selected). Queue: 178942 rules.
459200 rules inserted. Base: 349106 rules (76750 with conclusion selected). Queue: 178823 rules.
459400 rules inserted. Base: 349306 rules (76750 with conclusion selected). Queue: 178705 rules.
459600 rules inserted. Base: 349506 rules (76750 with conclusion selected). Queue: 178582 rules.
459800 rules inserted. Base: 349706 rules (76750 with conclusion selected). Queue: 178463 rules.
460000 rules inserted. Base: 349906 rules (76750 with conclusion selected). Queue: 178345 rules.
460200 rules inserted. Base: 350106 rules (76750 with conclusion selected). Queue: 178222 rules.
460400 rules inserted. Base: 350306 rules (76750 with conclusion selected). Queue: 178103 rules.
460600 rules inserted. Base: 350506 rules (76750 with conclusion selected). Queue: 177985 rules.
460800 rules inserted. Base: 350706 rules (76750 with conclusion selected). Queue: 177862 rules.
461000 rules inserted. Base: 350906 rules (76750 with conclusion selected). Queue: 177743 rules.
461200 rules inserted. Base: 351106 rules (76750 with conclusion selected). Queue: 177625 rules.
461400 rules inserted. Base: 351306 rules (76750 with conclusion selected). Queue: 177502 rules.
461600 rules inserted. Base: 351506 rules (76750 with conclusion selected). Queue: 177383 rules.
461800 rules inserted. Base: 351706 rules (76750 with conclusion selected). Queue: 177265 rules.
462000 rules inserted. Base: 351906 rules (76750 with conclusion selected). Queue: 177142 rules.
462200 rules inserted. Base: 352106 rules (76750 with conclusion selected). Queue: 177023 rules.
462400 rules inserted. Base: 352306 rules (76750 with conclusion selected). Queue: 176905 rules.
462600 rules inserted. Base: 352506 rules (76750 with conclusion selected). Queue: 176782 rules.
462800 rules inserted. Base: 352706 rules (76750 with conclusion selected). Queue: 176663 rules.
463000 rules inserted. Base: 352906 rules (76750 with conclusion selected). Queue: 176545 rules.
463200 rules inserted. Base: 353106 rules (76750 with conclusion selected). Queue: 176422 rules.
463400 rules inserted. Base: 353306 rules (76750 with conclusion selected). Queue: 176303 rules.
463600 rules inserted. Base: 353506 rules (76750 with conclusion selected). Queue: 176185 rules.
463800 rules inserted. Base: 353706 rules (76750 with conclusion selected). Queue: 176062 rules.
464000 rules inserted. Base: 353906 rules (76750 with conclusion selected). Queue: 175943 rules.
464200 rules inserted. Base: 354106 rules (76750 with conclusion selected). Queue: 175825 rules.
464400 rules inserted. Base: 354306 rules (76750 with conclusion selected). Queue: 175702 rules.
464600 rules inserted. Base: 354506 rules (76750 with conclusion selected). Queue: 175583 rules.
464800 rules inserted. Base: 354706 rules (76750 with conclusion selected). Queue: 175465 rules.
465000 rules inserted. Base: 354906 rules (76750 with conclusion selected). Queue: 175342 rules.
465200 rules inserted. Base: 355106 rules (76750 with conclusion selected). Queue: 175223 rules.
465400 rules inserted. Base: 355306 rules (76750 with conclusion selected). Queue: 175105 rules.
465600 rules inserted. Base: 355506 rules (76750 with conclusion selected). Queue: 174982 rules.
465800 rules inserted. Base: 355706 rules (76750 with conclusion selected). Queue: 174863 rules.
466000 rules inserted. Base: 355906 rules (76750 with conclusion selected). Queue: 174745 rules.
466200 rules inserted. Base: 356106 rules (76750 with conclusion selected). Queue: 174622 rules.
466400 rules inserted. Base: 356306 rules (76750 with conclusion selected). Queue: 174503 rules.
466600 rules inserted. Base: 356506 rules (76750 with conclusion selected). Queue: 174385 rules.
466800 rules inserted. Base: 356706 rules (76750 with conclusion selected). Queue: 174262 rules.
467000 rules inserted. Base: 356906 rules (76750 with conclusion selected). Queue: 174143 rules.
467200 rules inserted. Base: 357106 rules (76750 with conclusion selected). Queue: 174025 rules.
467400 rules inserted. Base: 357306 rules (76750 with conclusion selected). Queue: 173902 rules.
467600 rules inserted. Base: 357506 rules (76750 with conclusion selected). Queue: 173783 rules.
467800 rules inserted. Base: 357706 rules (76750 with conclusion selected). Queue: 173665 rules.
468000 rules inserted. Base: 357906 rules (76750 with conclusion selected). Queue: 173542 rules.
468200 rules inserted. Base: 358106 rules (76750 with conclusion selected). Queue: 173423 rules.
468400 rules inserted. Base: 358306 rules (76750 with conclusion selected). Queue: 173305 rules.
468600 rules inserted. Base: 358506 rules (76750 with conclusion selected). Queue: 173182 rules.
468800 rules inserted. Base: 358688 rules (76759 with conclusion selected). Queue: 173113 rules.
469000 rules inserted. Base: 358854 rules (76777 with conclusion selected). Queue: 173087 rules.
469200 rules inserted. Base: 359020 rules (76795 with conclusion selected). Queue: 173061 rules.
469400 rules inserted. Base: 359198 rules (76804 with conclusion selected). Queue: 172991 rules.
469600 rules inserted. Base: 359398 rules (76804 with conclusion selected). Queue: 172873 rules.
469800 rules inserted. Base: 359598 rules (76804 with conclusion selected). Queue: 172750 rules.
470000 rules inserted. Base: 359798 rules (76804 with conclusion selected). Queue: 172631 rules.
470200 rules inserted. Base: 359998 rules (76804 with conclusion selected). Queue: 172513 rules.
470400 rules inserted. Base: 360198 rules (76804 with conclusion selected). Queue: 172390 rules.
470600 rules inserted. Base: 360398 rules (76804 with conclusion selected). Queue: 172271 rules.
470800 rules inserted. Base: 360598 rules (76804 with conclusion selected). Queue: 172153 rules.
471000 rules inserted. Base: 360798 rules (76804 with conclusion selected). Queue: 172030 rules.
471200 rules inserted. Base: 360998 rules (76804 with conclusion selected). Queue: 171911 rules.
471400 rules inserted. Base: 361198 rules (76804 with conclusion selected). Queue: 171793 rules.
471600 rules inserted. Base: 361380 rules (76815 with conclusion selected). Queue: 171729 rules.
471800 rules inserted. Base: 361544 rules (76831 with conclusion selected). Queue: 171697 rules.
472000 rules inserted. Base: 361710 rules (76849 with conclusion selected). Queue: 171671 rules.
472200 rules inserted. Base: 361890 rules (76858 with conclusion selected). Queue: 171598 rules.
472400 rules inserted. Base: 362090 rules (76858 with conclusion selected). Queue: 171479 rules.
472600 rules inserted. Base: 362290 rules (76858 with conclusion selected). Queue: 171361 rules.
472800 rules inserted. Base: 362490 rules (76858 with conclusion selected). Queue: 171238 rules.
473000 rules inserted. Base: 362690 rules (76858 with conclusion selected). Queue: 171119 rules.
473200 rules inserted. Base: 362890 rules (76858 with conclusion selected). Queue: 171001 rules.
473400 rules inserted. Base: 363090 rules (76858 with conclusion selected). Queue: 170878 rules.
473600 rules inserted. Base: 363290 rules (76858 with conclusion selected). Queue: 170759 rules.
473800 rules inserted. Base: 363490 rules (76858 with conclusion selected). Queue: 170641 rules.
474000 rules inserted. Base: 363690 rules (76858 with conclusion selected). Queue: 170518 rules.
474200 rules inserted. Base: 363890 rules (76858 with conclusion selected). Queue: 170399 rules.
474400 rules inserted. Base: 364090 rules (76858 with conclusion selected). Queue: 170281 rules.
474600 rules inserted. Base: 364290 rules (76858 with conclusion selected). Queue: 170158 rules.
474800 rules inserted. Base: 364490 rules (76858 with conclusion selected). Queue: 170039 rules.
475000 rules inserted. Base: 364690 rules (76858 with conclusion selected). Queue: 169921 rules.
475200 rules inserted. Base: 364890 rules (76858 with conclusion selected). Queue: 169798 rules.
475400 rules inserted. Base: 365090 rules (76858 with conclusion selected). Queue: 169679 rules.
475600 rules inserted. Base: 365290 rules (76858 with conclusion selected). Queue: 169561 rules.
475800 rules inserted. Base: 365490 rules (76858 with conclusion selected). Queue: 169438 rules.
476000 rules inserted. Base: 365690 rules (76858 with conclusion selected). Queue: 169319 rules.
476200 rules inserted. Base: 365890 rules (76858 with conclusion selected). Queue: 169201 rules.
476400 rules inserted. Base: 366090 rules (76858 with conclusion selected). Queue: 169078 rules.
476600 rules inserted. Base: 366290 rules (76858 with conclusion selected). Queue: 168959 rules.
476800 rules inserted. Base: 366490 rules (76858 with conclusion selected). Queue: 168841 rules.
477000 rules inserted. Base: 366690 rules (76858 with conclusion selected). Queue: 168718 rules.
477200 rules inserted. Base: 366890 rules (76858 with conclusion selected). Queue: 168599 rules.
477400 rules inserted. Base: 367090 rules (76858 with conclusion selected). Queue: 168481 rules.
477600 rules inserted. Base: 367290 rules (76858 with conclusion selected). Queue: 168358 rules.
477800 rules inserted. Base: 367490 rules (76858 with conclusion selected). Queue: 168239 rules.
478000 rules inserted. Base: 367690 rules (76858 with conclusion selected). Queue: 168121 rules.
478200 rules inserted. Base: 367890 rules (76858 with conclusion selected). Queue: 167998 rules.
478400 rules inserted. Base: 368090 rules (76858 with conclusion selected). Queue: 167879 rules.
478600 rules inserted. Base: 368290 rules (76858 with conclusion selected). Queue: 167761 rules.
478800 rules inserted. Base: 368490 rules (76858 with conclusion selected). Queue: 167638 rules.
479000 rules inserted. Base: 368690 rules (76858 with conclusion selected). Queue: 167519 rules.
479200 rules inserted. Base: 368890 rules (76858 with conclusion selected). Queue: 167401 rules.
479400 rules inserted. Base: 369090 rules (76858 with conclusion selected). Queue: 167278 rules.
479600 rules inserted. Base: 369290 rules (76858 with conclusion selected). Queue: 167159 rules.
479800 rules inserted. Base: 369490 rules (76858 with conclusion selected). Queue: 167041 rules.
480000 rules inserted. Base: 369690 rules (76858 with conclusion selected). Queue: 166918 rules.
480200 rules inserted. Base: 369890 rules (76858 with conclusion selected). Queue: 166799 rules.
480400 rules inserted. Base: 370090 rules (76858 with conclusion selected). Queue: 166681 rules.
480600 rules inserted. Base: 370290 rules (76858 with conclusion selected). Queue: 166558 rules.
480800 rules inserted. Base: 370490 rules (76858 with conclusion selected). Queue: 166439 rules.
481000 rules inserted. Base: 370690 rules (76858 with conclusion selected). Queue: 166321 rules.
481200 rules inserted. Base: 370890 rules (76858 with conclusion selected). Queue: 166198 rules.
481400 rules inserted. Base: 371090 rules (76858 with conclusion selected). Queue: 166079 rules.
481600 rules inserted. Base: 371290 rules (76858 with conclusion selected). Queue: 165961 rules.
481800 rules inserted. Base: 371490 rules (76858 with conclusion selected). Queue: 165838 rules.
482000 rules inserted. Base: 371690 rules (76858 with conclusion selected). Queue: 165719 rules.
482200 rules inserted. Base: 371890 rules (76858 with conclusion selected). Queue: 165601 rules.
482400 rules inserted. Base: 372090 rules (76858 with conclusion selected). Queue: 165478 rules.
482600 rules inserted. Base: 372290 rules (76858 with conclusion selected). Queue: 165359 rules.
482800 rules inserted. Base: 372490 rules (76858 with conclusion selected). Queue: 165241 rules.
483000 rules inserted. Base: 372690 rules (76858 with conclusion selected). Queue: 165118 rules.
483200 rules inserted. Base: 372890 rules (76858 with conclusion selected). Queue: 164999 rules.
483400 rules inserted. Base: 373090 rules (76858 with conclusion selected). Queue: 164881 rules.
483600 rules inserted. Base: 373290 rules (76858 with conclusion selected). Queue: 164758 rules.
483800 rules inserted. Base: 373490 rules (76858 with conclusion selected). Queue: 164639 rules.
484000 rules inserted. Base: 373690 rules (76858 with conclusion selected). Queue: 164521 rules.
484200 rules inserted. Base: 373890 rules (76858 with conclusion selected). Queue: 164398 rules.
484400 rules inserted. Base: 374090 rules (76858 with conclusion selected). Queue: 164279 rules.
484600 rules inserted. Base: 374290 rules (76858 with conclusion selected). Queue: 164161 rules.
484800 rules inserted. Base: 374490 rules (76858 with conclusion selected). Queue: 164038 rules.
485000 rules inserted. Base: 374690 rules (76858 with conclusion selected). Queue: 163919 rules.
485200 rules inserted. Base: 374890 rules (76858 with conclusion selected). Queue: 163801 rules.
485400 rules inserted. Base: 375090 rules (76858 with conclusion selected). Queue: 163678 rules.
485600 rules inserted. Base: 375290 rules (76858 with conclusion selected). Queue: 163559 rules.
485800 rules inserted. Base: 375490 rules (76858 with conclusion selected). Queue: 163441 rules.
486000 rules inserted. Base: 375690 rules (76858 with conclusion selected). Queue: 163318 rules.
486200 rules inserted. Base: 375890 rules (76858 with conclusion selected). Queue: 163199 rules.
486400 rules inserted. Base: 376090 rules (76858 with conclusion selected). Queue: 163081 rules.
486600 rules inserted. Base: 376290 rules (76858 with conclusion selected). Queue: 162958 rules.
486800 rules inserted. Base: 376490 rules (76858 with conclusion selected). Queue: 162839 rules.
487000 rules inserted. Base: 376690 rules (76858 with conclusion selected). Queue: 162721 rules.
487200 rules inserted. Base: 376890 rules (76858 with conclusion selected). Queue: 162598 rules.
487400 rules inserted. Base: 377090 rules (76858 with conclusion selected). Queue: 162479 rules.
487600 rules inserted. Base: 377290 rules (76858 with conclusion selected). Queue: 162361 rules.
487800 rules inserted. Base: 377490 rules (76858 with conclusion selected). Queue: 162238 rules.
488000 rules inserted. Base: 377690 rules (76858 with conclusion selected). Queue: 162119 rules.
488200 rules inserted. Base: 377890 rules (76858 with conclusion selected). Queue: 162001 rules.
488400 rules inserted. Base: 378090 rules (76858 with conclusion selected). Queue: 161878 rules.
488600 rules inserted. Base: 378290 rules (76858 with conclusion selected). Queue: 161759 rules.
488800 rules inserted. Base: 378490 rules (76858 with conclusion selected). Queue: 161641 rules.
489000 rules inserted. Base: 378690 rules (76858 with conclusion selected). Queue: 161518 rules.
489200 rules inserted. Base: 378890 rules (76858 with conclusion selected). Queue: 161399 rules.
489400 rules inserted. Base: 379090 rules (76858 with conclusion selected). Queue: 161281 rules.
489600 rules inserted. Base: 379290 rules (76858 with conclusion selected). Queue: 161158 rules.
489800 rules inserted. Base: 379490 rules (76858 with conclusion selected). Queue: 161039 rules.
490000 rules inserted. Base: 379690 rules (76858 with conclusion selected). Queue: 160921 rules.
490200 rules inserted. Base: 379890 rules (76858 with conclusion selected). Queue: 160798 rules.
490400 rules inserted. Base: 380090 rules (76858 with conclusion selected). Queue: 160679 rules.
490600 rules inserted. Base: 380290 rules (76858 with conclusion selected). Queue: 160561 rules.
490800 rules inserted. Base: 380490 rules (76858 with conclusion selected). Queue: 160438 rules.
491000 rules inserted. Base: 380690 rules (76858 with conclusion selected). Queue: 160319 rules.
491200 rules inserted. Base: 380890 rules (76858 with conclusion selected). Queue: 160201 rules.
491400 rules inserted. Base: 381090 rules (76858 with conclusion selected). Queue: 160078 rules.
491600 rules inserted. Base: 381290 rules (76858 with conclusion selected). Queue: 159959 rules.
491800 rules inserted. Base: 381490 rules (76858 with conclusion selected). Queue: 159841 rules.
492000 rules inserted. Base: 381690 rules (76858 with conclusion selected). Queue: 159718 rules.
492200 rules inserted. Base: 381890 rules (76858 with conclusion selected). Queue: 159599 rules.
492400 rules inserted. Base: 382090 rules (76858 with conclusion selected). Queue: 159481 rules.
492600 rules inserted. Base: 382290 rules (76858 with conclusion selected). Queue: 159358 rules.
492800 rules inserted. Base: 382490 rules (76858 with conclusion selected). Queue: 159239 rules.
493000 rules inserted. Base: 382690 rules (76858 with conclusion selected). Queue: 159121 rules.
493200 rules inserted. Base: 382890 rules (76858 with conclusion selected). Queue: 158998 rules.
493400 rules inserted. Base: 383090 rules (76858 with conclusion selected). Queue: 158879 rules.
493600 rules inserted. Base: 383290 rules (76858 with conclusion selected). Queue: 158761 rules.
493800 rules inserted. Base: 383490 rules (76858 with conclusion selected). Queue: 158638 rules.
494000 rules inserted. Base: 383690 rules (76858 with conclusion selected). Queue: 158519 rules.
494200 rules inserted. Base: 383890 rules (76858 with conclusion selected). Queue: 158401 rules.
494400 rules inserted. Base: 384090 rules (76858 with conclusion selected). Queue: 158278 rules.
494600 rules inserted. Base: 384290 rules (76858 with conclusion selected). Queue: 158159 rules.
494800 rules inserted. Base: 384490 rules (76858 with conclusion selected). Queue: 158041 rules.
495000 rules inserted. Base: 384690 rules (76858 with conclusion selected). Queue: 157918 rules.
495200 rules inserted. Base: 384890 rules (76858 with conclusion selected). Queue: 157799 rules.
495400 rules inserted. Base: 385080 rules (76864 with conclusion selected). Queue: 157713 rules.
495600 rules inserted. Base: 385246 rules (76882 with conclusion selected). Queue: 157687 rules.
495800 rules inserted. Base: 385412 rules (76899 with conclusion selected). Queue: 157657 rules.
496000 rules inserted. Base: 385582 rules (76912 with conclusion selected). Queue: 157609 rules.
496200 rules inserted. Base: 385782 rules (76912 with conclusion selected). Queue: 157486 rules.
496400 rules inserted. Base: 385982 rules (76912 with conclusion selected). Queue: 157367 rules.
496600 rules inserted. Base: 386182 rules (76912 with conclusion selected). Queue: 157249 rules.
496800 rules inserted. Base: 386382 rules (76912 with conclusion selected). Queue: 157126 rules.
497000 rules inserted. Base: 386582 rules (76912 with conclusion selected). Queue: 157007 rules.
497200 rules inserted. Base: 386782 rules (76912 with conclusion selected). Queue: 156889 rules.
497400 rules inserted. Base: 386982 rules (76912 with conclusion selected). Queue: 156766 rules.
497600 rules inserted. Base: 387182 rules (76912 with conclusion selected). Queue: 156647 rules.
497800 rules inserted. Base: 387382 rules (76912 with conclusion selected). Queue: 156529 rules.
498000 rules inserted. Base: 387582 rules (76912 with conclusion selected). Queue: 156406 rules.
498200 rules inserted. Base: 387770 rules (76918 with conclusion selected). Queue: 156323 rules.
498400 rules inserted. Base: 387936 rules (76936 with conclusion selected). Queue: 156297 rules.
498600 rules inserted. Base: 388102 rules (76954 with conclusion selected). Queue: 156271 rules.
498800 rules inserted. Base: 388274 rules (76966 with conclusion selected). Queue: 156215 rules.
499000 rules inserted. Base: 388474 rules (76966 with conclusion selected). Queue: 156097 rules.
499200 rules inserted. Base: 388674 rules (76966 with conclusion selected). Queue: 155974 rules.
499400 rules inserted. Base: 388874 rules (76966 with conclusion selected). Queue: 155855 rules.
499600 rules inserted. Base: 389074 rules (76966 with conclusion selected). Queue: 155737 rules.
499800 rules inserted. Base: 389274 rules (76966 with conclusion selected). Queue: 155614 rules.
500000 rules inserted. Base: 389474 rules (76966 with conclusion selected). Queue: 155495 rules.
500200 rules inserted. Base: 389674 rules (76966 with conclusion selected). Queue: 155377 rules.
500400 rules inserted. Base: 389874 rules (76966 with conclusion selected). Queue: 155254 rules.
500600 rules inserted. Base: 390074 rules (76966 with conclusion selected). Queue: 155135 rules.
500800 rules inserted. Base: 390274 rules (76966 with conclusion selected). Queue: 155017 rules.
501000 rules inserted. Base: 390474 rules (76966 with conclusion selected). Queue: 154894 rules.
501200 rules inserted. Base: 390674 rules (76966 with conclusion selected). Queue: 154775 rules.
501400 rules inserted. Base: 390874 rules (76966 with conclusion selected). Queue: 154657 rules.
501600 rules inserted. Base: 391074 rules (76966 with conclusion selected). Queue: 154534 rules.
501800 rules inserted. Base: 391274 rules (76966 with conclusion selected). Queue: 154415 rules.
502000 rules inserted. Base: 391474 rules (76966 with conclusion selected). Queue: 154297 rules.
502200 rules inserted. Base: 391674 rules (76966 with conclusion selected). Queue: 154174 rules.
502400 rules inserted. Base: 391874 rules (76966 with conclusion selected). Queue: 154055 rules.
502600 rules inserted. Base: 392074 rules (76966 with conclusion selected). Queue: 153937 rules.
502800 rules inserted. Base: 392274 rules (76966 with conclusion selected). Queue: 153814 rules.
503000 rules inserted. Base: 392474 rules (76966 with conclusion selected). Queue: 153695 rules.
503200 rules inserted. Base: 392674 rules (76966 with conclusion selected). Queue: 153577 rules.
503400 rules inserted. Base: 392874 rules (76966 with conclusion selected). Queue: 153454 rules.
503600 rules inserted. Base: 393074 rules (76966 with conclusion selected). Queue: 153335 rules.
503800 rules inserted. Base: 393274 rules (76966 with conclusion selected). Queue: 153217 rules.
504000 rules inserted. Base: 393474 rules (76966 with conclusion selected). Queue: 153094 rules.
504200 rules inserted. Base: 393674 rules (76966 with conclusion selected). Queue: 152975 rules.
504400 rules inserted. Base: 393874 rules (76966 with conclusion selected). Queue: 152857 rules.
504600 rules inserted. Base: 394074 rules (76966 with conclusion selected). Queue: 152734 rules.
504800 rules inserted. Base: 394274 rules (76966 with conclusion selected). Queue: 152615 rules.
505000 rules inserted. Base: 394474 rules (76966 with conclusion selected). Queue: 152497 rules.
505200 rules inserted. Base: 394674 rules (76966 with conclusion selected). Queue: 152374 rules.
505400 rules inserted. Base: 394874 rules (76966 with conclusion selected). Queue: 152255 rules.
505600 rules inserted. Base: 395074 rules (76966 with conclusion selected). Queue: 152137 rules.
505800 rules inserted. Base: 395274 rules (76966 with conclusion selected). Queue: 152014 rules.
506000 rules inserted. Base: 395474 rules (76966 with conclusion selected). Queue: 151895 rules.
506200 rules inserted. Base: 395674 rules (76966 with conclusion selected). Queue: 151777 rules.
506400 rules inserted. Base: 395874 rules (76966 with conclusion selected). Queue: 151654 rules.
506600 rules inserted. Base: 396074 rules (76966 with conclusion selected). Queue: 151535 rules.
506800 rules inserted. Base: 396274 rules (76966 with conclusion selected). Queue: 151417 rules.
507000 rules inserted. Base: 396474 rules (76966 with conclusion selected). Queue: 151294 rules.
507200 rules inserted. Base: 396674 rules (76966 with conclusion selected). Queue: 151175 rules.
507400 rules inserted. Base: 396874 rules (76966 with conclusion selected). Queue: 151057 rules.
507600 rules inserted. Base: 397074 rules (76966 with conclusion selected). Queue: 150934 rules.
507800 rules inserted. Base: 397274 rules (76966 with conclusion selected). Queue: 150815 rules.
508000 rules inserted. Base: 397474 rules (76966 with conclusion selected). Queue: 150697 rules.
508200 rules inserted. Base: 397674 rules (76966 with conclusion selected). Queue: 150574 rules.
508400 rules inserted. Base: 397874 rules (76966 with conclusion selected). Queue: 150455 rules.
508600 rules inserted. Base: 398074 rules (76966 with conclusion selected). Queue: 150337 rules.
508800 rules inserted. Base: 398274 rules (76966 with conclusion selected). Queue: 150214 rules.
509000 rules inserted. Base: 398474 rules (76966 with conclusion selected). Queue: 150095 rules.
509200 rules inserted. Base: 398674 rules (76966 with conclusion selected). Queue: 149977 rules.
509400 rules inserted. Base: 398874 rules (76966 with conclusion selected). Queue: 149854 rules.
509600 rules inserted. Base: 399074 rules (76966 with conclusion selected). Queue: 149735 rules.
509800 rules inserted. Base: 399274 rules (76966 with conclusion selected). Queue: 149617 rules.
510000 rules inserted. Base: 399474 rules (76966 with conclusion selected). Queue: 149494 rules.
510200 rules inserted. Base: 399674 rules (76966 with conclusion selected). Queue: 149375 rules.
510400 rules inserted. Base: 399874 rules (76966 with conclusion selected). Queue: 149257 rules.
510600 rules inserted. Base: 400074 rules (76966 with conclusion selected). Queue: 149134 rules.
510800 rules inserted. Base: 400274 rules (76966 with conclusion selected). Queue: 149015 rules.
511000 rules inserted. Base: 400474 rules (76966 with conclusion selected). Queue: 148897 rules.
511200 rules inserted. Base: 400674 rules (76966 with conclusion selected). Queue: 148774 rules.
511400 rules inserted. Base: 400874 rules (76966 with conclusion selected). Queue: 148655 rules.
511600 rules inserted. Base: 401074 rules (76966 with conclusion selected). Queue: 148537 rules.
511800 rules inserted. Base: 401274 rules (76966 with conclusion selected). Queue: 148414 rules.
512000 rules inserted. Base: 401474 rules (76966 with conclusion selected). Queue: 148295 rules.
512200 rules inserted. Base: 401674 rules (76966 with conclusion selected). Queue: 148177 rules.
512400 rules inserted. Base: 401874 rules (76966 with conclusion selected). Queue: 148054 rules.
512600 rules inserted. Base: 402074 rules (76966 with conclusion selected). Queue: 147935 rules.
512800 rules inserted. Base: 402274 rules (76966 with conclusion selected). Queue: 147817 rules.
513000 rules inserted. Base: 402474 rules (76966 with conclusion selected). Queue: 147694 rules.
513200 rules inserted. Base: 402674 rules (76966 with conclusion selected). Queue: 147575 rules.
513400 rules inserted. Base: 402874 rules (76966 with conclusion selected). Queue: 147457 rules.
513600 rules inserted. Base: 403074 rules (76966 with conclusion selected). Queue: 147334 rules.
513800 rules inserted. Base: 403274 rules (76966 with conclusion selected). Queue: 147215 rules.
514000 rules inserted. Base: 403474 rules (76966 with conclusion selected). Queue: 147097 rules.
514200 rules inserted. Base: 403674 rules (76966 with conclusion selected). Queue: 146974 rules.
514400 rules inserted. Base: 403874 rules (76966 with conclusion selected). Queue: 146855 rules.
514600 rules inserted. Base: 404074 rules (76966 with conclusion selected). Queue: 146737 rules.
514800 rules inserted. Base: 404274 rules (76966 with conclusion selected). Queue: 146614 rules.
515000 rules inserted. Base: 404474 rules (76966 with conclusion selected). Queue: 146495 rules.
515200 rules inserted. Base: 404674 rules (76966 with conclusion selected). Queue: 146377 rules.
515400 rules inserted. Base: 404874 rules (76966 with conclusion selected). Queue: 146254 rules.
515600 rules inserted. Base: 405074 rules (76966 with conclusion selected). Queue: 146135 rules.
515800 rules inserted. Base: 405274 rules (76966 with conclusion selected). Queue: 146017 rules.
516000 rules inserted. Base: 405474 rules (76966 with conclusion selected). Queue: 145894 rules.
516200 rules inserted. Base: 405674 rules (76966 with conclusion selected). Queue: 145775 rules.
516400 rules inserted. Base: 405874 rules (76966 with conclusion selected). Queue: 145657 rules.
516600 rules inserted. Base: 406074 rules (76966 with conclusion selected). Queue: 145534 rules.
516800 rules inserted. Base: 406274 rules (76966 with conclusion selected). Queue: 145415 rules.
517000 rules inserted. Base: 406474 rules (76966 with conclusion selected). Queue: 145297 rules.
517200 rules inserted. Base: 406674 rules (76966 with conclusion selected). Queue: 145174 rules.
517400 rules inserted. Base: 406874 rules (76966 with conclusion selected). Queue: 145055 rules.
517600 rules inserted. Base: 407074 rules (76966 with conclusion selected). Queue: 144937 rules.
517800 rules inserted. Base: 407274 rules (76966 with conclusion selected). Queue: 144814 rules.
518000 rules inserted. Base: 407474 rules (76966 with conclusion selected). Queue: 144695 rules.
518200 rules inserted. Base: 407674 rules (76966 with conclusion selected). Queue: 144577 rules.
518400 rules inserted. Base: 407874 rules (76966 with conclusion selected). Queue: 144454 rules.
518600 rules inserted. Base: 408074 rules (76966 with conclusion selected). Queue: 144335 rules.
518800 rules inserted. Base: 408274 rules (76966 with conclusion selected). Queue: 144217 rules.
519000 rules inserted. Base: 408474 rules (76966 with conclusion selected). Queue: 144094 rules.
519200 rules inserted. Base: 408674 rules (76966 with conclusion selected). Queue: 143975 rules.
519400 rules inserted. Base: 408874 rules (76966 with conclusion selected). Queue: 143857 rules.
519600 rules inserted. Base: 409074 rules (76966 with conclusion selected). Queue: 143734 rules.
519800 rules inserted. Base: 409274 rules (76966 with conclusion selected). Queue: 143615 rules.
520000 rules inserted. Base: 409474 rules (76966 with conclusion selected). Queue: 143497 rules.
520200 rules inserted. Base: 409674 rules (76966 with conclusion selected). Queue: 143374 rules.
520400 rules inserted. Base: 409874 rules (76966 with conclusion selected). Queue: 143255 rules.
520600 rules inserted. Base: 410074 rules (76966 with conclusion selected). Queue: 143137 rules.
520800 rules inserted. Base: 410274 rules (76966 with conclusion selected). Queue: 143014 rules.
521000 rules inserted. Base: 410474 rules (76966 with conclusion selected). Queue: 142895 rules.
521200 rules inserted. Base: 410674 rules (76966 with conclusion selected). Queue: 142777 rules.
521400 rules inserted. Base: 410874 rules (76966 with conclusion selected). Queue: 142654 rules.
521600 rules inserted. Base: 411074 rules (76966 with conclusion selected). Queue: 142535 rules.
521800 rules inserted. Base: 411274 rules (76966 with conclusion selected). Queue: 142417 rules.
522000 rules inserted. Base: 411470 rules (76969 with conclusion selected). Queue: 142311 rules.
522200 rules inserted. Base: 411636 rules (76987 with conclusion selected). Queue: 142285 rules.
522400 rules inserted. Base: 411802 rules (77002 with conclusion selected). Queue: 142251 rules.
522600 rules inserted. Base: 411968 rules (77020 with conclusion selected). Queue: 142225 rules.
522800 rules inserted. Base: 412166 rules (77020 with conclusion selected). Queue: 142103 rules.
523000 rules inserted. Base: 412366 rules (77020 with conclusion selected). Queue: 141985 rules.
523200 rules inserted. Base: 412566 rules (77020 with conclusion selected). Queue: 141862 rules.
523400 rules inserted. Base: 412766 rules (77020 with conclusion selected). Queue: 141743 rules.
523600 rules inserted. Base: 412966 rules (77020 with conclusion selected). Queue: 141625 rules.
523800 rules inserted. Base: 413166 rules (77020 with conclusion selected). Queue: 141502 rules.
524000 rules inserted. Base: 413366 rules (77020 with conclusion selected). Queue: 141383 rules.
524200 rules inserted. Base: 413566 rules (77020 with conclusion selected). Queue: 141265 rules.
524400 rules inserted. Base: 413766 rules (77020 with conclusion selected). Queue: 141142 rules.
524600 rules inserted. Base: 413966 rules (77020 with conclusion selected). Queue: 141023 rules.
524800 rules inserted. Base: 414160 rules (77023 with conclusion selected). Queue: 140921 rules.
525000 rules inserted. Base: 414326 rules (77041 with conclusion selected). Queue: 140895 rules.
525200 rules inserted. Base: 414492 rules (77059 with conclusion selected). Queue: 140869 rules.
525400 rules inserted. Base: 414658 rules (77074 with conclusion selected). Queue: 140835 rules.
525600 rules inserted. Base: 414858 rules (77074 with conclusion selected). Queue: 140710 rules.
525800 rules inserted. Base: 415058 rules (77074 with conclusion selected). Queue: 140591 rules.
526000 rules inserted. Base: 415258 rules (77074 with conclusion selected). Queue: 140473 rules.
526200 rules inserted. Base: 415458 rules (77074 with conclusion selected). Queue: 140350 rules.
526400 rules inserted. Base: 415658 rules (77074 with conclusion selected). Queue: 140231 rules.
526600 rules inserted. Base: 415858 rules (77074 with conclusion selected). Queue: 140113 rules.
526800 rules inserted. Base: 416058 rules (77074 with conclusion selected). Queue: 139990 rules.
527000 rules inserted. Base: 416258 rules (77074 with conclusion selected). Queue: 139871 rules.
527200 rules inserted. Base: 416458 rules (77074 with conclusion selected). Queue: 139753 rules.
527400 rules inserted. Base: 416658 rules (77074 with conclusion selected). Queue: 139630 rules.
527600 rules inserted. Base: 416858 rules (77074 with conclusion selected). Queue: 139511 rules.
527800 rules inserted. Base: 417058 rules (77074 with conclusion selected). Queue: 139393 rules.
528000 rules inserted. Base: 417258 rules (77074 with conclusion selected). Queue: 139270 rules.
528200 rules inserted. Base: 417458 rules (77074 with conclusion selected). Queue: 139151 rules.
528400 rules inserted. Base: 417658 rules (77074 with conclusion selected). Queue: 139033 rules.
528600 rules inserted. Base: 417858 rules (77074 with conclusion selected). Queue: 138910 rules.
528800 rules inserted. Base: 418058 rules (77074 with conclusion selected). Queue: 138791 rules.
529000 rules inserted. Base: 418258 rules (77074 with conclusion selected). Queue: 138673 rules.
529200 rules inserted. Base: 418458 rules (77074 with conclusion selected). Queue: 138550 rules.
529400 rules inserted. Base: 418658 rules (77074 with conclusion selected). Queue: 138431 rules.
529600 rules inserted. Base: 418858 rules (77074 with conclusion selected). Queue: 138313 rules.
529800 rules inserted. Base: 419058 rules (77074 with conclusion selected). Queue: 138190 rules.
530000 rules inserted. Base: 419258 rules (77074 with conclusion selected). Queue: 138071 rules.
530200 rules inserted. Base: 419458 rules (77074 with conclusion selected). Queue: 137953 rules.
530400 rules inserted. Base: 419658 rules (77074 with conclusion selected). Queue: 137830 rules.
530600 rules inserted. Base: 419858 rules (77074 with conclusion selected). Queue: 137711 rules.
530800 rules inserted. Base: 420058 rules (77074 with conclusion selected). Queue: 137593 rules.
531000 rules inserted. Base: 420258 rules (77074 with conclusion selected). Queue: 137470 rules.
531200 rules inserted. Base: 420458 rules (77074 with conclusion selected). Queue: 137351 rules.
531400 rules inserted. Base: 420658 rules (77074 with conclusion selected). Queue: 137233 rules.
531600 rules inserted. Base: 420858 rules (77074 with conclusion selected). Queue: 137110 rules.
531800 rules inserted. Base: 421058 rules (77074 with conclusion selected). Queue: 136991 rules.
532000 rules inserted. Base: 421258 rules (77074 with conclusion selected). Queue: 136873 rules.
532200 rules inserted. Base: 421458 rules (77074 with conclusion selected). Queue: 136750 rules.
532400 rules inserted. Base: 421658 rules (77074 with conclusion selected). Queue: 136631 rules.
532600 rules inserted. Base: 421858 rules (77074 with conclusion selected). Queue: 136513 rules.
532800 rules inserted. Base: 422058 rules (77074 with conclusion selected). Queue: 136390 rules.
533000 rules inserted. Base: 422258 rules (77074 with conclusion selected). Queue: 136271 rules.
533200 rules inserted. Base: 422458 rules (77074 with conclusion selected). Queue: 136153 rules.
533400 rules inserted. Base: 422658 rules (77074 with conclusion selected). Queue: 136030 rules.
533600 rules inserted. Base: 422858 rules (77074 with conclusion selected). Queue: 135911 rules.
533800 rules inserted. Base: 423058 rules (77074 with conclusion selected). Queue: 135793 rules.
534000 rules inserted. Base: 423258 rules (77074 with conclusion selected). Queue: 135670 rules.
534200 rules inserted. Base: 423458 rules (77074 with conclusion selected). Queue: 135551 rules.
534400 rules inserted. Base: 423658 rules (77074 with conclusion selected). Queue: 135433 rules.
534600 rules inserted. Base: 423858 rules (77074 with conclusion selected). Queue: 135310 rules.
534800 rules inserted. Base: 424058 rules (77074 with conclusion selected). Queue: 135191 rules.
535000 rules inserted. Base: 424258 rules (77074 with conclusion selected). Queue: 135073 rules.
535200 rules inserted. Base: 424458 rules (77074 with conclusion selected). Queue: 134950 rules.
535400 rules inserted. Base: 424658 rules (77074 with conclusion selected). Queue: 134831 rules.
535600 rules inserted. Base: 424858 rules (77074 with conclusion selected). Queue: 134713 rules.
535800 rules inserted. Base: 425058 rules (77074 with conclusion selected). Queue: 134590 rules.
536000 rules inserted. Base: 425258 rules (77074 with conclusion selected). Queue: 134471 rules.
536200 rules inserted. Base: 425458 rules (77074 with conclusion selected). Queue: 134353 rules.
536400 rules inserted. Base: 425658 rules (77074 with conclusion selected). Queue: 134230 rules.
536600 rules inserted. Base: 425858 rules (77074 with conclusion selected). Queue: 134111 rules.
536800 rules inserted. Base: 426058 rules (77074 with conclusion selected). Queue: 133993 rules.
537000 rules inserted. Base: 426258 rules (77074 with conclusion selected). Queue: 133870 rules.
537200 rules inserted. Base: 426458 rules (77074 with conclusion selected). Queue: 133751 rules.
537400 rules inserted. Base: 426658 rules (77074 with conclusion selected). Queue: 133633 rules.
537600 rules inserted. Base: 426858 rules (77074 with conclusion selected). Queue: 133510 rules.
537800 rules inserted. Base: 427058 rules (77074 with conclusion selected). Queue: 133391 rules.
538000 rules inserted. Base: 427258 rules (77074 with conclusion selected). Queue: 133273 rules.
538200 rules inserted. Base: 427458 rules (77074 with conclusion selected). Queue: 133150 rules.
538400 rules inserted. Base: 427658 rules (77074 with conclusion selected). Queue: 133031 rules.
538600 rules inserted. Base: 427858 rules (77074 with conclusion selected). Queue: 132913 rules.
538800 rules inserted. Base: 428058 rules (77074 with conclusion selected). Queue: 132790 rules.
539000 rules inserted. Base: 428258 rules (77074 with conclusion selected). Queue: 132671 rules.
539200 rules inserted. Base: 428458 rules (77074 with conclusion selected). Queue: 132553 rules.
539400 rules inserted. Base: 428658 rules (77074 with conclusion selected). Queue: 132430 rules.
539600 rules inserted. Base: 428858 rules (77074 with conclusion selected). Queue: 132311 rules.
539800 rules inserted. Base: 429058 rules (77074 with conclusion selected). Queue: 132193 rules.
540000 rules inserted. Base: 429258 rules (77074 with conclusion selected). Queue: 132070 rules.
540200 rules inserted. Base: 429458 rules (77074 with conclusion selected). Queue: 131951 rules.
540400 rules inserted. Base: 429658 rules (77074 with conclusion selected). Queue: 131833 rules.
540600 rules inserted. Base: 429858 rules (77074 with conclusion selected). Queue: 131710 rules.
540800 rules inserted. Base: 430058 rules (77074 with conclusion selected). Queue: 131591 rules.
541000 rules inserted. Base: 430258 rules (77074 with conclusion selected). Queue: 131473 rules.
541200 rules inserted. Base: 430458 rules (77074 with conclusion selected). Queue: 131350 rules.
541400 rules inserted. Base: 430658 rules (77074 with conclusion selected). Queue: 131231 rules.
541600 rules inserted. Base: 430858 rules (77074 with conclusion selected). Queue: 131113 rules.
541800 rules inserted. Base: 431058 rules (77074 with conclusion selected). Queue: 130990 rules.
542000 rules inserted. Base: 431258 rules (77074 with conclusion selected). Queue: 130871 rules.
542200 rules inserted. Base: 431458 rules (77074 with conclusion selected). Queue: 130753 rules.
542400 rules inserted. Base: 431658 rules (77074 with conclusion selected). Queue: 130630 rules.
542600 rules inserted. Base: 431858 rules (77074 with conclusion selected). Queue: 130511 rules.
542800 rules inserted. Base: 432058 rules (77074 with conclusion selected). Queue: 130393 rules.
543000 rules inserted. Base: 432258 rules (77074 with conclusion selected). Queue: 130270 rules.
543200 rules inserted. Base: 432458 rules (77074 with conclusion selected). Queue: 130151 rules.
543400 rules inserted. Base: 432658 rules (77074 with conclusion selected). Queue: 130033 rules.
543600 rules inserted. Base: 432858 rules (77074 with conclusion selected). Queue: 129910 rules.
543800 rules inserted. Base: 433058 rules (77074 with conclusion selected). Queue: 129791 rules.
544000 rules inserted. Base: 433258 rules (77074 with conclusion selected). Queue: 129673 rules.
544200 rules inserted. Base: 433458 rules (77074 with conclusion selected). Queue: 129550 rules.
544400 rules inserted. Base: 433658 rules (77074 with conclusion selected). Queue: 129431 rules.
544600 rules inserted. Base: 433858 rules (77074 with conclusion selected). Queue: 129313 rules.
544800 rules inserted. Base: 434058 rules (77074 with conclusion selected). Queue: 129190 rules.
545000 rules inserted. Base: 434258 rules (77074 with conclusion selected). Queue: 129071 rules.
545200 rules inserted. Base: 434458 rules (77074 with conclusion selected). Queue: 128953 rules.
545400 rules inserted. Base: 434658 rules (77074 with conclusion selected). Queue: 128830 rules.
545600 rules inserted. Base: 434858 rules (77074 with conclusion selected). Queue: 128711 rules.
545800 rules inserted. Base: 435058 rules (77074 with conclusion selected). Queue: 128593 rules.
546000 rules inserted. Base: 435258 rules (77074 with conclusion selected). Queue: 128470 rules.
546200 rules inserted. Base: 435458 rules (77074 with conclusion selected). Queue: 128351 rules.
546400 rules inserted. Base: 435658 rules (77074 with conclusion selected). Queue: 128233 rules.
546600 rules inserted. Base: 435858 rules (77074 with conclusion selected). Queue: 128110 rules.
546800 rules inserted. Base: 436058 rules (77074 with conclusion selected). Queue: 127991 rules.
547000 rules inserted. Base: 436258 rules (77074 with conclusion selected). Queue: 127873 rules.
547200 rules inserted. Base: 436458 rules (77074 with conclusion selected). Queue: 127750 rules.
547400 rules inserted. Base: 436658 rules (77074 with conclusion selected). Queue: 127631 rules.
547600 rules inserted. Base: 436858 rules (77074 with conclusion selected). Queue: 127513 rules.
547800 rules inserted. Base: 437058 rules (77074 with conclusion selected). Queue: 127390 rules.
548000 rules inserted. Base: 437258 rules (77074 with conclusion selected). Queue: 127271 rules.
548200 rules inserted. Base: 437458 rules (77074 with conclusion selected). Queue: 127153 rules.
548400 rules inserted. Base: 437658 rules (77074 with conclusion selected). Queue: 127030 rules.
548600 rules inserted. Base: 437858 rules (77074 with conclusion selected). Queue: 126911 rules.
548800 rules inserted. Base: 438058 rules (77074 with conclusion selected). Queue: 126793 rules.
549000 rules inserted. Base: 438258 rules (77074 with conclusion selected). Queue: 126670 rules.
549200 rules inserted. Base: 438458 rules (77074 with conclusion selected). Queue: 126551 rules.
549400 rules inserted. Base: 438658 rules (77074 with conclusion selected). Queue: 126433 rules.
549600 rules inserted. Base: 438858 rules (77074 with conclusion selected). Queue: 126310 rules.
549800 rules inserted. Base: 439058 rules (77074 with conclusion selected). Queue: 126191 rules.
550000 rules inserted. Base: 439258 rules (77074 with conclusion selected). Queue: 126073 rules.
550200 rules inserted. Base: 439458 rules (77074 with conclusion selected). Queue: 125950 rules.
550400 rules inserted. Base: 439658 rules (77074 with conclusion selected). Queue: 125831 rules.
550600 rules inserted. Base: 439858 rules (77074 with conclusion selected). Queue: 125713 rules.
550800 rules inserted. Base: 440058 rules (77074 with conclusion selected). Queue: 125590 rules.
551000 rules inserted. Base: 440258 rules (77074 with conclusion selected). Queue: 125471 rules.
551200 rules inserted. Base: 440458 rules (77074 with conclusion selected). Queue: 125353 rules.
551400 rules inserted. Base: 440658 rules (77074 with conclusion selected). Queue: 125230 rules.
551600 rules inserted. Base: 440858 rules (77074 with conclusion selected). Queue: 125111 rules.
551800 rules inserted. Base: 441058 rules (77074 with conclusion selected). Queue: 124993 rules.
552000 rules inserted. Base: 441258 rules (77074 with conclusion selected). Queue: 124870 rules.
552200 rules inserted. Base: 441458 rules (77074 with conclusion selected). Queue: 124751 rules.
552400 rules inserted. Base: 441658 rules (77074 with conclusion selected). Queue: 124633 rules.
552600 rules inserted. Base: 441858 rules (77074 with conclusion selected). Queue: 124510 rules.
552800 rules inserted. Base: 442058 rules (77074 with conclusion selected). Queue: 124391 rules.
553000 rules inserted. Base: 442248 rules (77080 with conclusion selected). Queue: 124305 rules.
553200 rules inserted. Base: 442414 rules (77098 with conclusion selected). Queue: 124279 rules.
553400 rules inserted. Base: 442580 rules (77115 with conclusion selected). Queue: 124249 rules.
553600 rules inserted. Base: 442750 rules (77128 with conclusion selected). Queue: 124201 rules.
553800 rules inserted. Base: 442950 rules (77128 with conclusion selected). Queue: 124078 rules.
554000 rules inserted. Base: 443150 rules (77128 with conclusion selected). Queue: 123959 rules.
554200 rules inserted. Base: 443350 rules (77128 with conclusion selected). Queue: 123841 rules.
554400 rules inserted. Base: 443550 rules (77128 with conclusion selected). Queue: 123718 rules.
554600 rules inserted. Base: 443750 rules (77128 with conclusion selected). Queue: 123599 rules.
554800 rules inserted. Base: 443950 rules (77128 with conclusion selected). Queue: 123481 rules.
555000 rules inserted. Base: 444150 rules (77128 with conclusion selected). Queue: 123358 rules.
555200 rules inserted. Base: 444350 rules (77128 with conclusion selected). Queue: 123239 rules.
555400 rules inserted. Base: 444550 rules (77128 with conclusion selected). Queue: 123121 rules.
555600 rules inserted. Base: 444750 rules (77128 with conclusion selected). Queue: 122998 rules.
555800 rules inserted. Base: 444950 rules (77128 with conclusion selected). Queue: 122879 rules.
556000 rules inserted. Base: 445150 rules (77128 with conclusion selected). Queue: 122761 rules.
556200 rules inserted. Base: 445350 rules (77128 with conclusion selected). Queue: 122638 rules.
556400 rules inserted. Base: 445550 rules (77128 with conclusion selected). Queue: 122519 rules.
556600 rules inserted. Base: 445750 rules (77128 with conclusion selected). Queue: 122401 rules.
556800 rules inserted. Base: 445950 rules (77128 with conclusion selected). Queue: 122278 rules.
557000 rules inserted. Base: 446150 rules (77128 with conclusion selected). Queue: 122159 rules.
557200 rules inserted. Base: 446350 rules (77128 with conclusion selected). Queue: 122041 rules.
557400 rules inserted. Base: 446550 rules (77128 with conclusion selected). Queue: 121918 rules.
557600 rules inserted. Base: 446750 rules (77128 with conclusion selected). Queue: 121799 rules.
557800 rules inserted. Base: 446950 rules (77128 with conclusion selected). Queue: 121681 rules.
558000 rules inserted. Base: 447132 rules (77139 with conclusion selected). Queue: 121617 rules.
558200 rules inserted. Base: 447296 rules (77155 with conclusion selected). Queue: 121585 rules.
558400 rules inserted. Base: 447462 rules (77173 with conclusion selected). Queue: 121559 rules.
558600 rules inserted. Base: 447642 rules (77182 with conclusion selected). Queue: 121486 rules.
558800 rules inserted. Base: 447842 rules (77182 with conclusion selected). Queue: 121367 rules.
559000 rules inserted. Base: 448042 rules (77182 with conclusion selected). Queue: 121249 rules.
559200 rules inserted. Base: 448242 rules (77182 with conclusion selected). Queue: 121126 rules.
559400 rules inserted. Base: 448442 rules (77182 with conclusion selected). Queue: 121007 rules.
559600 rules inserted. Base: 448642 rules (77182 with conclusion selected). Queue: 120889 rules.
559800 rules inserted. Base: 448842 rules (77182 with conclusion selected). Queue: 120766 rules.
560000 rules inserted. Base: 449042 rules (77182 with conclusion selected). Queue: 120647 rules.
560200 rules inserted. Base: 449242 rules (77182 with conclusion selected). Queue: 120529 rules.
560400 rules inserted. Base: 449442 rules (77182 with conclusion selected). Queue: 120406 rules.
560600 rules inserted. Base: 449642 rules (77182 with conclusion selected). Queue: 120287 rules.
560800 rules inserted. Base: 449842 rules (77182 with conclusion selected). Queue: 120169 rules.
561000 rules inserted. Base: 450042 rules (77182 with conclusion selected). Queue: 120046 rules.
561200 rules inserted. Base: 450242 rules (77182 with conclusion selected). Queue: 119927 rules.
561400 rules inserted. Base: 450442 rules (77182 with conclusion selected). Queue: 119809 rules.
561600 rules inserted. Base: 450642 rules (77182 with conclusion selected). Queue: 119686 rules.
561800 rules inserted. Base: 450842 rules (77182 with conclusion selected). Queue: 119567 rules.
562000 rules inserted. Base: 451042 rules (77182 with conclusion selected). Queue: 119449 rules.
562200 rules inserted. Base: 451242 rules (77182 with conclusion selected). Queue: 119326 rules.
562400 rules inserted. Base: 451442 rules (77182 with conclusion selected). Queue: 119207 rules.
562600 rules inserted. Base: 451642 rules (77182 with conclusion selected). Queue: 119089 rules.
562800 rules inserted. Base: 451842 rules (77182 with conclusion selected). Queue: 118966 rules.
563000 rules inserted. Base: 452042 rules (77182 with conclusion selected). Queue: 118847 rules.
563200 rules inserted. Base: 452242 rules (77182 with conclusion selected). Queue: 118729 rules.
563400 rules inserted. Base: 452442 rules (77182 with conclusion selected). Queue: 118606 rules.
563600 rules inserted. Base: 452642 rules (77182 with conclusion selected). Queue: 118487 rules.
563800 rules inserted. Base: 452842 rules (77182 with conclusion selected). Queue: 118369 rules.
564000 rules inserted. Base: 453042 rules (77182 with conclusion selected). Queue: 118246 rules.
564200 rules inserted. Base: 453242 rules (77182 with conclusion selected). Queue: 118127 rules.
564400 rules inserted. Base: 453442 rules (77182 with conclusion selected). Queue: 118009 rules.
564600 rules inserted. Base: 453642 rules (77182 with conclusion selected). Queue: 117886 rules.
564800 rules inserted. Base: 453842 rules (77182 with conclusion selected). Queue: 117767 rules.
565000 rules inserted. Base: 454042 rules (77182 with conclusion selected). Queue: 117649 rules.
565200 rules inserted. Base: 454242 rules (77182 with conclusion selected). Queue: 117526 rules.
565400 rules inserted. Base: 454442 rules (77182 with conclusion selected). Queue: 117407 rules.
565600 rules inserted. Base: 454642 rules (77182 with conclusion selected). Queue: 117289 rules.
565800 rules inserted. Base: 454842 rules (77182 with conclusion selected). Queue: 117166 rules.
566000 rules inserted. Base: 455042 rules (77182 with conclusion selected). Queue: 117047 rules.
566200 rules inserted. Base: 455242 rules (77182 with conclusion selected). Queue: 116929 rules.
566400 rules inserted. Base: 455442 rules (77182 with conclusion selected). Queue: 116806 rules.
566600 rules inserted. Base: 455642 rules (77182 with conclusion selected). Queue: 116687 rules.
566800 rules inserted. Base: 455842 rules (77182 with conclusion selected). Queue: 116569 rules.
567000 rules inserted. Base: 456042 rules (77182 with conclusion selected). Queue: 116446 rules.
567200 rules inserted. Base: 456242 rules (77182 with conclusion selected). Queue: 116327 rules.
567400 rules inserted. Base: 456442 rules (77182 with conclusion selected). Queue: 116209 rules.
567600 rules inserted. Base: 456642 rules (77182 with conclusion selected). Queue: 116086 rules.
567800 rules inserted. Base: 456842 rules (77182 with conclusion selected). Queue: 115967 rules.
568000 rules inserted. Base: 457042 rules (77182 with conclusion selected). Queue: 115849 rules.
568200 rules inserted. Base: 457242 rules (77182 with conclusion selected). Queue: 115726 rules.
568400 rules inserted. Base: 457442 rules (77182 with conclusion selected). Queue: 115607 rules.
568600 rules inserted. Base: 457642 rules (77182 with conclusion selected). Queue: 115489 rules.
568800 rules inserted. Base: 457842 rules (77182 with conclusion selected). Queue: 115366 rules.
569000 rules inserted. Base: 458042 rules (77182 with conclusion selected). Queue: 115247 rules.
569200 rules inserted. Base: 458242 rules (77182 with conclusion selected). Queue: 115129 rules.
569400 rules inserted. Base: 458442 rules (77182 with conclusion selected). Queue: 115006 rules.
569600 rules inserted. Base: 458642 rules (77182 with conclusion selected). Queue: 114887 rules.
569800 rules inserted. Base: 458842 rules (77182 with conclusion selected). Queue: 114769 rules.
570000 rules inserted. Base: 459042 rules (77182 with conclusion selected). Queue: 114646 rules.
570200 rules inserted. Base: 459242 rules (77182 with conclusion selected). Queue: 114527 rules.
570400 rules inserted. Base: 459442 rules (77182 with conclusion selected). Queue: 114409 rules.
570600 rules inserted. Base: 459642 rules (77182 with conclusion selected). Queue: 114286 rules.
570800 rules inserted. Base: 459842 rules (77182 with conclusion selected). Queue: 114167 rules.
571000 rules inserted. Base: 460042 rules (77182 with conclusion selected). Queue: 114049 rules.
571200 rules inserted. Base: 460242 rules (77182 with conclusion selected). Queue: 113926 rules.
571400 rules inserted. Base: 460442 rules (77182 with conclusion selected). Queue: 113807 rules.
571600 rules inserted. Base: 460642 rules (77182 with conclusion selected). Queue: 113689 rules.
571800 rules inserted. Base: 460842 rules (77182 with conclusion selected). Queue: 113566 rules.
572000 rules inserted. Base: 461042 rules (77182 with conclusion selected). Queue: 113447 rules.
572200 rules inserted. Base: 461242 rules (77182 with conclusion selected). Queue: 113329 rules.
572400 rules inserted. Base: 461442 rules (77182 with conclusion selected). Queue: 113206 rules.
572600 rules inserted. Base: 461642 rules (77182 with conclusion selected). Queue: 113087 rules.
572800 rules inserted. Base: 461842 rules (77182 with conclusion selected). Queue: 112969 rules.
573000 rules inserted. Base: 462042 rules (77182 with conclusion selected). Queue: 112846 rules.
573200 rules inserted. Base: 462242 rules (77182 with conclusion selected). Queue: 112727 rules.
573400 rules inserted. Base: 462442 rules (77182 with conclusion selected). Queue: 112609 rules.
573600 rules inserted. Base: 462642 rules (77182 with conclusion selected). Queue: 112486 rules.
573800 rules inserted. Base: 462842 rules (77182 with conclusion selected). Queue: 112367 rules.
574000 rules inserted. Base: 463042 rules (77182 with conclusion selected). Queue: 112249 rules.
574200 rules inserted. Base: 463242 rules (77182 with conclusion selected). Queue: 112126 rules.
574400 rules inserted. Base: 463442 rules (77182 with conclusion selected). Queue: 112007 rules.
574600 rules inserted. Base: 463642 rules (77182 with conclusion selected). Queue: 111889 rules.
574800 rules inserted. Base: 463842 rules (77182 with conclusion selected). Queue: 111766 rules.
575000 rules inserted. Base: 464042 rules (77182 with conclusion selected). Queue: 111647 rules.
575200 rules inserted. Base: 464242 rules (77182 with conclusion selected). Queue: 111529 rules.
575400 rules inserted. Base: 464442 rules (77182 with conclusion selected). Queue: 111406 rules.
575600 rules inserted. Base: 464642 rules (77182 with conclusion selected). Queue: 111287 rules.
575800 rules inserted. Base: 464842 rules (77182 with conclusion selected). Queue: 111169 rules.
576000 rules inserted. Base: 465042 rules (77182 with conclusion selected). Queue: 111046 rules.
576200 rules inserted. Base: 465242 rules (77182 with conclusion selected). Queue: 110927 rules.
576400 rules inserted. Base: 465442 rules (77182 with conclusion selected). Queue: 110809 rules.
576600 rules inserted. Base: 465642 rules (77182 with conclusion selected). Queue: 110686 rules.
576800 rules inserted. Base: 465842 rules (77182 with conclusion selected). Queue: 110567 rules.
577000 rules inserted. Base: 466042 rules (77182 with conclusion selected). Queue: 110449 rules.
577200 rules inserted. Base: 466242 rules (77182 with conclusion selected). Queue: 110326 rules.
577400 rules inserted. Base: 466442 rules (77182 with conclusion selected). Queue: 110207 rules.
577600 rules inserted. Base: 466642 rules (77182 with conclusion selected). Queue: 110089 rules.
577800 rules inserted. Base: 466842 rules (77182 with conclusion selected). Queue: 109966 rules.
578000 rules inserted. Base: 467042 rules (77182 with conclusion selected). Queue: 109847 rules.
578200 rules inserted. Base: 467242 rules (77182 with conclusion selected). Queue: 109729 rules.
578400 rules inserted. Base: 467442 rules (77182 with conclusion selected). Queue: 109606 rules.
578600 rules inserted. Base: 467642 rules (77182 with conclusion selected). Queue: 109487 rules.
578800 rules inserted. Base: 467842 rules (77182 with conclusion selected). Queue: 109369 rules.
579000 rules inserted. Base: 468042 rules (77182 with conclusion selected). Queue: 109246 rules.
579200 rules inserted. Base: 468242 rules (77182 with conclusion selected). Queue: 109127 rules.
579400 rules inserted. Base: 468442 rules (77182 with conclusion selected). Queue: 109009 rules.
579600 rules inserted. Base: 468642 rules (77182 with conclusion selected). Queue: 108886 rules.
579800 rules inserted. Base: 468842 rules (77182 with conclusion selected). Queue: 108767 rules.
580000 rules inserted. Base: 469042 rules (77182 with conclusion selected). Queue: 108649 rules.
580200 rules inserted. Base: 469242 rules (77182 with conclusion selected). Queue: 108526 rules.
580400 rules inserted. Base: 469442 rules (77182 with conclusion selected). Queue: 108407 rules.
580600 rules inserted. Base: 469642 rules (77182 with conclusion selected). Queue: 108289 rules.
580800 rules inserted. Base: 469842 rules (77182 with conclusion selected). Queue: 108166 rules.
581000 rules inserted. Base: 470042 rules (77182 with conclusion selected). Queue: 108047 rules.
581200 rules inserted. Base: 470242 rules (77182 with conclusion selected). Queue: 107929 rules.
581400 rules inserted. Base: 470442 rules (77182 with conclusion selected). Queue: 107806 rules.
581600 rules inserted. Base: 470642 rules (77182 with conclusion selected). Queue: 107687 rules.
581800 rules inserted. Base: 470842 rules (77182 with conclusion selected). Queue: 107569 rules.
582000 rules inserted. Base: 471042 rules (77182 with conclusion selected). Queue: 107446 rules.
582200 rules inserted. Base: 471242 rules (77182 with conclusion selected). Queue: 107327 rules.
582400 rules inserted. Base: 471442 rules (77182 with conclusion selected). Queue: 107209 rules.
582600 rules inserted. Base: 471642 rules (77182 with conclusion selected). Queue: 107086 rules.
582800 rules inserted. Base: 471842 rules (77182 with conclusion selected). Queue: 106967 rules.
583000 rules inserted. Base: 472042 rules (77182 with conclusion selected). Queue: 106849 rules.
583200 rules inserted. Base: 472242 rules (77182 with conclusion selected). Queue: 106726 rules.
583400 rules inserted. Base: 472442 rules (77182 with conclusion selected). Queue: 106607 rules.
583600 rules inserted. Base: 472642 rules (77182 with conclusion selected). Queue: 106489 rules.
583800 rules inserted. Base: 472842 rules (77182 with conclusion selected). Queue: 106366 rules.
584000 rules inserted. Base: 473042 rules (77182 with conclusion selected). Queue: 106247 rules.
584200 rules inserted. Base: 473242 rules (77182 with conclusion selected). Queue: 106129 rules.
584400 rules inserted. Base: 473442 rules (77182 with conclusion selected). Queue: 106006 rules.
584600 rules inserted. Base: 473642 rules (77182 with conclusion selected). Queue: 105887 rules.
584800 rules inserted. Base: 473842 rules (77182 with conclusion selected). Queue: 105769 rules.
585000 rules inserted. Base: 474042 rules (77182 with conclusion selected). Queue: 105646 rules.
585200 rules inserted. Base: 474242 rules (77182 with conclusion selected). Queue: 105527 rules.
585400 rules inserted. Base: 474442 rules (77182 with conclusion selected). Queue: 105409 rules.
585600 rules inserted. Base: 474642 rules (77182 with conclusion selected). Queue: 105286 rules.
585800 rules inserted. Base: 474842 rules (77182 with conclusion selected). Queue: 105167 rules.
586000 rules inserted. Base: 475042 rules (77182 with conclusion selected). Queue: 105049 rules.
586200 rules inserted. Base: 475242 rules (77182 with conclusion selected). Queue: 104926 rules.
586400 rules inserted. Base: 475442 rules (77182 with conclusion selected). Queue: 104807 rules.
586600 rules inserted. Base: 475642 rules (77182 with conclusion selected). Queue: 104689 rules.
586800 rules inserted. Base: 475842 rules (77182 with conclusion selected). Queue: 104566 rules.
587000 rules inserted. Base: 476042 rules (77182 with conclusion selected). Queue: 104447 rules.
587200 rules inserted. Base: 476242 rules (77182 with conclusion selected). Queue: 104329 rules.
587400 rules inserted. Base: 476442 rules (77182 with conclusion selected). Queue: 104206 rules.
587600 rules inserted. Base: 476642 rules (77182 with conclusion selected). Queue: 104087 rules.
587800 rules inserted. Base: 476842 rules (77182 with conclusion selected). Queue: 103969 rules.
588000 rules inserted. Base: 477042 rules (77182 with conclusion selected). Queue: 103846 rules.
588200 rules inserted. Base: 477242 rules (77182 with conclusion selected). Queue: 103727 rules.
588400 rules inserted. Base: 477412 rules (77199 with conclusion selected). Queue: 103697 rules.
588600 rules inserted. Base: 477576 rules (77215 with conclusion selected). Queue: 103665 rules.
588800 rules inserted. Base: 477742 rules (77233 with conclusion selected). Queue: 103639 rules.
589000 rules inserted. Base: 477934 rules (77236 with conclusion selected). Queue: 103537 rules.
589200 rules inserted. Base: 478134 rules (77236 with conclusion selected). Queue: 103414 rules.
589400 rules inserted. Base: 478334 rules (77236 with conclusion selected). Queue: 103295 rules.
589600 rules inserted. Base: 478534 rules (77236 with conclusion selected). Queue: 103177 rules.
589800 rules inserted. Base: 478734 rules (77236 with conclusion selected). Queue: 103054 rules.
590000 rules inserted. Base: 478934 rules (77236 with conclusion selected). Queue: 102935 rules.
590200 rules inserted. Base: 479134 rules (77236 with conclusion selected). Queue: 102817 rules.
590400 rules inserted. Base: 479334 rules (77236 with conclusion selected). Queue: 102694 rules.
590600 rules inserted. Base: 479534 rules (77236 with conclusion selected). Queue: 102575 rules.
590800 rules inserted. Base: 479734 rules (77236 with conclusion selected). Queue: 102457 rules.
591000 rules inserted. Base: 479934 rules (77236 with conclusion selected). Queue: 102334 rules.
591200 rules inserted. Base: 480134 rules (77236 with conclusion selected). Queue: 102215 rules.
591400 rules inserted. Base: 480334 rules (77236 with conclusion selected). Queue: 102097 rules.
591600 rules inserted. Base: 480534 rules (77236 with conclusion selected). Queue: 101974 rules.
591800 rules inserted. Base: 480734 rules (77236 with conclusion selected). Queue: 101855 rules.
592000 rules inserted. Base: 480934 rules (77236 with conclusion selected). Queue: 101737 rules.
592200 rules inserted. Base: 481134 rules (77236 with conclusion selected). Queue: 101614 rules.
592400 rules inserted. Base: 481334 rules (77236 with conclusion selected). Queue: 101495 rules.
592600 rules inserted. Base: 481534 rules (77236 with conclusion selected). Queue: 101377 rules.
592800 rules inserted. Base: 481734 rules (77236 with conclusion selected). Queue: 101254 rules.
593000 rules inserted. Base: 481934 rules (77236 with conclusion selected). Queue: 101135 rules.
593200 rules inserted. Base: 482128 rules (77239 with conclusion selected). Queue: 101033 rules.
593400 rules inserted. Base: 482294 rules (77257 with conclusion selected). Queue: 101007 rules.
593600 rules inserted. Base: 482460 rules (77275 with conclusion selected). Queue: 100981 rules.
593800 rules inserted. Base: 482626 rules (77290 with conclusion selected). Queue: 100947 rules.
594000 rules inserted. Base: 482826 rules (77290 with conclusion selected). Queue: 100822 rules.
594200 rules inserted. Base: 483026 rules (77290 with conclusion selected). Queue: 100703 rules.
594400 rules inserted. Base: 483226 rules (77290 with conclusion selected). Queue: 100585 rules.
594600 rules inserted. Base: 483426 rules (77290 with conclusion selected). Queue: 100462 rules.
594800 rules inserted. Base: 483626 rules (77290 with conclusion selected). Queue: 100343 rules.
595000 rules inserted. Base: 483826 rules (77290 with conclusion selected). Queue: 100225 rules.
595200 rules inserted. Base: 484026 rules (77290 with conclusion selected). Queue: 100102 rules.
595400 rules inserted. Base: 484226 rules (77290 with conclusion selected). Queue: 99983 rules.
595600 rules inserted. Base: 484426 rules (77290 with conclusion selected). Queue: 99865 rules.
595800 rules inserted. Base: 484626 rules (77290 with conclusion selected). Queue: 99742 rules.
596000 rules inserted. Base: 484826 rules (77290 with conclusion selected). Queue: 99623 rules.
596200 rules inserted. Base: 485026 rules (77290 with conclusion selected). Queue: 99505 rules.
596400 rules inserted. Base: 485226 rules (77290 with conclusion selected). Queue: 99382 rules.
596600 rules inserted. Base: 485426 rules (77290 with conclusion selected). Queue: 99263 rules.
596800 rules inserted. Base: 485626 rules (77290 with conclusion selected). Queue: 99145 rules.
597000 rules inserted. Base: 485826 rules (77290 with conclusion selected). Queue: 99022 rules.
597200 rules inserted. Base: 486026 rules (77290 with conclusion selected). Queue: 98903 rules.
597400 rules inserted. Base: 486226 rules (77290 with conclusion selected). Queue: 98785 rules.
597600 rules inserted. Base: 486426 rules (77290 with conclusion selected). Queue: 98662 rules.
597800 rules inserted. Base: 486626 rules (77290 with conclusion selected). Queue: 98543 rules.
598000 rules inserted. Base: 486826 rules (77290 with conclusion selected). Queue: 98425 rules.
598200 rules inserted. Base: 487026 rules (77290 with conclusion selected). Queue: 98302 rules.
598400 rules inserted. Base: 487226 rules (77290 with conclusion selected). Queue: 98183 rules.
598600 rules inserted. Base: 487426 rules (77290 with conclusion selected). Queue: 98065 rules.
598800 rules inserted. Base: 487626 rules (77290 with conclusion selected). Queue: 97942 rules.
599000 rules inserted. Base: 487826 rules (77290 with conclusion selected). Queue: 97823 rules.
599200 rules inserted. Base: 488026 rules (77290 with conclusion selected). Queue: 97705 rules.
599400 rules inserted. Base: 488226 rules (77290 with conclusion selected). Queue: 97582 rules.
599600 rules inserted. Base: 488426 rules (77290 with conclusion selected). Queue: 97463 rules.
599800 rules inserted. Base: 488626 rules (77290 with conclusion selected). Queue: 97345 rules.
600000 rules inserted. Base: 488826 rules (77290 with conclusion selected). Queue: 97222 rules.
600200 rules inserted. Base: 489026 rules (77290 with conclusion selected). Queue: 97103 rules.
600400 rules inserted. Base: 489226 rules (77290 with conclusion selected). Queue: 96985 rules.
600600 rules inserted. Base: 489426 rules (77290 with conclusion selected). Queue: 96862 rules.
600800 rules inserted. Base: 489626 rules (77290 with conclusion selected). Queue: 96743 rules.
601000 rules inserted. Base: 489826 rules (77290 with conclusion selected). Queue: 96625 rules.
601200 rules inserted. Base: 490026 rules (77290 with conclusion selected). Queue: 96502 rules.
601400 rules inserted. Base: 490226 rules (77290 with conclusion selected). Queue: 96383 rules.
601600 rules inserted. Base: 490426 rules (77290 with conclusion selected). Queue: 96265 rules.
601800 rules inserted. Base: 490626 rules (77290 with conclusion selected). Queue: 96142 rules.
602000 rules inserted. Base: 490826 rules (77290 with conclusion selected). Queue: 96023 rules.
602200 rules inserted. Base: 491026 rules (77290 with conclusion selected). Queue: 95905 rules.
602400 rules inserted. Base: 491226 rules (77290 with conclusion selected). Queue: 95782 rules.
602600 rules inserted. Base: 491426 rules (77290 with conclusion selected). Queue: 95663 rules.
602800 rules inserted. Base: 491626 rules (77290 with conclusion selected). Queue: 95545 rules.
603000 rules inserted. Base: 491826 rules (77290 with conclusion selected). Queue: 95422 rules.
603200 rules inserted. Base: 492026 rules (77290 with conclusion selected). Queue: 95303 rules.
603400 rules inserted. Base: 492226 rules (77290 with conclusion selected). Queue: 95185 rules.
603600 rules inserted. Base: 492426 rules (77290 with conclusion selected). Queue: 95062 rules.
603800 rules inserted. Base: 492626 rules (77290 with conclusion selected). Queue: 94943 rules.
604000 rules inserted. Base: 492826 rules (77290 with conclusion selected). Queue: 94825 rules.
604200 rules inserted. Base: 493026 rules (77290 with conclusion selected). Queue: 94702 rules.
604400 rules inserted. Base: 493226 rules (77290 with conclusion selected). Queue: 94583 rules.
604600 rules inserted. Base: 493426 rules (77290 with conclusion selected). Queue: 94465 rules.
604800 rules inserted. Base: 493626 rules (77290 with conclusion selected). Queue: 94342 rules.
605000 rules inserted. Base: 493826 rules (77290 with conclusion selected). Queue: 94223 rules.
605200 rules inserted. Base: 494026 rules (77290 with conclusion selected). Queue: 94105 rules.
605400 rules inserted. Base: 494226 rules (77290 with conclusion selected). Queue: 93982 rules.
605600 rules inserted. Base: 494426 rules (77290 with conclusion selected). Queue: 93863 rules.
605800 rules inserted. Base: 494626 rules (77290 with conclusion selected). Queue: 93745 rules.
606000 rules inserted. Base: 494826 rules (77290 with conclusion selected). Queue: 93622 rules.
606200 rules inserted. Base: 495026 rules (77290 with conclusion selected). Queue: 93503 rules.
606400 rules inserted. Base: 495226 rules (77290 with conclusion selected). Queue: 93385 rules.
606600 rules inserted. Base: 495426 rules (77290 with conclusion selected). Queue: 93262 rules.
606800 rules inserted. Base: 495626 rules (77290 with conclusion selected). Queue: 93143 rules.
607000 rules inserted. Base: 495826 rules (77290 with conclusion selected). Queue: 93025 rules.
607200 rules inserted. Base: 496026 rules (77290 with conclusion selected). Queue: 92902 rules.
607400 rules inserted. Base: 496226 rules (77290 with conclusion selected). Queue: 92783 rules.
607600 rules inserted. Base: 496426 rules (77290 with conclusion selected). Queue: 92665 rules.
607800 rules inserted. Base: 496626 rules (77290 with conclusion selected). Queue: 92542 rules.
608000 rules inserted. Base: 496826 rules (77290 with conclusion selected). Queue: 92423 rules.
608200 rules inserted. Base: 497026 rules (77290 with conclusion selected). Queue: 92305 rules.
608400 rules inserted. Base: 497226 rules (77290 with conclusion selected). Queue: 92182 rules.
608600 rules inserted. Base: 497426 rules (77290 with conclusion selected). Queue: 92063 rules.
608800 rules inserted. Base: 497626 rules (77290 with conclusion selected). Queue: 91945 rules.
609000 rules inserted. Base: 497826 rules (77290 with conclusion selected). Queue: 91822 rules.
609200 rules inserted. Base: 498026 rules (77290 with conclusion selected). Queue: 91703 rules.
609400 rules inserted. Base: 498226 rules (77290 with conclusion selected). Queue: 91585 rules.
609600 rules inserted. Base: 498426 rules (77290 with conclusion selected). Queue: 91462 rules.
609800 rules inserted. Base: 498626 rules (77290 with conclusion selected). Queue: 91343 rules.
610000 rules inserted. Base: 498826 rules (77290 with conclusion selected). Queue: 91225 rules.
610200 rules inserted. Base: 499026 rules (77290 with conclusion selected). Queue: 91102 rules.
610400 rules inserted. Base: 499226 rules (77290 with conclusion selected). Queue: 90983 rules.
610600 rules inserted. Base: 499426 rules (77290 with conclusion selected). Queue: 90865 rules.
610800 rules inserted. Base: 499626 rules (77290 with conclusion selected). Queue: 90742 rules.
611000 rules inserted. Base: 499826 rules (77290 with conclusion selected). Queue: 90623 rules.
611200 rules inserted. Base: 500026 rules (77290 with conclusion selected). Queue: 90505 rules.
611400 rules inserted. Base: 500226 rules (77290 with conclusion selected). Queue: 90382 rules.
611600 rules inserted. Base: 500426 rules (77290 with conclusion selected). Queue: 90263 rules.
611800 rules inserted. Base: 500626 rules (77290 with conclusion selected). Queue: 90145 rules.
612000 rules inserted. Base: 500826 rules (77290 with conclusion selected). Queue: 90022 rules.
612200 rules inserted. Base: 501026 rules (77290 with conclusion selected). Queue: 89903 rules.
612400 rules inserted. Base: 501226 rules (77290 with conclusion selected). Queue: 89785 rules.
612600 rules inserted. Base: 501426 rules (77290 with conclusion selected). Queue: 89662 rules.
612800 rules inserted. Base: 501626 rules (77290 with conclusion selected). Queue: 89543 rules.
613000 rules inserted. Base: 501826 rules (77290 with conclusion selected). Queue: 89425 rules.
613200 rules inserted. Base: 502026 rules (77290 with conclusion selected). Queue: 89302 rules.
613400 rules inserted. Base: 502226 rules (77290 with conclusion selected). Queue: 89183 rules.
613600 rules inserted. Base: 502426 rules (77290 with conclusion selected). Queue: 89065 rules.
613800 rules inserted. Base: 502626 rules (77290 with conclusion selected). Queue: 88942 rules.
614000 rules inserted. Base: 502826 rules (77290 with conclusion selected). Queue: 88823 rules.
614200 rules inserted. Base: 503026 rules (77290 with conclusion selected). Queue: 88705 rules.
614400 rules inserted. Base: 503226 rules (77290 with conclusion selected). Queue: 88582 rules.
614600 rules inserted. Base: 503426 rules (77290 with conclusion selected). Queue: 88463 rules.
614800 rules inserted. Base: 503626 rules (77290 with conclusion selected). Queue: 88345 rules.
615000 rules inserted. Base: 503826 rules (77290 with conclusion selected). Queue: 88222 rules.
615200 rules inserted. Base: 504026 rules (77290 with conclusion selected). Queue: 88103 rules.
615400 rules inserted. Base: 504226 rules (77290 with conclusion selected). Queue: 87985 rules.
615600 rules inserted. Base: 504426 rules (77290 with conclusion selected). Queue: 87862 rules.
615800 rules inserted. Base: 504626 rules (77290 with conclusion selected). Queue: 87743 rules.
616000 rules inserted. Base: 504826 rules (77290 with conclusion selected). Queue: 87625 rules.
616200 rules inserted. Base: 505026 rules (77290 with conclusion selected). Queue: 87502 rules.
616400 rules inserted. Base: 505226 rules (77290 with conclusion selected). Queue: 87383 rules.
616600 rules inserted. Base: 505426 rules (77290 with conclusion selected). Queue: 87265 rules.
616800 rules inserted. Base: 505626 rules (77290 with conclusion selected). Queue: 87142 rules.
617000 rules inserted. Base: 505826 rules (77290 with conclusion selected). Queue: 87023 rules.
617200 rules inserted. Base: 506026 rules (77290 with conclusion selected). Queue: 86905 rules.
617400 rules inserted. Base: 506226 rules (77290 with conclusion selected). Queue: 86782 rules.
617600 rules inserted. Base: 506426 rules (77290 with conclusion selected). Queue: 86663 rules.
617800 rules inserted. Base: 506626 rules (77290 with conclusion selected). Queue: 86545 rules.
618000 rules inserted. Base: 506826 rules (77290 with conclusion selected). Queue: 86422 rules.
618200 rules inserted. Base: 507026 rules (77290 with conclusion selected). Queue: 86303 rules.
618400 rules inserted. Base: 507226 rules (77290 with conclusion selected). Queue: 86185 rules.
618600 rules inserted. Base: 507426 rules (77290 with conclusion selected). Queue: 86062 rules.
618800 rules inserted. Base: 507626 rules (77290 with conclusion selected). Queue: 85943 rules.
619000 rules inserted. Base: 507826 rules (77290 with conclusion selected). Queue: 85825 rules.
619200 rules inserted. Base: 508026 rules (77290 with conclusion selected). Queue: 85702 rules.
619400 rules inserted. Base: 508226 rules (77290 with conclusion selected). Queue: 85583 rules.
619600 rules inserted. Base: 508426 rules (77290 with conclusion selected). Queue: 85465 rules.
619800 rules inserted. Base: 508626 rules (77290 with conclusion selected). Queue: 85342 rules.
620000 rules inserted. Base: 508826 rules (77290 with conclusion selected). Queue: 85223 rules.
620200 rules inserted. Base: 509026 rules (77290 with conclusion selected). Queue: 85105 rules.
620400 rules inserted. Base: 509226 rules (77290 with conclusion selected). Queue: 84982 rules.
620600 rules inserted. Base: 509426 rules (77290 with conclusion selected). Queue: 84863 rules.
620800 rules inserted. Base: 509626 rules (77290 with conclusion selected). Queue: 84745 rules.
621000 rules inserted. Base: 509826 rules (77290 with conclusion selected). Queue: 84622 rules.
621200 rules inserted. Base: 510026 rules (77290 with conclusion selected). Queue: 84503 rules.
621400 rules inserted. Base: 510226 rules (77290 with conclusion selected). Queue: 84385 rules.
621600 rules inserted. Base: 510426 rules (77290 with conclusion selected). Queue: 84262 rules.
621800 rules inserted. Base: 510626 rules (77290 with conclusion selected). Queue: 84143 rules.
622000 rules inserted. Base: 510826 rules (77290 with conclusion selected). Queue: 84025 rules.
622200 rules inserted. Base: 511026 rules (77290 with conclusion selected). Queue: 83902 rules.
622400 rules inserted. Base: 511226 rules (77290 with conclusion selected). Queue: 83783 rules.
622600 rules inserted. Base: 511426 rules (77290 with conclusion selected). Queue: 83665 rules.
622800 rules inserted. Base: 511626 rules (77290 with conclusion selected). Queue: 83542 rules.
623000 rules inserted. Base: 511826 rules (77290 with conclusion selected). Queue: 83423 rules.
623200 rules inserted. Base: 512026 rules (77290 with conclusion selected). Queue: 83305 rules.
623400 rules inserted. Base: 512226 rules (77290 with conclusion selected). Queue: 83182 rules.
623600 rules inserted. Base: 512408 rules (77299 with conclusion selected). Queue: 83113 rules.
623800 rules inserted. Base: 512574 rules (77317 with conclusion selected). Queue: 83087 rules.
624000 rules inserted. Base: 512740 rules (77335 with conclusion selected). Queue: 83061 rules.
624200 rules inserted. Base: 512918 rules (77344 with conclusion selected). Queue: 82991 rules.
624400 rules inserted. Base: 513118 rules (77344 with conclusion selected). Queue: 82873 rules.
624600 rules inserted. Base: 513318 rules (77344 with conclusion selected). Queue: 82750 rules.
624800 rules inserted. Base: 513518 rules (77344 with conclusion selected). Queue: 82631 rules.
625000 rules inserted. Base: 513718 rules (77344 with conclusion selected). Queue: 82513 rules.
625200 rules inserted. Base: 513918 rules (77344 with conclusion selected). Queue: 82390 rules.
625400 rules inserted. Base: 514118 rules (77344 with conclusion selected). Queue: 82271 rules.
625600 rules inserted. Base: 514318 rules (77344 with conclusion selected). Queue: 82153 rules.
625800 rules inserted. Base: 514518 rules (77344 with conclusion selected). Queue: 82030 rules.
626000 rules inserted. Base: 514718 rules (77344 with conclusion selected). Queue: 81911 rules.
626200 rules inserted. Base: 514918 rules (77344 with conclusion selected). Queue: 81793 rules.
626400 rules inserted. Base: 515118 rules (77344 with conclusion selected). Queue: 81670 rules.
626600 rules inserted. Base: 515318 rules (77344 with conclusion selected). Queue: 81551 rules.
626800 rules inserted. Base: 515518 rules (77344 with conclusion selected). Queue: 81433 rules.
627000 rules inserted. Base: 515718 rules (77344 with conclusion selected). Queue: 81310 rules.
627200 rules inserted. Base: 515918 rules (77344 with conclusion selected). Queue: 81191 rules.
627400 rules inserted. Base: 516118 rules (77344 with conclusion selected). Queue: 81073 rules.
627600 rules inserted. Base: 516318 rules (77344 with conclusion selected). Queue: 80950 rules.
627800 rules inserted. Base: 516518 rules (77344 with conclusion selected). Queue: 80831 rules.
628000 rules inserted. Base: 516718 rules (77344 with conclusion selected). Queue: 80713 rules.
628200 rules inserted. Base: 516918 rules (77344 with conclusion selected). Queue: 80590 rules.
628400 rules inserted. Base: 517118 rules (77344 with conclusion selected). Queue: 80471 rules.
628600 rules inserted. Base: 517292 rules (77359 with conclusion selected). Queue: 80429 rules.
628800 rules inserted. Base: 517458 rules (77374 with conclusion selected). Queue: 80395 rules.
629000 rules inserted. Base: 517624 rules (77392 with conclusion selected). Queue: 80369 rules.
629200 rules inserted. Base: 517810 rules (77398 with conclusion selected). Queue: 80281 rules.
629400 rules inserted. Base: 518010 rules (77398 with conclusion selected). Queue: 80158 rules.
629600 rules inserted. Base: 518210 rules (77398 with conclusion selected). Queue: 80039 rules.
629800 rules inserted. Base: 518410 rules (77398 with conclusion selected). Queue: 79921 rules.
630000 rules inserted. Base: 518610 rules (77398 with conclusion selected). Queue: 79798 rules.
630200 rules inserted. Base: 518810 rules (77398 with conclusion selected). Queue: 79679 rules.
630400 rules inserted. Base: 519010 rules (77398 with conclusion selected). Queue: 79561 rules.
630600 rules inserted. Base: 519210 rules (77398 with conclusion selected). Queue: 79438 rules.
630800 rules inserted. Base: 519410 rules (77398 with conclusion selected). Queue: 79319 rules.
631000 rules inserted. Base: 519610 rules (77398 with conclusion selected). Queue: 79201 rules.
631200 rules inserted. Base: 519810 rules (77398 with conclusion selected). Queue: 79078 rules.
631400 rules inserted. Base: 520010 rules (77398 with conclusion selected). Queue: 78959 rules.
631600 rules inserted. Base: 520210 rules (77398 with conclusion selected). Queue: 78841 rules.
631800 rules inserted. Base: 520410 rules (77398 with conclusion selected). Queue: 78718 rules.
632000 rules inserted. Base: 520610 rules (77398 with conclusion selected). Queue: 78599 rules.
632200 rules inserted. Base: 520810 rules (77398 with conclusion selected). Queue: 78481 rules.
632400 rules inserted. Base: 521010 rules (77398 with conclusion selected). Queue: 78358 rules.
632600 rules inserted. Base: 521210 rules (77398 with conclusion selected). Queue: 78239 rules.
632800 rules inserted. Base: 521410 rules (77398 with conclusion selected). Queue: 78121 rules.
633000 rules inserted. Base: 521610 rules (77398 with conclusion selected). Queue: 77998 rules.
633200 rules inserted. Base: 521810 rules (77398 with conclusion selected). Queue: 77879 rules.
633400 rules inserted. Base: 522010 rules (77398 with conclusion selected). Queue: 77761 rules.
633600 rules inserted. Base: 522210 rules (77398 with conclusion selected). Queue: 77563 rules.
633800 rules inserted. Base: 522410 rules (77398 with conclusion selected). Queue: 77363 rules.
634000 rules inserted. Base: 522610 rules (77398 with conclusion selected). Queue: 77163 rules.
634200 rules inserted. Base: 522810 rules (77398 with conclusion selected). Queue: 76963 rules.
634400 rules inserted. Base: 523010 rules (77398 with conclusion selected). Queue: 76763 rules.
634600 rules inserted. Base: 523210 rules (77398 with conclusion selected). Queue: 76563 rules.
634800 rules inserted. Base: 523410 rules (77398 with conclusion selected). Queue: 76363 rules.
635000 rules inserted. Base: 523610 rules (77398 with conclusion selected). Queue: 76163 rules.
635200 rules inserted. Base: 523810 rules (77398 with conclusion selected). Queue: 75963 rules.
635400 rules inserted. Base: 524010 rules (77398 with conclusion selected). Queue: 75763 rules.
635600 rules inserted. Base: 524210 rules (77398 with conclusion selected). Queue: 75563 rules.
635800 rules inserted. Base: 524410 rules (77398 with conclusion selected). Queue: 75363 rules.
636000 rules inserted. Base: 524610 rules (77398 with conclusion selected). Queue: 75163 rules.
636200 rules inserted. Base: 524810 rules (77398 with conclusion selected). Queue: 74963 rules.
636400 rules inserted. Base: 525010 rules (77398 with conclusion selected). Queue: 74763 rules.
636600 rules inserted. Base: 525210 rules (77398 with conclusion selected). Queue: 74563 rules.
636800 rules inserted. Base: 525410 rules (77398 with conclusion selected). Queue: 74363 rules.
637000 rules inserted. Base: 525610 rules (77398 with conclusion selected). Queue: 74163 rules.
637200 rules inserted. Base: 525810 rules (77398 with conclusion selected). Queue: 73963 rules.
637400 rules inserted. Base: 526010 rules (77398 with conclusion selected). Queue: 73763 rules.
637600 rules inserted. Base: 526210 rules (77398 with conclusion selected). Queue: 73563 rules.
637800 rules inserted. Base: 526410 rules (77398 with conclusion selected). Queue: 73363 rules.
638000 rules inserted. Base: 526610 rules (77398 with conclusion selected). Queue: 73163 rules.
638200 rules inserted. Base: 526810 rules (77398 with conclusion selected). Queue: 72963 rules.
638400 rules inserted. Base: 527010 rules (77398 with conclusion selected). Queue: 72763 rules.
638600 rules inserted. Base: 527210 rules (77398 with conclusion selected). Queue: 72563 rules.
638800 rules inserted. Base: 527410 rules (77398 with conclusion selected). Queue: 72363 rules.
639000 rules inserted. Base: 527610 rules (77398 with conclusion selected). Queue: 72163 rules.
639200 rules inserted. Base: 527810 rules (77398 with conclusion selected). Queue: 71963 rules.
639400 rules inserted. Base: 528010 rules (77398 with conclusion selected). Queue: 71763 rules.
639600 rules inserted. Base: 528210 rules (77398 with conclusion selected). Queue: 71563 rules.
639800 rules inserted. Base: 528410 rules (77398 with conclusion selected). Queue: 71363 rules.
640000 rules inserted. Base: 528610 rules (77398 with conclusion selected). Queue: 71163 rules.
640200 rules inserted. Base: 528810 rules (77398 with conclusion selected). Queue: 70963 rules.
640400 rules inserted. Base: 529010 rules (77398 with conclusion selected). Queue: 70763 rules.
640600 rules inserted. Base: 529210 rules (77398 with conclusion selected). Queue: 70563 rules.
640800 rules inserted. Base: 529410 rules (77398 with conclusion selected). Queue: 70363 rules.
641000 rules inserted. Base: 529610 rules (77398 with conclusion selected). Queue: 70163 rules.
641200 rules inserted. Base: 529810 rules (77398 with conclusion selected). Queue: 69963 rules.
641400 rules inserted. Base: 530010 rules (77398 with conclusion selected). Queue: 69763 rules.
641600 rules inserted. Base: 530210 rules (77398 with conclusion selected). Queue: 69563 rules.
641800 rules inserted. Base: 530410 rules (77398 with conclusion selected). Queue: 69363 rules.
642000 rules inserted. Base: 530610 rules (77398 with conclusion selected). Queue: 69230 rules.
642200 rules inserted. Base: 530810 rules (77398 with conclusion selected). Queue: 69108 rules.
642400 rules inserted. Base: 531010 rules (77398 with conclusion selected). Queue: 68979 rules.
642600 rules inserted. Base: 531210 rules (77398 with conclusion selected). Queue: 68779 rules.
642800 rules inserted. Base: 531410 rules (77398 with conclusion selected). Queue: 68579 rules.
643000 rules inserted. Base: 531610 rules (77398 with conclusion selected). Queue: 68379 rules.
643200 rules inserted. Base: 531810 rules (77398 with conclusion selected). Queue: 68179 rules.
643400 rules inserted. Base: 532010 rules (77398 with conclusion selected). Queue: 68044 rules.
643600 rules inserted. Base: 532210 rules (77398 with conclusion selected). Queue: 67923 rules.
643800 rules inserted. Base: 532410 rules (77398 with conclusion selected). Queue: 67795 rules.
644000 rules inserted. Base: 532610 rules (77398 with conclusion selected). Queue: 67595 rules.
644200 rules inserted. Base: 532810 rules (77398 with conclusion selected). Queue: 67395 rules.
644400 rules inserted. Base: 533010 rules (77398 with conclusion selected). Queue: 67195 rules.
644600 rules inserted. Base: 533210 rules (77398 with conclusion selected). Queue: 66995 rules.
644800 rules inserted. Base: 533410 rules (77398 with conclusion selected). Queue: 66795 rules.
645000 rules inserted. Base: 533610 rules (77398 with conclusion selected). Queue: 66595 rules.
645200 rules inserted. Base: 533810 rules (77398 with conclusion selected). Queue: 66395 rules.
645400 rules inserted. Base: 534010 rules (77398 with conclusion selected). Queue: 66195 rules.
645600 rules inserted. Base: 534210 rules (77398 with conclusion selected). Queue: 65995 rules.
645800 rules inserted. Base: 534410 rules (77398 with conclusion selected). Queue: 65795 rules.
646000 rules inserted. Base: 534610 rules (77398 with conclusion selected). Queue: 65595 rules.
646200 rules inserted. Base: 534810 rules (77398 with conclusion selected). Queue: 65395 rules.
646400 rules inserted. Base: 535010 rules (77398 with conclusion selected). Queue: 65195 rules.
646600 rules inserted. Base: 535210 rules (77398 with conclusion selected). Queue: 64995 rules.
646800 rules inserted. Base: 535410 rules (77398 with conclusion selected). Queue: 64795 rules.
647000 rules inserted. Base: 535610 rules (77398 with conclusion selected). Queue: 64595 rules.
647200 rules inserted. Base: 535810 rules (77398 with conclusion selected). Queue: 64395 rules.
647400 rules inserted. Base: 536010 rules (77398 with conclusion selected). Queue: 64195 rules.
647600 rules inserted. Base: 536210 rules (77398 with conclusion selected). Queue: 63995 rules.
647800 rules inserted. Base: 536410 rules (77398 with conclusion selected). Queue: 63795 rules.
648000 rules inserted. Base: 536610 rules (77398 with conclusion selected). Queue: 63595 rules.
648200 rules inserted. Base: 536810 rules (77398 with conclusion selected). Queue: 63395 rules.
648400 rules inserted. Base: 537010 rules (77398 with conclusion selected). Queue: 63195 rules.
648600 rules inserted. Base: 537210 rules (77398 with conclusion selected). Queue: 62995 rules.
648800 rules inserted. Base: 537410 rules (77398 with conclusion selected). Queue: 62795 rules.
649000 rules inserted. Base: 537610 rules (77398 with conclusion selected). Queue: 62595 rules.
649200 rules inserted. Base: 537810 rules (77398 with conclusion selected). Queue: 62395 rules.
649400 rules inserted. Base: 538010 rules (77398 with conclusion selected). Queue: 62195 rules.
649600 rules inserted. Base: 538210 rules (77398 with conclusion selected). Queue: 61995 rules.
649800 rules inserted. Base: 538410 rules (77398 with conclusion selected). Queue: 61795 rules.
650000 rules inserted. Base: 538610 rules (77398 with conclusion selected). Queue: 61595 rules.
650200 rules inserted. Base: 538810 rules (77398 with conclusion selected). Queue: 61395 rules.
650400 rules inserted. Base: 539010 rules (77398 with conclusion selected). Queue: 61195 rules.
650600 rules inserted. Base: 539210 rules (77398 with conclusion selected). Queue: 60995 rules.
650800 rules inserted. Base: 539410 rules (77398 with conclusion selected). Queue: 60795 rules.
651000 rules inserted. Base: 539610 rules (77398 with conclusion selected). Queue: 60595 rules.
651200 rules inserted. Base: 539810 rules (77398 with conclusion selected). Queue: 60395 rules.
651400 rules inserted. Base: 540010 rules (77398 with conclusion selected). Queue: 60195 rules.
651600 rules inserted. Base: 540210 rules (77398 with conclusion selected). Queue: 59995 rules.
651800 rules inserted. Base: 540410 rules (77398 with conclusion selected). Queue: 59795 rules.
652000 rules inserted. Base: 540610 rules (77398 with conclusion selected). Queue: 59595 rules.
652200 rules inserted. Base: 540810 rules (77398 with conclusion selected). Queue: 59395 rules.
652400 rules inserted. Base: 541010 rules (77398 with conclusion selected). Queue: 59195 rules.
652600 rules inserted. Base: 541210 rules (77398 with conclusion selected). Queue: 58995 rules.
652800 rules inserted. Base: 541410 rules (77398 with conclusion selected). Queue: 58795 rules.
653000 rules inserted. Base: 541610 rules (77398 with conclusion selected). Queue: 58595 rules.
653200 rules inserted. Base: 541810 rules (77398 with conclusion selected). Queue: 58449 rules.
653400 rules inserted. Base: 542010 rules (77398 with conclusion selected). Queue: 58327 rules.
653600 rules inserted. Base: 542210 rules (77398 with conclusion selected). Queue: 58211 rules.
653800 rules inserted. Base: 542410 rules (77398 with conclusion selected). Queue: 58011 rules.
654000 rules inserted. Base: 542610 rules (77398 with conclusion selected). Queue: 57811 rules.
654200 rules inserted. Base: 542810 rules (77398 with conclusion selected). Queue: 57611 rules.
654400 rules inserted. Base: 543010 rules (77398 with conclusion selected). Queue: 57411 rules.
654600 rules inserted. Base: 543210 rules (77398 with conclusion selected). Queue: 57262 rules.
654800 rules inserted. Base: 543410 rules (77398 with conclusion selected). Queue: 57143 rules.
655000 rules inserted. Base: 543610 rules (77398 with conclusion selected). Queue: 57025 rules.
655200 rules inserted. Base: 543810 rules (77398 with conclusion selected). Queue: 56827 rules.
655400 rules inserted. Base: 544010 rules (77398 with conclusion selected). Queue: 56627 rules.
655600 rules inserted. Base: 544210 rules (77398 with conclusion selected). Queue: 56427 rules.
655800 rules inserted. Base: 544410 rules (77398 with conclusion selected). Queue: 56227 rules.
656000 rules inserted. Base: 544610 rules (77398 with conclusion selected). Queue: 56027 rules.
656200 rules inserted. Base: 544810 rules (77398 with conclusion selected). Queue: 55827 rules.
656400 rules inserted. Base: 545010 rules (77398 with conclusion selected). Queue: 55627 rules.
656600 rules inserted. Base: 545210 rules (77398 with conclusion selected). Queue: 55427 rules.
656800 rules inserted. Base: 545410 rules (77398 with conclusion selected). Queue: 55227 rules.
657000 rules inserted. Base: 545610 rules (77398 with conclusion selected). Queue: 55027 rules.
657200 rules inserted. Base: 545810 rules (77398 with conclusion selected). Queue: 54827 rules.
657400 rules inserted. Base: 546010 rules (77398 with conclusion selected). Queue: 54627 rules.
657600 rules inserted. Base: 546210 rules (77398 with conclusion selected). Queue: 54427 rules.
657800 rules inserted. Base: 546410 rules (77398 with conclusion selected). Queue: 54227 rules.
658000 rules inserted. Base: 546610 rules (77398 with conclusion selected). Queue: 54027 rules.
658200 rules inserted. Base: 546810 rules (77398 with conclusion selected). Queue: 53827 rules.
658400 rules inserted. Base: 547010 rules (77398 with conclusion selected). Queue: 53627 rules.
658600 rules inserted. Base: 547210 rules (77398 with conclusion selected). Queue: 53427 rules.
658800 rules inserted. Base: 547410 rules (77398 with conclusion selected). Queue: 53227 rules.
659000 rules inserted. Base: 547610 rules (77398 with conclusion selected). Queue: 53027 rules.
659200 rules inserted. Base: 547810 rules (77398 with conclusion selected). Queue: 52827 rules.
659400 rules inserted. Base: 548010 rules (77398 with conclusion selected). Queue: 52627 rules.
659600 rules inserted. Base: 548210 rules (77398 with conclusion selected). Queue: 52427 rules.
659800 rules inserted. Base: 548410 rules (77398 with conclusion selected). Queue: 52227 rules.
660000 rules inserted. Base: 548610 rules (77398 with conclusion selected). Queue: 52027 rules.
660200 rules inserted. Base: 548810 rules (77398 with conclusion selected). Queue: 51827 rules.
660400 rules inserted. Base: 549010 rules (77398 with conclusion selected). Queue: 51627 rules.
660600 rules inserted. Base: 549210 rules (77398 with conclusion selected). Queue: 51427 rules.
660800 rules inserted. Base: 549410 rules (77398 with conclusion selected). Queue: 51227 rules.
661000 rules inserted. Base: 549610 rules (77398 with conclusion selected). Queue: 51027 rules.
661200 rules inserted. Base: 549810 rules (77398 with conclusion selected). Queue: 50827 rules.
661400 rules inserted. Base: 550010 rules (77398 with conclusion selected). Queue: 50627 rules.
661600 rules inserted. Base: 550210 rules (77398 with conclusion selected). Queue: 50427 rules.
661800 rules inserted. Base: 550410 rules (77398 with conclusion selected). Queue: 50227 rules.
662000 rules inserted. Base: 550610 rules (77398 with conclusion selected). Queue: 50027 rules.
662200 rules inserted. Base: 550810 rules (77398 with conclusion selected). Queue: 49827 rules.
662400 rules inserted. Base: 551010 rules (77398 with conclusion selected). Queue: 49627 rules.
662600 rules inserted. Base: 551210 rules (77398 with conclusion selected). Queue: 49427 rules.
662800 rules inserted. Base: 551410 rules (77398 with conclusion selected). Queue: 49227 rules.
663000 rules inserted. Base: 551610 rules (77398 with conclusion selected). Queue: 49027 rules.
663200 rules inserted. Base: 551810 rules (77398 with conclusion selected). Queue: 48827 rules.
663400 rules inserted. Base: 552010 rules (77398 with conclusion selected). Queue: 48627 rules.
663600 rules inserted. Base: 552210 rules (77398 with conclusion selected). Queue: 48427 rules.
663800 rules inserted. Base: 552410 rules (77398 with conclusion selected). Queue: 48227 rules.
664000 rules inserted. Base: 552610 rules (77398 with conclusion selected). Queue: 48027 rules.
664200 rules inserted. Base: 552810 rules (77398 with conclusion selected). Queue: 47827 rules.
664400 rules inserted. Base: 553010 rules (77398 with conclusion selected). Queue: 47668 rules.
664600 rules inserted. Base: 553210 rules (77398 with conclusion selected). Queue: 47547 rules.
664800 rules inserted. Base: 553410 rules (77398 with conclusion selected). Queue: 47430 rules.
665000 rules inserted. Base: 553610 rules (77398 with conclusion selected). Queue: 47243 rules.
665200 rules inserted. Base: 553810 rules (77398 with conclusion selected). Queue: 47043 rules.
665400 rules inserted. Base: 554010 rules (77398 with conclusion selected). Queue: 46843 rules.
665600 rules inserted. Base: 554210 rules (77398 with conclusion selected). Queue: 46643 rules.
665800 rules inserted. Base: 554410 rules (77398 with conclusion selected). Queue: 46481 rules.
666000 rules inserted. Base: 554610 rules (77398 with conclusion selected). Queue: 46363 rules.
666200 rules inserted. Base: 554810 rules (77398 with conclusion selected). Queue: 46244 rules.
666400 rules inserted. Base: 555010 rules (77398 with conclusion selected). Queue: 46059 rules.
666600 rules inserted. Base: 555210 rules (77398 with conclusion selected). Queue: 45859 rules.
666800 rules inserted. Base: 555410 rules (77398 with conclusion selected). Queue: 45659 rules.
667000 rules inserted. Base: 555610 rules (77398 with conclusion selected). Queue: 45459 rules.
667200 rules inserted. Base: 555810 rules (77398 with conclusion selected). Queue: 45259 rules.
667400 rules inserted. Base: 556010 rules (77398 with conclusion selected). Queue: 45059 rules.
667600 rules inserted. Base: 556210 rules (77398 with conclusion selected). Queue: 44859 rules.
667800 rules inserted. Base: 556410 rules (77398 with conclusion selected). Queue: 44659 rules.
668000 rules inserted. Base: 556610 rules (77398 with conclusion selected). Queue: 44459 rules.
668200 rules inserted. Base: 556810 rules (77398 with conclusion selected). Queue: 44259 rules.
668400 rules inserted. Base: 557010 rules (77398 with conclusion selected). Queue: 44059 rules.
668600 rules inserted. Base: 557210 rules (77398 with conclusion selected). Queue: 43859 rules.
668800 rules inserted. Base: 557410 rules (77398 with conclusion selected). Queue: 43659 rules.
669000 rules inserted. Base: 557610 rules (77398 with conclusion selected). Queue: 43459 rules.
669200 rules inserted. Base: 557810 rules (77398 with conclusion selected). Queue: 43259 rules.
669400 rules inserted. Base: 558010 rules (77398 with conclusion selected). Queue: 43059 rules.
669600 rules inserted. Base: 558210 rules (77398 with conclusion selected). Queue: 42859 rules.
669800 rules inserted. Base: 558410 rules (77398 with conclusion selected). Queue: 42659 rules.
670000 rules inserted. Base: 558610 rules (77398 with conclusion selected). Queue: 42459 rules.
670200 rules inserted. Base: 558810 rules (77398 with conclusion selected). Queue: 42259 rules.
670400 rules inserted. Base: 559010 rules (77398 with conclusion selected). Queue: 42059 rules.
670600 rules inserted. Base: 559210 rules (77398 with conclusion selected). Queue: 41859 rules.
670800 rules inserted. Base: 559410 rules (77398 with conclusion selected). Queue: 41659 rules.
671000 rules inserted. Base: 559610 rules (77398 with conclusion selected). Queue: 41459 rules.
671200 rules inserted. Base: 559810 rules (77398 with conclusion selected). Queue: 41259 rules.
671400 rules inserted. Base: 560010 rules (77398 with conclusion selected). Queue: 41059 rules.
671600 rules inserted. Base: 560210 rules (77398 with conclusion selected). Queue: 40859 rules.
671800 rules inserted. Base: 560410 rules (77398 with conclusion selected). Queue: 40659 rules.
672000 rules inserted. Base: 560610 rules (77398 with conclusion selected). Queue: 40459 rules.
672200 rules inserted. Base: 560810 rules (77398 with conclusion selected). Queue: 40259 rules.
672400 rules inserted. Base: 561010 rules (77398 with conclusion selected). Queue: 40059 rules.
672600 rules inserted. Base: 561210 rules (77398 with conclusion selected). Queue: 39859 rules.
672800 rules inserted. Base: 561410 rules (77398 with conclusion selected). Queue: 39659 rules.
673000 rules inserted. Base: 561610 rules (77398 with conclusion selected). Queue: 39459 rules.
673200 rules inserted. Base: 561810 rules (77398 with conclusion selected). Queue: 39259 rules.
673400 rules inserted. Base: 562010 rules (77398 with conclusion selected). Queue: 39059 rules.
673600 rules inserted. Base: 562210 rules (77398 with conclusion selected). Queue: 38859 rules.
673800 rules inserted. Base: 562410 rules (77398 with conclusion selected). Queue: 38659 rules.
674000 rules inserted. Base: 562610 rules (77398 with conclusion selected). Queue: 38459 rules.
674200 rules inserted. Base: 562810 rules (77398 with conclusion selected). Queue: 38259 rules.
674400 rules inserted. Base: 563010 rules (77398 with conclusion selected). Queue: 38059 rules.
674600 rules inserted. Base: 563210 rules (77398 with conclusion selected). Queue: 37859 rules.
674800 rules inserted. Base: 563410 rules (77398 with conclusion selected). Queue: 37659 rules.
675000 rules inserted. Base: 563610 rules (77398 with conclusion selected). Queue: 37459 rules.
675200 rules inserted. Base: 563810 rules (77398 with conclusion selected). Queue: 37259 rules.
675400 rules inserted. Base: 564010 rules (77398 with conclusion selected). Queue: 37059 rules.
675600 rules inserted. Base: 564210 rules (77398 with conclusion selected). Queue: 36859 rules.
675800 rules inserted. Base: 564410 rules (77398 with conclusion selected). Queue: 36659 rules.
676000 rules inserted. Base: 564610 rules (77398 with conclusion selected). Queue: 36459 rules.
676200 rules inserted. Base: 564810 rules (77398 with conclusion selected). Queue: 36259 rules.
676400 rules inserted. Base: 565010 rules (77398 with conclusion selected). Queue: 36059 rules.
676600 rules inserted. Base: 565210 rules (77398 with conclusion selected). Queue: 35859 rules.
676800 rules inserted. Base: 565410 rules (77398 with conclusion selected). Queue: 35659 rules.
677000 rules inserted. Base: 565610 rules (77398 with conclusion selected). Queue: 35459 rules.
677200 rules inserted. Base: 565810 rules (77398 with conclusion selected). Queue: 35259 rules.
677400 rules inserted. Base: 566010 rules (77398 with conclusion selected). Queue: 35118 rules.
677600 rules inserted. Base: 566210 rules (77398 with conclusion selected). Queue: 34996 rules.
677800 rules inserted. Base: 566410 rules (77398 with conclusion selected). Queue: 34875 rules.
678000 rules inserted. Base: 566610 rules (77398 with conclusion selected). Queue: 34675 rules.
678200 rules inserted. Base: 566810 rules (77398 with conclusion selected). Queue: 34475 rules.
678400 rules inserted. Base: 567010 rules (77398 with conclusion selected). Queue: 34275 rules.
678600 rules inserted. Base: 567210 rules (77398 with conclusion selected). Queue: 34075 rules.
678800 rules inserted. Base: 567410 rules (77398 with conclusion selected). Queue: 33875 rules.
679000 rules inserted. Base: 567610 rules (77398 with conclusion selected). Queue: 33675 rules.
679200 rules inserted. Base: 567810 rules (77398 with conclusion selected). Queue: 33475 rules.
679400 rules inserted. Base: 568010 rules (77398 with conclusion selected). Queue: 33275 rules.
679600 rules inserted. Base: 568210 rules (77398 with conclusion selected). Queue: 33105 rules.
679800 rules inserted. Base: 568410 rules (77398 with conclusion selected). Queue: 32983 rules.
680000 rules inserted. Base: 568610 rules (77398 with conclusion selected). Queue: 32867 rules.
680200 rules inserted. Base: 568810 rules (77398 with conclusion selected). Queue: 32691 rules.
680400 rules inserted. Base: 569010 rules (77398 with conclusion selected). Queue: 32491 rules.
680600 rules inserted. Base: 569210 rules (77398 with conclusion selected). Queue: 32291 rules.
680800 rules inserted. Base: 569410 rules (77398 with conclusion selected). Queue: 32091 rules.
681000 rules inserted. Base: 569610 rules (77398 with conclusion selected). Queue: 31891 rules.
681200 rules inserted. Base: 569810 rules (77398 with conclusion selected). Queue: 31691 rules.
681400 rules inserted. Base: 570010 rules (77398 with conclusion selected). Queue: 31491 rules.
681600 rules inserted. Base: 570210 rules (77398 with conclusion selected). Queue: 31291 rules.
681800 rules inserted. Base: 570410 rules (77398 with conclusion selected). Queue: 31091 rules.
682000 rules inserted. Base: 570610 rules (77398 with conclusion selected). Queue: 30891 rules.
682200 rules inserted. Base: 570810 rules (77398 with conclusion selected). Queue: 30691 rules.
682400 rules inserted. Base: 571010 rules (77398 with conclusion selected). Queue: 30491 rules.
682600 rules inserted. Base: 571210 rules (77398 with conclusion selected). Queue: 30291 rules.
682800 rules inserted. Base: 571410 rules (77398 with conclusion selected). Queue: 30091 rules.
683000 rules inserted. Base: 571610 rules (77398 with conclusion selected). Queue: 29891 rules.
683200 rules inserted. Base: 571810 rules (77398 with conclusion selected). Queue: 29691 rules.
683400 rules inserted. Base: 572010 rules (77398 with conclusion selected). Queue: 29491 rules.
683600 rules inserted. Base: 572210 rules (77398 with conclusion selected). Queue: 29291 rules.
683800 rules inserted. Base: 572410 rules (77398 with conclusion selected). Queue: 29091 rules.
684000 rules inserted. Base: 572610 rules (77398 with conclusion selected). Queue: 28891 rules.
684200 rules inserted. Base: 572810 rules (77398 with conclusion selected). Queue: 28691 rules.
684400 rules inserted. Base: 573010 rules (77398 with conclusion selected). Queue: 28491 rules.
684600 rules inserted. Base: 573210 rules (77398 with conclusion selected). Queue: 28291 rules.
684800 rules inserted. Base: 573410 rules (77398 with conclusion selected). Queue: 28091 rules.
685000 rules inserted. Base: 573610 rules (77398 with conclusion selected). Queue: 27891 rules.
685200 rules inserted. Base: 573810 rules (77398 with conclusion selected). Queue: 27691 rules.
685400 rules inserted. Base: 574010 rules (77398 with conclusion selected). Queue: 27491 rules.
685600 rules inserted. Base: 574210 rules (77398 with conclusion selected). Queue: 27291 rules.
685800 rules inserted. Base: 574410 rules (77398 with conclusion selected). Queue: 27091 rules.
686000 rules inserted. Base: 574610 rules (77398 with conclusion selected). Queue: 26891 rules.
686200 rules inserted. Base: 574810 rules (77398 with conclusion selected). Queue: 26691 rules.
686400 rules inserted. Base: 575010 rules (77398 with conclusion selected). Queue: 26491 rules.
686600 rules inserted. Base: 575210 rules (77398 with conclusion selected). Queue: 26291 rules.
686800 rules inserted. Base: 575410 rules (77398 with conclusion selected). Queue: 26091 rules.
687000 rules inserted. Base: 575610 rules (77398 with conclusion selected). Queue: 25891 rules.
687200 rules inserted. Base: 575810 rules (77398 with conclusion selected). Queue: 25691 rules.
687400 rules inserted. Base: 576010 rules (77398 with conclusion selected). Queue: 25491 rules.
687600 rules inserted. Base: 576210 rules (77398 with conclusion selected). Queue: 25291 rules.
687800 rules inserted. Base: 576410 rules (77398 with conclusion selected). Queue: 25091 rules.
688000 rules inserted. Base: 576610 rules (77398 with conclusion selected). Queue: 24891 rules.
688200 rules inserted. Base: 576810 rules (77398 with conclusion selected). Queue: 24691 rules.
688400 rules inserted. Base: 577010 rules (77398 with conclusion selected). Queue: 24491 rules.
688600 rules inserted. Base: 577210 rules (77398 with conclusion selected). Queue: 24291 rules.
688800 rules inserted. Base: 577410 rules (77398 with conclusion selected). Queue: 24091 rules.
689000 rules inserted. Base: 577610 rules (77398 with conclusion selected). Queue: 23891 rules.
689200 rules inserted. Base: 577810 rules (77398 with conclusion selected). Queue: 23691 rules.
689400 rules inserted. Base: 578010 rules (77398 with conclusion selected). Queue: 23491 rules.
689600 rules inserted. Base: 578210 rules (77398 with conclusion selected). Queue: 23291 rules.
689800 rules inserted. Base: 578410 rules (77398 with conclusion selected). Queue: 23091 rules.
690000 rules inserted. Base: 578610 rules (77398 with conclusion selected). Queue: 22891 rules.
690200 rules inserted. Base: 578810 rules (77398 with conclusion selected). Queue: 22691 rules.
690400 rules inserted. Base: 579010 rules (77398 with conclusion selected). Queue: 22491 rules.
690600 rules inserted. Base: 579210 rules (77398 with conclusion selected). Queue: 22291 rules.
690800 rules inserted. Base: 579410 rules (77398 with conclusion selected). Queue: 22091 rules.
691000 rules inserted. Base: 579610 rules (77398 with conclusion selected). Queue: 21891 rules.
691200 rules inserted. Base: 579810 rules (77398 with conclusion selected). Queue: 21691 rules.
691400 rules inserted. Base: 580010 rules (77398 with conclusion selected). Queue: 21491 rules.
691600 rules inserted. Base: 580210 rules (77398 with conclusion selected). Queue: 21291 rules.
691800 rules inserted. Base: 580410 rules (77398 with conclusion selected). Queue: 21091 rules.
692000 rules inserted. Base: 580610 rules (77398 with conclusion selected). Queue: 20915 rules.
692200 rules inserted. Base: 580810 rules (77398 with conclusion selected). Queue: 20793 rules.
692400 rules inserted. Base: 581010 rules (77398 with conclusion selected). Queue: 20671 rules.
692600 rules inserted. Base: 581210 rules (77398 with conclusion selected). Queue: 20507 rules.
692800 rules inserted. Base: 581410 rules (77398 with conclusion selected). Queue: 20307 rules.
693000 rules inserted. Base: 581610 rules (77398 with conclusion selected). Queue: 20107 rules.
693200 rules inserted. Base: 581810 rules (77398 with conclusion selected). Queue: 19907 rules.
693400 rules inserted. Base: 582010 rules (77398 with conclusion selected). Queue: 19707 rules.
693600 rules inserted. Base: 582210 rules (77398 with conclusion selected). Queue: 19507 rules.
693800 rules inserted. Base: 582410 rules (77398 with conclusion selected). Queue: 19307 rules.
694000 rules inserted. Base: 582610 rules (77398 with conclusion selected). Queue: 19107 rules.
694200 rules inserted. Base: 582810 rules (77398 with conclusion selected). Queue: 18907 rules.
694400 rules inserted. Base: 583010 rules (77398 with conclusion selected). Queue: 18780 rules.
694600 rules inserted. Base: 583210 rules (77398 with conclusion selected). Queue: 18663 rules.
694800 rules inserted. Base: 583410 rules (77398 with conclusion selected). Queue: 18523 rules.
695000 rules inserted. Base: 583610 rules (77398 with conclusion selected). Queue: 18323 rules.
695200 rules inserted. Base: 583810 rules (77398 with conclusion selected). Queue: 18123 rules.
695400 rules inserted. Base: 584010 rules (77398 with conclusion selected). Queue: 17923 rules.
695600 rules inserted. Base: 584210 rules (77398 with conclusion selected). Queue: 17723 rules.
695800 rules inserted. Base: 584410 rules (77398 with conclusion selected). Queue: 17523 rules.
696000 rules inserted. Base: 584610 rules (77398 with conclusion selected). Queue: 17323 rules.
696200 rules inserted. Base: 584810 rules (77398 with conclusion selected). Queue: 17123 rules.
696400 rules inserted. Base: 585010 rules (77398 with conclusion selected). Queue: 16923 rules.
696600 rules inserted. Base: 585210 rules (77398 with conclusion selected). Queue: 16723 rules.
696800 rules inserted. Base: 585410 rules (77398 with conclusion selected). Queue: 16523 rules.
697000 rules inserted. Base: 585610 rules (77398 with conclusion selected). Queue: 16323 rules.
697200 rules inserted. Base: 585810 rules (77398 with conclusion selected). Queue: 16123 rules.
697400 rules inserted. Base: 586010 rules (77398 with conclusion selected). Queue: 15923 rules.
697600 rules inserted. Base: 586210 rules (77398 with conclusion selected). Queue: 15723 rules.
697800 rules inserted. Base: 586410 rules (77398 with conclusion selected). Queue: 15523 rules.
698000 rules inserted. Base: 586610 rules (77398 with conclusion selected). Queue: 15323 rules.
698200 rules inserted. Base: 586810 rules (77398 with conclusion selected). Queue: 15123 rules.
698400 rules inserted. Base: 587010 rules (77398 with conclusion selected). Queue: 14923 rules.
698600 rules inserted. Base: 587210 rules (77398 with conclusion selected). Queue: 14723 rules.
698800 rules inserted. Base: 587410 rules (77398 with conclusion selected). Queue: 14523 rules.
699000 rules inserted. Base: 587610 rules (77398 with conclusion selected). Queue: 14323 rules.
699200 rules inserted. Base: 587810 rules (77398 with conclusion selected). Queue: 14123 rules.
699400 rules inserted. Base: 588010 rules (77398 with conclusion selected). Queue: 13923 rules.
699600 rules inserted. Base: 588210 rules (77398 with conclusion selected). Queue: 13723 rules.
699800 rules inserted. Base: 588410 rules (77398 with conclusion selected). Queue: 13523 rules.
700000 rules inserted. Base: 588610 rules (77398 with conclusion selected). Queue: 13323 rules.
700200 rules inserted. Base: 588810 rules (77398 with conclusion selected). Queue: 13123 rules.
700400 rules inserted. Base: 589010 rules (77398 with conclusion selected). Queue: 12923 rules.
700600 rules inserted. Base: 589210 rules (77398 with conclusion selected). Queue: 12723 rules.
700800 rules inserted. Base: 589410 rules (77398 with conclusion selected). Queue: 12523 rules.
701000 rules inserted. Base: 589610 rules (77398 with conclusion selected). Queue: 12323 rules.
701200 rules inserted. Base: 589810 rules (77398 with conclusion selected). Queue: 12123 rules.
701400 rules inserted. Base: 590010 rules (77398 with conclusion selected). Queue: 11923 rules.
701600 rules inserted. Base: 590210 rules (77398 with conclusion selected). Queue: 11723 rules.
701800 rules inserted. Base: 590410 rules (77398 with conclusion selected). Queue: 11523 rules.
702000 rules inserted. Base: 590610 rules (77398 with conclusion selected). Queue: 11323 rules.
702200 rules inserted. Base: 590810 rules (77398 with conclusion selected). Queue: 11123 rules.
702400 rules inserted. Base: 591010 rules (77398 with conclusion selected). Queue: 10923 rules.
702600 rules inserted. Base: 591210 rules (77398 with conclusion selected). Queue: 10723 rules.
702800 rules inserted. Base: 591410 rules (77398 with conclusion selected). Queue: 10523 rules.
703000 rules inserted. Base: 591610 rules (77398 with conclusion selected). Queue: 10323 rules.
703200 rules inserted. Base: 591810 rules (77398 with conclusion selected). Queue: 10123 rules.
703400 rules inserted. Base: 592010 rules (77398 with conclusion selected). Queue: 9923 rules.
703600 rules inserted. Base: 592210 rules (77398 with conclusion selected). Queue: 9723 rules.
703800 rules inserted. Base: 592410 rules (77398 with conclusion selected). Queue: 9523 rules.
704000 rules inserted. Base: 592610 rules (77398 with conclusion selected). Queue: 9323 rules.
704200 rules inserted. Base: 592810 rules (77398 with conclusion selected). Queue: 9123 rules.
704400 rules inserted. Base: 593010 rules (77398 with conclusion selected). Queue: 8923 rules.
704600 rules inserted. Base: 593210 rules (77398 with conclusion selected). Queue: 8723 rules.
704800 rules inserted. Base: 593410 rules (77398 with conclusion selected). Queue: 8523 rules.
705000 rules inserted. Base: 593610 rules (77398 with conclusion selected). Queue: 8323 rules.
705200 rules inserted. Base: 593810 rules (77398 with conclusion selected). Queue: 8123 rules.
705400 rules inserted. Base: 594010 rules (77398 with conclusion selected). Queue: 7923 rules.
705600 rules inserted. Base: 594210 rules (77398 with conclusion selected). Queue: 7723 rules.
705800 rules inserted. Base: 594410 rules (77398 with conclusion selected). Queue: 7523 rules.
706000 rules inserted. Base: 594610 rules (77398 with conclusion selected). Queue: 7323 rules.
706200 rules inserted. Base: 594810 rules (77398 with conclusion selected). Queue: 7123 rules.
706400 rules inserted. Base: 595010 rules (77398 with conclusion selected). Queue: 6923 rules.
706600 rules inserted. Base: 595210 rules (77398 with conclusion selected). Queue: 6723 rules.
706800 rules inserted. Base: 595410 rules (77398 with conclusion selected). Queue: 6590 rules.
707000 rules inserted. Base: 595610 rules (77398 with conclusion selected). Queue: 6468 rules.
707200 rules inserted. Base: 595810 rules (77398 with conclusion selected). Queue: 6339 rules.
707400 rules inserted. Base: 596010 rules (77398 with conclusion selected). Queue: 6139 rules.
707600 rules inserted. Base: 596210 rules (77398 with conclusion selected). Queue: 5939 rules.
707800 rules inserted. Base: 596410 rules (77398 with conclusion selected). Queue: 5739 rules.
708000 rules inserted. Base: 596610 rules (77398 with conclusion selected). Queue: 5539 rules.
708200 rules inserted. Base: 596810 rules (77398 with conclusion selected). Queue: 5339 rules.
708400 rules inserted. Base: 597010 rules (77398 with conclusion selected). Queue: 5139 rules.
708600 rules inserted. Base: 597210 rules (77398 with conclusion selected). Queue: 4939 rules.
708800 rules inserted. Base: 597410 rules (77398 with conclusion selected). Queue: 4739 rules.
709000 rules inserted. Base: 597610 rules (77398 with conclusion selected). Queue: 4577 rules.
709200 rules inserted. Base: 597810 rules (77398 with conclusion selected). Queue: 4459 rules.
709400 rules inserted. Base: 598010 rules (77398 with conclusion selected). Queue: 4340 rules.
709600 rules inserted. Base: 598210 rules (77398 with conclusion selected). Queue: 4155 rules.
709800 rules inserted. Base: 598410 rules (77398 with conclusion selected). Queue: 3955 rules.
710000 rules inserted. Base: 598610 rules (77398 with conclusion selected). Queue: 3755 rules.
710200 rules inserted. Base: 598810 rules (77398 with conclusion selected). Queue: 3555 rules.
710400 rules inserted. Base: 599010 rules (77398 with conclusion selected). Queue: 3355 rules.
710600 rules inserted. Base: 599210 rules (77398 with conclusion selected). Queue: 3155 rules.
710800 rules inserted. Base: 599410 rules (77398 with conclusion selected). Queue: 2955 rules.
711000 rules inserted. Base: 599610 rules (77398 with conclusion selected). Queue: 2755 rules.
711200 rules inserted. Base: 599810 rules (77398 with conclusion selected). Queue: 2555 rules.
711400 rules inserted. Base: 600010 rules (77398 with conclusion selected). Queue: 2355 rules.
711600 rules inserted. Base: 600210 rules (77398 with conclusion selected). Queue: 2155 rules.
711800 rules inserted. Base: 600410 rules (77398 with conclusion selected). Queue: 1955 rules.
712000 rules inserted. Base: 600610 rules (77398 with conclusion selected). Queue: 1755 rules.
712200 rules inserted. Base: 600810 rules (77398 with conclusion selected). Queue: 1555 rules.
712400 rules inserted. Base: 601010 rules (77398 with conclusion selected). Queue: 1355 rules.
712600 rules inserted. Base: 601210 rules (77398 with conclusion selected). Queue: 1155 rules.
712800 rules inserted. Base: 601410 rules (77398 with conclusion selected). Queue: 955 rules.
713000 rules inserted. Base: 601610 rules (77398 with conclusion selected). Queue: 755 rules.
713200 rules inserted. Base: 601810 rules (77398 with conclusion selected). Queue: 555 rules.
713400 rules inserted. Base: 602010 rules (77398 with conclusion selected). Queue: 355 rules.
713600 rules inserted. Base: 602210 rules (77398 with conclusion selected). Queue: 155 rules.
RESULT Observational equivalence is true.

--------------------------------------------------------------
Verification summary:

Observational equivalence is true.

--------------------------------------------------------------


[anonymous2@nixos:~/Documents/star-proverif]$
